,기업명,매출액(백만원),순이익(백만원),구주매출,희망공모가(최저),희망공모가(최고),청약경쟁률(:1),확정공모가(원),경쟁률(:1),의무보유확약(:1),시초/공모%(수익률),공모가(원),시초가(원),상장일
0,에이치피에스피,61174.0,17658.0,1.0,23000.0,25000.0,1159.05,25000,1511.36,42.54,100.0,25000,50000,20220715
1,영창케미칼,60760.0,2506.0,0.83,15000.0,18600.0,682.13,18600,1616.27,5.92,-1.08,18600,18400,20220714
2,넥스트칩,10383.0,-13496.0,1.0,9900.0,11600.0,1727.38,13000,1623.41,11.58,31.92,13000,17150,20220701
3,위니아에이드,418527.0,24895.0,1.0,14200.0,16200.0,111.26,16200,955.0,1.39,-9.88,16200,14600,20220623
4,레이저쎌,3879.0,-7665.0,1.0,12000.0,14000.0,1845.11,16000,1442.95,12.43,28.75,16000,20600,20220624
5,범한퓨얼셀,31900.0,3457.0,1.0,32200.0,40000.0,710.37,40000,751.39,10.75,2.5,40000,41000,20220617
6,비플라이소프트,24386.0,-3424.0,0.9,16500.0,19000.0,26.86,10000,111.05,0.76,5.0,10000,10500,20220620
7,청담글로벌,70387.0,849.0,0.92,8400.0,9600.0,42.1,6000,24.79,16.47,8.33,6000,6500,20220603
8,가온칩스,17098.0,1852.0,1.0,11000.0,13000.0,2183.29,14000,1847.12,14.7,72.5,14000,24150,20220520
9,대명에너지,159386.0,8132.0,0.8,15000.0,18000.0,151.58,15000,254.74,1.18,3.0,15000,15450,20220516
10,포바이포,13993.0,1354.0,0.89,11000.0,14000.0,3763.37,17000,1846.32,55.52,100.0,17000,34000,20220428
11,지투파워,29135.0,2162.0,0.83,13500.0,16400.0,2029.37,16400,1729.63,11.16,100.0,16400,32800,20220401
12,세아메카닉스,82695.0,4254.0,0.67,3500.0,4000.0,2475.87,4400,1812.83,6.73,100.0,4400,8800,20220324
13,공구우먼,32683.0,4346.0,1.0,26000.0,31000.0,7.53,20000,56.9,2.65,8.0,20000,21600,20220323
14,유일로보틱스,27952.0,2505.0,1.0,7600.0,9200.0,2535.3,10000,1756.45,15.92,100.0,10000,20000,20220318
15,모아데이타,13785.0,2093.0,1.0,24000.0,28000.0,23.39,20000,114.19,0.87,-10.0,20000,18000,20220310
16,비씨엔씨,47343.0,2011.0,1.0,9000.0,11500.0,2686.22,13000,1831.23,22.84,100.0,13000,26000,20220303
17,브이씨,35364.0,4513.0,1.0,15000.0,19500.0,46.41,15000,190.59,19.93,16.0,15000,17400,20220224
18,풍정밀,37117.0,592.0,1.0,13200.0,15200.0,2235.98,15200,1556.53,11.0,32.89,15200,20200,20220228
19,퓨런티어,15082.0,-2180.0,1.0,11400.0,13700.0,2683.0,15000,1535.42,11.08,100.0,15000,30000,20220223
20,바이오에프디엔씨,8640.0,2461.0,1.0,23000.0,29000.0,4.74,28000,74.01,11.8,-10.0,28000,25200,20220221
21,인카금융서비스,301025.0,11288.0,0.68,23000.0,27000.0,25.29,18000,13.69,4.19,-4.17,18000,17250,20220216
22,나래나노텍,82805.0,2273.0,0.77,17500.0,20500.0,24.36,17500,102.0,0.97,-10.0,17500,15750,20220208
23,아셈스,34049.0,1052.0,1.0,7000.0,8000.0,2435.07,8000,1618.26,7.71,100.0,8000,16000,20220207
24,스코넥,4558.0,-8971.0,1.0,9000.0,12000.0,1751.25,13000,1724.66,59.95,100.0,13000,26000,20220204
25,이지트로닉스,15349.0,3552.0,1.0,19000.0,22000.0,887.4,22000,1343.51,2.94,6.59,22000,23450,20220204
26,케이옥션,24192.0,-2088.0,0.8,17000.0,20000.0,1408.33,20000,1638.36,36.8,100.0,20000,40000,20220124
27,오토앤,49437.0,3444.0,1.0,4200.0,4800.0,2395.63,5300,1713.0,8.34,66.04,5300,8800,20220120
28,래몽래인,34650.0,3153.0,1.0,11500.0,13000.0,2054.63,15000,1545.68,17.75,73.33,15000,26000,20211230
29,케이티비네트워크,66974.0,35765.0,1.0,5800.0,7200.0,327.26,5800,50.19,6.94,3.97,5800,6030,20211216
30,툴젠,713.0,-14882.0,1.0,100000.0,120000.0,164.13,70000,29.54,0.1,17.57,70000,82300,20211210
31,마인즈랩,11292.0,-20386.0,1.0,26000.0,30000.0,89.9,30000,197.55,19.74,-1.17,30000,29650,20211123
32,알비더블유,37277.0,3719.0,0.62,18700.0,21400.0,3706.79,21400,1719.61,15.98,100.0,21400,42800,20211122
33,바이옵트로,16115.0,2235.0,1.0,7500.0,8500.0,68.11,7500,205.12,0.98,-2.67,7500,7300,20211118
34,트윔,18260.0,2916.0,1.0,17800.0,20400.0,2266.84,22000,1627.34,9.2,100.0,22000,44000,20211117
35,지오엘리먼트,13180.0,2457.0,1.0,7600.0,8700.0,1537.44,10000,1613.84,15.23,100.0,10000,20000,20211111
36,비트나인,11576.0,-10226.0,1.0,8700.0,9700.0,589.64,11000,1662.29,5.96,38.64,11000,15250,20211110
37,디어유,13048.0,-2250.0,1.0,18000.0,24000.0,1598.15,26000,2001.11,37.46,100.0,26000,52000,20211110
38,아이티아이즈,51314.0,3015.0,0.93,12500.0,14300.0,633.61,14300,1601.14,9.11,100.0,14300,28600,20211111
39,지니너스,3794.0,-9152.0,1.0,24700.0,32200.0,162.5,20000,66.03,0.1,-10.0,20000,18000,20211108
40,피코그램,24273.0,1957.0,1.0,11000.0,12500.0,1520.35,12500,1472.19,12.96,100.0,12500,25000,20211103
41,엔켐,138888.0,501.0,1.0,30000.0,35000.0,1275.69,42000,1647.4,64.45,94.29,42000,81600,20211101
42,리파인,54164.0,16067.0,1.0,21000.0,24000.0,5.95,21000,64.19,3.22,-10.0,21000,18900,20211029
43,지앤비에스엔지니어링,42392.0,4554.0,1.0,14300.0,17400.0,1479.87,17400,1134.34,4.37,37.93,17400,24000,20211029
44,차백신연구소,78.0,-6240.0,1.0,11000.0,15000.0,42.16,11000,206.23,1.93,6.36,11000,11700,20211022
45,지아이텍,17189.0,4165.0,0.74,11500.0,13100.0,2968.35,14000,2068.17,25.28,100.0,14000,28000,20211021
46,씨유테크,221698.0,10598.0,0.66,5100.0,5600.0,1408.69,6000,1565.03,22.76,100.0,6000,12000,20211008
47,아스플로,44784.0,6964.0,1.0,19000.0,22000.0,2818.08,25000,2142.7,12.1,44.0,25000,36000,20211007
48,준,64030.0,4412.0,1.0,52000.0,60000.0,1623.28,65000,1464.1,44.3,56.92,65000,102000,20211007
49,실리콘투,99398.0,5716.0,0.94,23800.0,27200.0,1701.0,27200,1437.63,8.37,41.54,27200,38500,20210929
50,프롬바이오,108045.0,-7813.0,0.81,21500.0,24500.0,48.24,18000,85.71,1.45,6.94,18000,19250,20210928
51,바이오플러스,24367.0,9703.0,1.0,28500.0,31500.0,1206.63,31500,1220.2,7.8,25.4,31500,39500,20210927
52,에스앤디,56537.0,7359.0,1.0,30000.0,32000.0,4.2,28000,173.11,0.01,-10.0,28000,25200,20210929
53,와이엠텍,17037.0,3866.0,1.0,21000.0,25000.0,2939.57,28000,1696.19,31.59,100.0,28000,56000,20210910
54,에이비온,1994.0,-10476.0,1.0,14500.0,17000.0,30.66,17000,139.36,4.3,-1.18,17000,16800,20210908
55,브레인즈컴퍼니,14829.0,3734.0,0.67,20000.0,22500.0,1190.39,25000,1428.8,8.92,100.0,25000,50000,20210819
56,딥노이드,235.0,-8606.0,1.0,31500.0,42000.0,834.86,42000,1179.07,7.29,71.43,42000,72000,20210817
57,플래티어,39376.0,2685.0,1.0,8500.0,10000.0,2498.8,11000,1631.0,18.29,100.0,11000,22000,20210812
58,엠로,40302.0,3389.0,1.0,20100.0,22600.0,250.0,22600,685.6,6.97,44.69,22600,32700,20210813
59,티드랩,14648.0,-9174.0,0.72,28000.0,35000.0,1731.23,35000,1503.91,10.98,100.0,35000,70000,20210811
60,에이치케이이노엔,515289.0,67061.0,0.54,50000.0,59000.0,388.9,59000,1871.36,13.49,15.42,59000,68100,20210809
61,에브리봇,49165.0,-902.0,0.75,32600.0,36700.0,159.42,36700,576.74,0.67,-9.95,36700,33050,20210728
62,맥스트,1983.0,-8921.0,1.0,11000.0,13000.0,6762.75,15000,1587.01,39.13,100.0,15000,30000,20210727
63,오비고,10229.0,-5332.0,1.0,12400.0,14300.0,1485.15,14300,1123.74,7.68,34.27,14300,19200,20210713
64,아모센스,62028.0,-1196.0,0.8,12400.0,15200.0,26.55,12400,116.79,2.57,-1.21,12400,12250,20210625
65,이노뎁,60760.0,1653.0,1.0,14000.0,18000.0,692.12,18000,1573.93,6.05,23.33,18000,22200,20210618
66,라온테크,12632.0,-1432.0,1.0,12800.0,15800.0,779.1,18000,1526.2,8.9,12.5,18000,20250,20210617
67,엘비루셈,209770.0,17105.0,0.67,12000.0,14000.0,824.51,14000,1419.23,4.48,28.57,14000,18000,20210611
68,에이디엠코리아,10206.0,653.0,1.0,2900.0,3300.0,2345.4,3800,1515.98,12.35,100.0,3800,7600,20210603
69,제주맥주,7317.0,-13955.0,1.0,2600.0,2900.0,1747.82,3200,1356.43,5.47,49.38,3200,4780,20210526
70,삼영에스앤씨,14489.0,633.0,1.0,7800.0,10000.0,2392.84,11000,1762.39,15.27,100.0,11000,22000,20210521
71,진시스템,1135.0,-4041.0,1.0,16000.0,20000.0,354.58,20000,934.07,1.5,-4.5,20000,19100,20210526
72,샘씨엔에스,20985.0,556.0,0.83,5000.0,5700.0,1104.29,6500,1537.67,26.07,-1.54,6500,6400,20210520
73,씨앤씨인터내셔널,81598.0,6637.0,0.6,35000.0,47500.0,898.0,47500,1029.14,5.28,-0.53,47500,47250,20210517
74,에이치피오,58604.0,8761.0,0.75,22200.0,25400.0,95.01,22200,252.13,4.12,-9.91,22200,20000,20210514
75,쿠콘,39526.0,8382.0,0.8,31000.0,40000.0,1596.32,45000,1594.61,30.9,77.78,45000,80000,20210428
76,해성티피씨,15327.0,-1518.0,1.0,9500.0,11500.0,2053.27,13000,1508.95,16.05,100.0,13000,26000,20210421
77,이삭엔지니어링,32759.0,2679.0,1.0,9500.0,11500.0,2262.09,11500,1427.15,20.73,100.0,11500,23000,20210421
78,엔시스,31884.0,1912.0,0.71,13000.0,16500.0,2573.6,19000,1467.73,21.73,100.0,19000,38000,20210401
79,자이언트스텝,12839.0,-4430.0,1.0,9000.0,11000.0,2342.0,11000,1691.65,24.42,100.0,11000,22000,20210324
80,제노코,32927.0,2198.0,1.0,27000.0,33000.0,2095.45,36000,1452.49,22.15,80.56,36000,65000,20210324
81,라이프시맨틱스,1162.0,-3963.0,1.0,9000.0,12500.0,1774.57,12500,1402.17,3.78,100.0,12500,25000,20210323
82,바이오다인,4089.0,-2026.0,1.0,22500.0,28700.0,48.36,30000,1364.85,8.8,33.33,30000,40000,20210317
83,싸이버,22372.0,1903.0,0.44,7600.0,8300.0,1880.43,9500,1303.1,9.7,89.47,9500,18000,20210311
84,프레스티지바이오로직스,185.0,-22057.0,1.0,8700.0,12400.0,126.06,12400,369.91,6.5,-2.42,12400,12100,20210311
85,나노씨엠에스,3978.0,-1691.0,1.0,14500.0,18500.0,1243.48,20000,1295.75,6.65,65.0,20000,33000,20210309
86,뷰노,162.0,-5913.0,1.0,15000.0,19500.0,1102.7,21000,1457.21,23.8,56.67,21000,32900,20210226
87,씨이랩,7089.0,62.0,1.0,23000.0,31000.0,195.53,35000,1371.37,12.97,33.14,35000,46600,20210224
88,오로스테크놀로지,26901.0,7570.0,1.0,17000.0,21000.0,1033.82,21000,1260.0,37.12,100.0,21000,42000,20210224
89,유일에너테크,47015.0,8164.0,0.71,11000.0,14000.0,683.55,16000,1427.69,61.06,100.0,16000,32000,20210225
90,피엔에이치테크,7127.0,-7627.0,0.73,14000.0,17000.0,1528.76,18000,1454.47,9.58,13.89,18000,20500,20210216
91,아이퀘스트,13153.0,3650.0,1.0,9200.0,10600.0,2853.34,11000,1504.02,18.7,100.0,11000,22000,20210205
92,와이더플래닛,34760.0,-1452.0,1.0,12000.0,15000.0,1357.98,16000,1449.22,9.59,55.63,16000,24900,20210203
93,레인보우로보틱스,1694.0,-5497.0,1.0,7000.0,9000.0,1201.26,10000,1489.9,19.9,100.0,10000,20000,20210203
94,모비릭스,40340.0,6189.0,1.0,10500.0,14000.0,1485.51,14000,1407.53,5.73,100.0,14000,28000,20210128
95,핑거,60015.0,3174.0,0.77,13000.0,15000.0,939.39,16000,1453.12,12.64,100.0,16000,32000,20210129
96,씨앤투스성진,47481.0,-430.0,1.0,26000.0,32000.0,674.04,32000,1010.02,1.7,-0.94,32000,31700,20210128
97,선진뷰티사이언스,47403.0,4333.0,0.67,10100.0,11500.0,1987.74,11500,1431.0,17.83,100.0,11500,23000,20210127
98,엔비티,45058.0,744.0,1.0,13200.0,17600.0,4397.67,19000,1425.3,10.7,100.0,19000,38000,20210121
99,석경에이티,6403.0,1111.0,1.0,8000.0,10000.0,1751.58,10000,1390.29,6.68,100.0,10000,20000,20201223
100,프리시젼바이오,2409.0,-706.0,1.0,10500.0,12500.0,1557.29,12500,1231.23,1.62,100.0,12500,25000,20201222
101,지놈앤컴퍼니,46.0,-84669.0,0.9,36000.0,40000.0,1175.1,40000,1163.49,9.08,100.0,40000,80000,20201223
102,알체라,3291.0,-11416.0,1.0,8000.0,10000.0,1322.58,10000,1315.61,3.88,100.0,10000,20000,20201221
103,에프앤가이드,21083.0,3479.0,0.61,5200.0,6500.0,1353.9,7000,1327.98,7.6,100.0,7000,14000,20201217
104,티엘비,149136.0,9473.0,0.89,33200.0,38000.0,1551.19,38000,1318.82,6.1,99.74,38000,75900,20201214
105,인바이오,33736.0,1020.0,1.0,5100.0,5800.0,1414.15,5800,1386.04,8.23,100.0,5800,11600,20201211
106,퀀타매트릭스,811.0,-63811.0,1.0,19700.0,25500.0,167.87,25500,185.56,4.6,-1.76,25500,25050,20201209
107,엔젠바이오,1478.0,-6865.0,1.0,10500.0,14000.0,1502.4,14000,1006.96,3.33,100.0,14000,28000,20201210
108,앱코,84271.0,3474.0,0.8,21400.0,24300.0,978.13,24300,1141.02,3.64,24.07,24300,30150,20201202
109,클리노믹스,4101.0,-5760.0,1.0,10900.0,13900.0,341.46,13900,494.2,2.05,33.09,13900,18500,20201204
110,엔에프씨,32860.0,6572.0,1.0,10200.0,13400.0,643.85,13400,979.94,6.15,54.48,13400,20700,20201202
111,포인트모바일,62181.0,8494.0,0.85,13000.0,15000.0,1842.97,15000,1447.07,18.19,100.0,15000,30000,20201203
112,제일전기공업,146148.0,14127.0,0.5,15000.0,17000.0,1396.1,17000,1196.21,8.86,100.0,17000,34000,20201126
113,티앤엘,32655.0,7286.0,1.0,34000.0,38000.0,1109.19,36000,338.91,0.41,100.0,36000,72000,20201120
114,하나기술,59294.0,4317.0,1.0,31000.0,35000.0,1802.1,35000,1393.98,16.83,100.0,35000,70000,20201125
115,고바이오랩,577.0,-44067.0,1.0,18000.0,23000.0,566.54,15000,64.33,0.03,100.0,15000,30000,20201118
116,네패스아크,54719.0,4653.0,1.0,23400.0,26500.0,830.21,26500,707.7,1.6,36.6,26500,36200,20201117
117,소룩스,71108.0,5794.0,0.82,8000.0,10000.0,1660.08,10000,1135.7,0.8,100.0,10000,20000,20201106
118,위드텍,58061.0,11129.0,1.0,21000.0,25000.0,1185.51,25000,1336.49,23.53,48.4,25000,37100,20201030
119,센코,19835.0,-2411.0,0.82,10000.0,13000.0,366.42,13000,848.37,2.2,2.69,13000,13350,20201029
120,바이브컴퍼니,16298.0,-777.0,1.0,23000.0,28000.0,1266.22,28000,1221.45,7.96,42.86,28000,40000,20201028
121,미코바이오메드,4098.0,-13172.0,1.0,12000.0,15000.0,41.74,15000,159.15,0.02,7.33,15000,16100,20201022
122,넥스틴,9394.0,-2625.0,1.0,61500.0,75400.0,13.92,75400,30.25,23.3,-5.7,75400,71100,20201008
123,방테크,118882.0,14592.0,0.3,43000.0,54300.0,348.77,54300,406.8,3.2,-9.94,54300,48900,20200924
124,비나텍,42763.0,4405.0,1.0,27000.0,32000.0,1386.85,33000,1098.1,22.47,33.33,33000,44000,20200923
125,압타머사이언스,408.0,-3853.0,1.0,20000.0,25000.0,1251.29,25000,830.32,3.27,15.4,25000,28850,20200916
126,비비씨,19073.0,5653.0,0.78,27100.0,30700.0,464.19,30700,977.5,3.9,-9.93,30700,27650,20200921
127,핌스,37783.0,5544.0,0.7,15000.0,19000.0,1161.84,19000,1210.28,4.39,10.53,19000,21000,20200918
128,카카오게임즈,322392.0,33315.0,1.0,20000.0,24000.0,1524.8,24000,1478.53,58.59,100.0,24000,48000,20200910
129,피엔케이피부임상연구센타,12499.0,5376.0,0.6,16100.0,18300.0,1727.11,18300,1372.51,17.1,53.01,18300,28000,20200909
130,아이디피,23230.0,2916.0,0.79,8800.0,9800.0,1149.83,9800,894.0,7.4,34.69,9800,13200,20200824
131,셀레믹스,5141.0,-2256.0,1.0,16100.0,20000.0,1176.45,20000,1203.41,5.41,24.5,20000,24900,20200821
132,영림소프트랩,37899.0,4127.0,1.0,9500.0,11500.0,2493.57,11500,1269.3,4.3,53.04,11500,17600,20200812
133,이루다,17779.0,2031.0,0.8,7500.0,9000.0,3039.55,9000,1316.5,7.8,100.0,9000,18000,20200806
134,와이팜,125429.0,11334.0,0.5,9700.0,11000.0,712.13,11000,407.01,8.01,41.36,11000,15550,20200731
135,이엔드디,58313.0,6194.0,1.0,12350.0,14400.0,808.62,14400,1168.72,8.99,26.39,14400,18200,20200730
136,엠투아이,24715.0,6003.0,0.25,15600.0,18900.0,176.83,15600,61.7,1.6,20.83,15600,18850,20200729
137,더네이쳐홀딩스,235344.0,16142.0,0.83,45000.0,50000.0,151.9,46000,97.21,8.46,-10.0,46000,41400,20200727
138,제놀루션,3951.0,-287.0,1.0,12000.0,14000.0,894.67,14000,1161.09,21.36,100.0,14000,28000,20200724
139,솔트룩스,15335.0,145.0,1.0,24000.0,30000.0,953.53,25000,528.17,5.58,60.0,25000,40000,20200723
140,티에스아이,60918.0,-12175.0,0.75,7500.0,9500.0,1621.1,10000,1283.73,4.97,100.0,10000,20000,20200722
141,에이프로,67358.0,7578.0,1.0,19000.0,21600.0,1582.52,21600,1090.8,10.46,100.0,21600,43200,20200716
142,신도기연,48854.0,3189.0,1.0,14000.0,16000.0,955.01,16000,1272.9,14.51,100.0,16000,32000,20200706
143,위더스제약,51732.0,8661.0,0.62,13900.0,15900.0,1082.03,15900,1033.41,17.36,100.0,15900,31800,20200703
144,마크로밀엠브레인,39075.0,1952.0,1.0,5200.0,6400.0,888.01,6800,1056.8,19.39,100.0,6800,13600,20200701
145,엘이티,40933.0,7172.0,1.0,6400.0,7800.0,1552.16,7800,1255.9,24.5,100.0,7800,15600,20200622
146,에스씨엠생명과학,29.0,-40095.0,1.0,14000.0,17000.0,814.91,17000,1032.17,7.7,73.53,17000,29500,20200617
147,드림씨아이에스,19200.0,3417.0,1.0,13000.0,14900.0,669.22,14900,926.11,6.82,87.92,14900,28000,20200522
148,엔피디,259266.0,8574.0,1.0,5400.0,6300.0,32.65,5400,307.5,8.78,-10.0,5400,4860,20200316
149,플레이디,34711.0,6038.0,1.0,6800.0,7700.0,864.8,8500,1270.7,7.55,32.35,8500,11250,20200312
150,서울바이오시스,368194.0,5857.0,1.0,6500.0,7500.0,942.7,7500,1119.0,10.5,73.33,7500,13000,20200306
151,제이앤티씨,229357.0,28114.0,1.0,8500.0,10500.0,3.48,11000,1077.88,6.72,-7.27,11000,10200,20200304
152,켄코아에어로스페이스,28937.0,-9409.0,0.84,13000.0,15000.0,256.68,10000,120.75,2.55,15.0,10000,11500,20200303
153,레몬,31438.0,-2377.0,1.0,6200.0,7200.0,800.07,7200,426.0,6.3,19.72,7200,8620,20200228
154,서남,4854.0,-1449.0,1.0,2700.0,3100.0,881.6,3100,1228.4,5.21,25.81,3100,3900,20200220
155,위세아이텍,16549.0,1505.0,1.0,10000.0,11200.0,1076.62,12000,1105.93,6.95,15.83,12000,13900,20200210
156,피피아이,38120.0,2549.0,1.0,6000.0,7000.0,1147.7,7000,997.33,2.47,57.14,7000,11000,20191226
157,메탈라이프,19270.0,3742.0,1.0,10500.0,13000.0,1397.97,13000,1288.21,22.46,100.0,13000,26000,20191224
158,신테카바이오,287.0,-3747.0,1.0,15000.0,19000.0,123.2,12000,75.61,1.32,24.58,12000,14950,20191217
159,태웅로직스,24394.0,7318.0,1.0,3700.0,4500.0,618.52,4500,1024.98,2.53,81.56,4500,8170,20191210
160,코리아센터,189670.0,4874.0,0.91,24000.0,27200.0,4.13,18000,37.77,6.04,27.78,18000,23000,20191129
161,노터스,36308.0,3747.0,1.0,17000.0,20000.0,22.31,20000,699.46,0.59,48.75,20000,29750,20191127
162,코리아에셋투자증권,165962.0,5507.0,1.0,8000.0,10000.0,231.78,10000,945.66,2.25,-1.0,10000,9900,20191120
163,씨에스베어링,50364.0,3232.0,0.6,7400.0,8400.0,699.67,8400,1246.86,4.65,0.0,8400,8400,20191121
164,에스제이그룹,68630.0,3531.0,1.0,32000.0,38600.0,512.93,38600,946.62,13.56,12.69,38600,43500,20191118
165,아이티엠반도체,228237.0,18159.0,0.91,23000.0,26000.0,321.09,26000,1078.5,15.8,2.88,26000,26750,20191107
166,티라유텍,22771.0,1525.0,1.0,10550.0,12050.0,1164.16,12050,1240.9,11.9,100.0,12050,24100,20191031
167,미디어젠,13383.0,-533.0,1.0,9400.0,10600.0,573.16,10600,576.27,1.88,6.13,10600,11250,20191105
168,캐리소프트,9969.0,-2189.0,1.0,7000.0,9000.0,1067.0,9000,924.83,2.7,34.44,9000,12100,20191029
169,케이엔제이,51107.0,1698.0,1.0,8400.0,11000.0,1104.68,11000,1144.3,5.5,42.73,11000,15700,20191025
170,엔바이오니아,8545.0,648.0,1.0,8200.0,10300.0,910.32,8200,425.8,3.8,30.49,8200,10700,20191024
171,팜스빌,19833.0,4815.0,0.87,11000.0,14000.0,674.04,14000,1035.53,7.05,20.0,14000,16800,20191022
172,라온피플,21764.0,6250.0,1.0,14000.0,17000.0,2.07,14000,330.36,1.5,-5.0,14000,13300,20191018
173,아톤,28033.0,4096.0,0.8,30000.0,43000.0,653.96,43000,810.88,9.5,7.09,43000,46050,20191017
174,녹십자웰빙,53883.0,5678.0,1.0,9400.0,11300.0,657.66,11300,657.93,4.49,5.31,11300,11900,20191014
175,올리패스,488.0,-27825.0,1.0,37000.0,45000.0,419.4,20000,11.07,0.4,53.0,20000,30600,20190920
176,한독크린텍,39627.0,4165.0,1.0,13300.0,15100.0,728.28,15100,1117.61,8.77,62.25,15100,24500,20190905
177,에스피시스템스,46873.0,3235.0,0.68,4300.0,4900.0,786.16,4900,1116.32,13.68,100.0,4900,9800,20190814
178,레이,47565.0,6779.0,1.0,17000.0,20000.0,779.56,20000,1013.19,10.27,25.75,20000,25150,20190808
179,코윈테크,76832.0,10339.0,1.0,28400.0,34500.0,0.48,34500,163.54,0.9,-10.0,34500,31050,20190805
180,그린플러스,42151.0,2213.0,1.0,8500.0,10000.0,700.96,10000,863.94,5.85,11.5,10000,11150,20190807
181,덕산테코피아,70930.0,18783.0,0.79,17000.0,19000.0,1.96,19000,348.63,7.17,-10.0,19000,17100,20190802
182,슈프리마아이디,18081.0,3571.0,0.77,23000.0,27000.0,707.26,27000,1124.05,13.14,28.7,27000,34750,20190801
183,윌링스,54327.0,4294.0,0.7,10000.0,12500.0,532.83,12500,1082.15,18.18,82.4,12500,22800,20190725
184,대모(구.대모엔지니어링),51026.0,3119.0,0.79,4800.0,5200.0,1268.53,5200,1103.1,15.6,67.5,5200,8710,20190724
185,에이스토리,46446.0,2320.0,1.0,11600.0,14300.0,131.51,14300,614.25,3.56,-9.79,14300,12900,20190719
186,플리토,3505.0,-3761.0,0.67,19000.0,23000.0,710.71,26000,1133.0,22.0,21.54,26000,31600,20190717
187,세틀뱅크,57164.0,11995.0,0.64,44000.0,49000.0,309.6,55000,1122.0,14.8,-10.0,55000,49500,20190712
188,아이스크림에듀,86608.0,7108.0,1.0,15900.0,18000.0,5.7,15900,124.73,1.34,-9.75,15900,14350,20190711
189,에이에프더블류,30330.0,8713.0,0.53,19500.0,22500.0,552.22,22500,866.03,13.72,24.44,22500,28000,20190701
190,압타바이오,300.0,-31123.0,1.0,21000.0,25000.0,663.03,30000,856.41,35.1,67.33,30000,50200,20190612
191,까스텔바쟉,84152.0,6356.0,0.29,16000.0,19000.0,3.4,12000,32.53,3.86,41.67,12000,17000,20190610
192,마이크로디지탈,4554.0,-30.0,1.0,20000.0,23000.0,1116.34,23000,621.48,2.29,78.48,23000,41050,20190605
193,컴퍼니케이파트너스,9866.0,3336.0,1.0,3600.0,4000.0,850.46,4500,865.66,27.8,82.22,4500,8200,20190523
194,수젠텍,3440.0,-20960.0,1.0,12000.0,14000.0,1.48,12000,75.21,3.15,-7.08,12000,11150,20190528
195,아모그린텍,111297.0,-5238.0,0.8,8800.0,9900.0,22.13,9900,164.22,3.05,4.04,9900,10300,20190329
196,지노믹트리,454.0,-2113.0,1.0,17000.0,25000.0,13.1,27000,372.0,22.8,9.07,27000,29450,20190327
197,이지케어텍,55374.0,3606.0,1.0,10100.0,12300.0,1272.11,12300,1108.03,40.25,100.0,12300,24600,20190322
198,미래에셋벤처투자,54949.0,6305.0,1.0,3700.0,4500.0,1021.77,4500,441.4,3.7,36.67,4500,6150,20190315
199,에코프로비엠,289870.0,15159.0,1.0,37500.0,42900.0,273.78,48000,988.49,45.04,27.29,48000,61100,20190305
200,천보,87606.0,14822.0,0.8,35000.0,40000.0,426.09,40000,891.1,15.8,31.25,40000,52500,20190211
201,이노테라피,180.0,-3012.0,1.0,20200.0,25200.0,463.37,18000,154.44,2.83,23.33,18000,22200,20190201
202,노랑풍선,83822.0,10436.0,0.74,15500.0,19000.0,1025.2,20000,978.43,12.42,51.75,20000,30350,20190130
203,웹케시,77086.0,3679.0,1.0,24000.0,26000.0,9473.1,26000,614.0,6.8,21.92,26000,31700,20190125
204,유틸렉스,133.0,-9593.0,1.0,38000.0,50000.0,322.96,50000,597.2,18.63,20.2,50000,60100,20181224
205,디케이티,117043.0,4611.0,1.0,6000.0,7400.0,780.32,7400,771.42,3.5,74.32,7400,12900,20181221
206,에이비엘바이오,71.0,-74734.0,1.0,13000.0,17000.0,0.78,15000,60.08,10.99,-10.0,15000,13500,20181219
207,위지윅스튜디오,12989.0,499.0,1.0,9000.0,13000.0,6.84,11000,177.33,1.13,2.27,11000,11250,20181220
208,머큐리,138330.0,4443.0,0.5,5200.0,6100.0,930.39,6100,749.57,13.35,57.87,6100,9630,20181214
209,전진바이오팜,3136.0,-3041.0,1.0,15000.0,17000.0,24.8,10000,14.69,27.2,15.5,10000,11550,20181214
210,이노메트리,14063.0,1177.0,1.0,21000.0,25000.0,791.16,26000,765.22,11.39,53.85,26000,40000,20181212
211,티앤알바이오팹,406.0,-4058.0,1.0,18000.0,23000.0,500.35,18000,101.9,1.0,-10.0,18000,16200,20181128
212,엠아이텍,22541.0,2051.0,0.5,3900.0,4500.0,883.39,4500,472.57,0.42,-10.0,4500,4050,20181129
213,네오펙트,7288.0,160.0,1.0,10000.0,12500.0,400.8,11000,338.01,0.89,-10.0,11000,9900,20181128
214,남화산업,14214.0,8543.0,1.0,3100.0,3700.0,858.4,3700,822.09,6.14,51.62,3700,5610,20181129
215,싸이토젠,850.0,-2149.0,1.0,13000.0,17000.0,705.49,17000,608.85,0.7,4.71,17000,17800,20181122
216,디알젬,49324.0,4132.0,1.0,5000.0,7000.0,832.96,6500,785.43,1.05,30.31,6500,8470,20181122
217,파멥신,209.0,-6483.0,1.0,43000.0,55000.0,322.78,60000,764.16,18.81,-3.17,60000,58100,20181121
218,디자인,30472.0,2225.0,1.0,9000.0,10100.0,665.04,10100,771.73,3.86,100.0,10100,20200,20181115
219,노바렉스,80854.0,8567.0,1.0,19000.0,24000.0,631.42,19000,48.64,18.99,33.95,19000,25450,20181114
220,셀리버리,2774.0,-15008.0,1.0,20000.0,25000.0,808.45,25000,698.98,16.8,28.0,25000,32000,20181109
221,대보마그네틱,13165.0,3760.0,0.73,22500.0,25500.0,837.58,31000,995.4,45.41,94.19,31000,60200,20181106
222,엘앤씨바이오,17901.0,3753.0,1.0,18000.0,20000.0,985.59,24000,937.08,17.27,24.17,24000,29800,20181101
223,노바텍,21284.0,3975.0,0.7,12500.0,16500.0,326.67,10000,66.32,0.03,41.0,10000,14100,20181102
224,옵티팜,13857.0,-1567.0,0.75,10000.0,12000.0,463.49,10000,94.57,11.6,-10.0,10000,9000,20181026
225,로보티즈,17914.0,1781.0,1.0,9200.0,11300.0,1043.92,14000,958.6,39.8,100.0,14000,28000,20181026
226,에스퓨얼셀,20295.0,2789.0,0.67,10600.0,14000.0,857.78,16500,942.85,40.5,100.0,16500,33000,20181015
227,푸드나무,34826.0,3922.0,0.87,18700.0,22700.0,914.05,24000,791.08,16.5,80.63,24000,43350,20181004
228,지티지웰니스,23053.0,2459.0,1.0,9000.0,9800.0,514.16,11000,946.89,4.22,38.64,11000,15250,20180921
229,명성티엔에스,64575.0,5857.0,0.63,16100.0,18700.0,804.79,20000,745.56,11.73,10.0,20000,22000,20180913
230,디지캡,16311.0,2045.0,0.61,8500.0,10500.0,931.79,12000,979.06,4.18,10.42,12000,13250,20180907
231,액트로,50659.0,5654.0,1.0,20000.0,24000.0,545.42,20000,132.07,1.86,3.5,20000,20700,20180828
232,에이피티씨,41122.0,10850.0,1.0,11500.0,13000.0,22.69,9000,20.99,8.7,3.44,9000,9310,20180823
233,오파스넷,71416.0,3080.0,1.0,8500.0,9700.0,1401.36,11000,861.66,14.22,63.64,11000,18000,20180824
234,바이오솔루션,5011.0,-1806.0,1.0,24000.0,29000.0,302.62,29000,174.79,5.04,-2.76,29000,28200,20180820
235,에스에스알,11326.0,2515.0,1.0,6600.0,7500.0,1231.66,9000,928.44,41.62,100.0,9000,18000,20180806
236,휴네시온,13193.0,2995.0,0.86,8700.0,10000.0,827.74,10000,751.89,8.9,50.0,10000,15000,20180802
237,디아이티,85994.0,11909.0,1.0,9400.0,10400.0,11.1,10000,105.14,6.8,5.5,10000,10550,20180807
238,한국유니온제약,47470.0,4420.0,1.0,13500.0,16000.0,1015.13,18000,918.99,9.4,27.78,18000,23000,20180726
239,엠코르셋,124300.0,7757.0,0.8,10100.0,11500.0,51.47,11500,766.05,16.4,-3.91,11500,11050,20180723
240,올릭스,244.0,-5164.0,1.0,26000.0,30000.0,847.09,36000,876.72,74.03,100.0,36000,72000,20180718
241,아이큐어,35674.0,240.0,1.0,44000.0,55000.0,331.42,65000,642.1,5.08,-10.0,65000,58500,20180712
242,에스브이인베스트먼트,10450.0,2113.0,1.0,5600.0,6300.0,974.23,7000,786.73,4.7,28.57,7000,9000,20180706
243,이다이애그노믹스,1449.0,-3606.0,1.0,4700.0,5700.0,810.33,6500,749.79,27.87,38.46,6500,9000,20180626
244,파워넷,137731.0,6114.0,0.5,5500.0,6500.0,1144.0,6500,590.6,7.66,55.38,6500,10100,20180607
245,현대사료,106532.0,3513.0,1.0,5700.0,6600.0,1690.0,6600,839.16,31.92,100.0,6600,13200,20180601
246,세종메디칼,12773.0,3192.0,0.6,10800.0,13700.0,922.71,15000,836.68,39.75,54.0,15000,23100,20180529
247,제노레이,35467.0,2905.0,0.76,17500.0,20500.0,1028.72,23000,907.12,32.59,99.57,23000,45900,20180528
248,케어랩스,18597.0,1935.0,1.0,15000.0,18000.0,886.14,20000,934.42,40.19,100.0,20000,40000,20180328
249,린드먼아시아인베스트먼트,6335.0,2802.0,1.0,5000.0,5500.0,1039.51,6500,640.8,27.4,100.0,6500,13000,20180314
250,엔지켐생명과학,21835.0,-6332.0,1.0,45000.0,70000.0,342.31,56000,258.68,13.25,55.36,56000,87000,20180221
251,오스테오닉,6640.0,1541.0,1.0,5800.0,7500.0,998.83,7700,442.0,1.7,100.0,7700,15400,20180222
252,동구바이오제약,87363.0,10923.0,0.93,12000.0,14500.0,836.67,16000,727.7,53.41,100.0,16000,32000,20180213
253,아시아종묘,21313.0,2409.0,1.0,4200.0,5200.0,243.2,4500,239.52,4.39,0.44,4500,4520,20180212
254,알리코제약,48127.0,2243.0,1.0,10000.0,13000.0,697.3,12000,389.27,9.38,50.83,12000,18100,20180212
255,카페24,118080.0,-1272.0,1.0,43000.0,57000.0,731.58,57000,672.71,42.9,48.25,57000,84500,20180208
256,링크제니시스,10195.0,1758.0,1.0,22000.0,25000.0,1184.36,30000,754.6,35.9,76.67,30000,53000,20180205
257,배럴,24247.0,3713.0,1.0,8000.0,9500.0,369.78,9500,298.48,9.06,9.47,9500,10400,20180201
258,시스웍,24178.0,5347.0,1.0,3300.0,3900.0,830.31,2800,78.86,0.44,36.07,2800,3810,20171226
259,메카로,48134.0,2926.0,1.0,25000.0,30000.0,664.69,33000,719.26,42.07,30.3,33000,43000,20171206
260,씨티케이코스메틱스,133888.0,23325.0,1.0,46000.0,55000.0,145.75,55000,188.65,6.6,-10.0,55000,49500,20171207
261,에스트래픽,88748.0,8209.0,1.0,8000.0,10000.0,1128.18,10000,605.02,13.4,100.0,10000,20000,20171205
262,대,226696.0,36888.0,0.5,13000.0,15000.0,460.24,15000,247.25,0.2,6.67,15000,16000,20171201
263,체리부로,290878.0,16031.0,0.68,4300.0,4700.0,616.6,4700,265.38,0.4,6.81,4700,5020,20171204
264,비즈니스온커뮤니케이션,11711.0,2626.0,1.0,8100.0,9000.0,1075.91,9000,513.97,14.9,87.78,9000,16900,20171130
265,에스엔피월드,27164.0,3856.0,1.0,4300.0,5100.0,661.5,5100,534.27,4.97,0.0,5100,5100,20170928
266,야스,82982.0,13064.0,0.74,23500.0,26500.0,0.52,23500,28.9,7.15,-10.0,23500,21150,20170929
267,유티아이,38852.0,13037.0,0.48,28000.0,33000.0,3.44,25000,5.05,0.4,-10.0,25000,22500,20170927
268,신흥에스이씨,90112.0,5552.0,0.5,11000.0,14000.0,731.42,16000,482.4,33.1,83.75,16000,29400,20170927
269,엠플러스,28031.0,3542.0,0.8,14000.0,16000.0,1003.24,18000,596.2,27.2,57.5,18000,28350,20170920
270,샘코,28814.0,2044.0,1.0,14000.0,18000.0,207.0,11000,19.26,0.96,9.09,11000,12000,20170915
271,앱클론,3120.0,-1597.0,1.0,8000.0,10000.0,799.09,10000,564.87,21.72,100.0,10000,20000,20170918
272,펄어비스,33690.0,24425.0,1.0,80000.0,103000.0,0.43,103000,62.4,6.22,-10.0,103000,92700,20170914
273,덕우전자,76328.0,10785.0,0.6,13500.0,15500.0,586.43,15500,282.69,11.35,9.03,15500,16900,20170828
274,이더블유케이,28570.0,3263.0,0.75,4200.0,5000.0,1160.15,5000,588.13,25.95,100.0,5000,10000,20170822
275,알에스오토메이션,70698.0,3004.0,1.0,5250.0,6000.0,1058.82,6000,656.89,61.0,99.17,6000,11950,20170811
276,모트렉스,200359.0,15018.0,0.85,31200.0,38300.0,422.73,38300,357.12,11.24,-0.78,38300,38000,20170804
277,디앤씨미디어,18893.0,3012.0,1.0,17000.0,20000.0,563.1,20000,539.1,33.5,61.5,20000,32300,20170801
278,데이타솔루션,100820.0,3054.0,0.7,2700.0,3300.0,733.74,3300,395.83,23.09,100.0,3300,6600,20170803
279,지니언스,20615.0,3658.0,1.0,12000.0,13500.0,922.71,13500,620.04,14.5,48.52,13500,20050,20170802
280,셀트리온헬스케어,402389.0,28641.0,1.0,32500.0,41000.0,6.95,41000,38.06,12.5,6.46,41000,43650,20170728
281,이즈미디어,39808.0,4167.0,0.92,7500.0,10000.0,13.87,7500,129.22,1.38,12.0,7500,8400,20170726
282,힘스,50876.0,4951.0,1.0,15500.0,18800.0,795.94,20000,729.64,27.48,62.5,20000,32500,20170720
283,브이텍,24455.0,7969.0,0.8,15200.0,17700.0,754.31,17700,557.47,8.3,13.56,17700,20100,20170713
284,제일홀딩스,6196498.0,371783.0,1.0,20700.0,22700.0,20.67,20700,113.98,2.88,-9.9,20700,18650,20170630
285,보라티알,6963.0,829.0,1.0,12500.0,14300.0,1026.34,14300,557.61,13.3,32.17,14300,18900,20170608
286,삼양옵틱스,57221.0,13419.0,1.0,16700.0,20600.0,2.88,16700,33.2,8.7,0.0,16700,16700,20170602
287,필옵틱스,177220.0,14820.0,1.0,41000.0,48000.0,588.96,48000,647.18,13.25,0.42,48000,48200,20170601
288,하나머티리얼즈,52713.0,7608.0,1.0,10000.0,12000.0,955.33,12000,689.9,49.73,45.83,12000,17500,20170428
289,와이엠티,49939.0,7742.0,0.89,16500.0,18500.0,841.57,21000,706.16,42.75,67.14,21000,35100,20170427
290,이엘피,16079.0,3204.0,1.0,17000.0,20000.0,738.15,20000,527.12,11.26,10.0,20000,22000,20170406
291,서진시스템,36021.0,6491.0,0.91,21000.0,25000.0,742.06,25000,588.93,36.65,60.0,25000,40000,20170327
292,코미코,38664.0,7157.0,0.4,11000.0,13000.0,745.44,13000,580.68,30.91,123.46,13000,29050,20170323
293,모바일어플라이언스,53720.0,1679.0,0.27,3000.0,3500.0,636.77,3500,471.31,19.13,68.57,3500,5900,20170224
294,에프엔에스테크,44578.0,2794.0,1.0,11000.0,13000.0,840.67,14000,624.02,6.26,21.79,14000,17050,20170227
295,신신제약,51614.0,3886.0,1.0,5900.0,6700.0,72.5,4500,40.88,0.06,37.11,4500,6170,20170228
296,피씨엘,243.0,-1864.0,1.0,10500.0,13000.0,2.01,8000,6.61,0.46,-2.5,8000,7800,20170223
297,서플러스글로벌,94114.0,8975.0,0.97,7400.0,9400.0,548.0,8000,81.31,1.04,6.25,8000,8500,20170125
298,퓨전데이타,18784.0,2766.0,1.0,10000.0,11500.0,572.56,11500,345.36,12.05,80.43,11500,20750,20161221
299,뉴파워프라즈마,50265.0,8181.0,1.0,15000.0,17000.0,521.29,17500,501.2,7.8,0.0,17500,17500,20161130
300,오션브릿지,25389.0,3496.0,1.0,5400.0,6600.0,1135.44,6600,617.92,10.75,17.12,6600,7730,20161201
301,클리오,106914.0,17651.0,0.5,36400.0,41000.0,5.68,41000,153.08,10.42,-2.56,41000,39950,20161109
302,오가닉티코스메틱,136188.0,34661.0,1.0,3200.0,3700.0,672.42,4000,672.02,11.3,62.75,4000,6510,20161104
303,로고스바이오시스템스,3870.0,-250.0,1.0,22200.0,25500.0,208.48,25500,190.16,0.53,0.0,25500,25500,20161103
304,인크로스,26514.0,-230.0,0.62,38000.0,43000.0,1047.5,43000,492.1,6.1,57.44,43000,67700,20161031
305,에이치엘사이언스(구.건강사랑),23705.0,3521.0,0.7,23900.0,30700.0,174.0,27000,274.19,5.6,42.22,27000,38400,20161028
306,코스메카코리아,99150.0,5027.0,1.0,48000.0,54000.0,391.4,54000,573.0,30.8,32.22,54000,71400,20161028
307,인텔리안테크놀로지스,49296.0,4925.0,1.0,18000.0,20500.0,744.63,19000,319.0,1.3,-1.32,19000,18750,20161018
308,에이치시티,24454.0,4894.0,1.0,19200.0,22500.0,127.28,17000,95.67,11.6,14.71,17000,19500,20161017
309,앤디포스,57458.0,13758.0,0.71,13000.0,14500.0,524.2,14500,406.09,10.6,20.69,14500,17500,20161012
310,수산아이앤티(구.플러스기술),14082.0,4296.0,1.0,10500.0,11500.0,12.97,11500,157.55,0.64,0.0,11500,11500,20161011
311,엔지스테크널러지,6328.0,1753.0,1.0,8900.0,10000.0,562.94,10000,475.6,21.2,90.0,10000,19000,20160728
312,팍스넷,20588.0,3631.0,1.0,4600.0,5200.0,946.51,5200,753.07,5.19,100.0,5200,10400,20160801
313,우리손에프앤지,155022.0,14990.0,0.5,1935.0,2210.0,638.97,2210,455.1,40.4,81.0,2210,4000,20160727
314,옵토팩,31661.0,-356.0,1.0,5000.0,5900.0,371.21,5900,397.4,2.82,5.25,5900,6210,20160720
315,장테크,202485.0,21381.0,0.8,15000.0,17500.0,854.49,17500,216.32,11.3,27.14,17500,22250,20160715
316,바이오리더스,1167.0,-5429.0,1.0,11000.0,15000.0,1222.58,15000,352.2,6.5,14.0,15000,17100,20160707
317,피앤씨테크,23950.0,4889.0,1.0,9000.0,10200.0,679.77,10200,306.39,10.89,7.84,10200,11000,20160704
318,에스티팜,138052.0,25189.0,1.0,24000.0,27000.0,236.85,29000,717.41,60.03,62.07,29000,47000,20160623
319,녹십자랩셀,34489.0,2260.0,1.0,13600.0,15900.0,799.76,18500,733.72,51.66,100.0,18500,37000,20160623
320,레이언스,77943.0,3217.0,1.0,22000.0,25000.0,328.14,25000,430.31,20.7,-5.2,25000,23700,20160411
321,씨엠에스에듀,38273.0,6408.0,1.0,19000.0,23200.0,185.81,23200,302.17,28.83,15.52,23200,26800,20160407
322,팬젠,3400.0,-2120.0,1.0,12500.0,16500.0,1073.0,16500,614.46,14.04,50.91,16500,24900,20160311
323,에이피위성통신,34571.0,7042.0,1.0,8700.0,9700.0,869.66,9700,271.55,7.8,27.84,9700,12400,20160304
324,큐리언트,215.0,-10706.0,1.0,18000.0,21000.0,959.28,21000,709.15,35.24,61.43,21000,33900,20160229
325,안트로젠,1834.0,-1416.0,1.0,17000.0,22000.0,1442.55,24000,531.1,30.6,58.33,24000,38000,20160215
326,아이엠텍,46553.0,5180.0,1.0,6500.0,7500.0,138.9,7500,112.3,25.0,13.33,7500,8500,20160203
327,유니트론텍,86379.0,5657.0,1.0,12300.0,14000.0,1112.76,14000,455.8,21.7,80.71,14000,25300,20160202
328,한솔씨앤피,50873.0,3745.0,1.0,13000.0,16800.0,789.84,13000,136.97,5.97,45.77,13000,18950,20160127
329,코디엠,38105.0,1914.0,1.0,4700.0,5800.0,599.99,4700,39.79,2.51,59.36,4700,7490,20151229
330,이에스브이,32746.0,2239.0,1.0,13000.0,15000.0,558.9,10000,23.29,2.38,85.0,10000,18500,20151224
331,아진산업,134258.0,15665.0,1.0,6500.0,7500.0,0.47,6500,11.61,8.7,17.23,6500,7620,20151222
332,휴젤,23269.0,10758.0,1.0,190000.0,210000.0,91.63,150000,6.7,8.61,33.0,150000,199500,20151224
333,한국맥널티,19421.0,5340.0,1.0,10500.0,11500.0,479.79,8000,60.5,0.2,100.0,8000,16000,20151223
334,덱스터,18665.0,2862.0,1.0,11000.0,14000.0,500.76,14000,255.31,33.1,77.14,14000,24800,20151222
335,메가엠디,61775.0,5146.0,1.0,3600.0,4600.0,280.82,3000,16.67,7.5,67.33,3000,5020,20151218
336,씨트리,17164.0,305.0,1.0,8300.0,10200.0,199.96,6500,4.7,0.6,42.31,6500,9250,20151221
337,파크시스템스,15293.0,-717.0,1.0,9000.0,11000.0,7.55,9000,50.29,57.3,22.22,9000,11000,20151217
338,예스티,40423.0,670.0,1.0,14500.0,18500.0,9.8,14500,32.9,73.3,6.9,14500,15500,20151216
339,뉴트리바이오텍,45409.0,2388.0,1.0,21000.0,24000.0,2.38,21000,93.92,28.32,9.52,21000,23000,20151216
340,엔에스,20780.0,1614.0,1.0,6300.0,7200.0,29.5,8000,179.61,21.42,61.88,8000,12950,20151207
341,미래테크놀로지,17388.0,3897.0,1.0,14300.0,16100.0,1.5,16100,117.3,5.7,-7.14,16100,14950,20151201
342,엠지메드,4691.0,208.0,1.0,33000.0,40000.0,1350.05,40000,715.39,14.86,2.5,40000,41000,20151120
343,매직마이크로,53279.0,3413.0,1.0,5200.0,6400.0,36.57,5500,75.03,1.33,-1.45,5500,5420,20151119
344,케이디켐,43295.0,4401.0,1.0,14700.0,17800.0,5.46,16000,66.2,3.0,-7.19,16000,14850,20151119
345,하이즈항공,31291.0,3109.0,1.0,23000.0,26000.0,3.08,18000,47.27,0.89,-10.0,18000,16200,20151125
346,리드,40483.0,2004.0,1.0,4500.0,5100.0,45.64,5100,42.89,7.0,-10.0,5100,4590,20151120
347,네오오토,108776.0,6831.0,1.0,11400.0,12800.0,34.44,12000,113.08,3.54,-1.67,12000,11800,20151118
348,아이진,27546.0,-2926.0,1.0,12000.0,13500.0,267.72,13500,408.1,7.5,-4.44,13500,12900,20151116
349,나무가,218331.0,1822.0,1.0,32000.0,37000.0,0.91,37000,108.34,3.62,-9.73,37000,33400,20151112
350,유앤아이,15639.0,1553.0,1.0,25000.0,30000.0,638.25,30000,377.4,4.0,-4.5,30000,28650,20151112
351,케어젠,28584.0,14155.0,1.0,80000.0,90000.0,263.19,110000,833.46,62.0,-7.73,110000,101500,20151117
352,더블유게임즈,71257.0,27908.0,1.0,51000.0,61000.0,241.18,65000,413.82,14.66,0.15,65000,65100,20151104
353,연우,168759.0,8670.0,1.0,20300.0,25200.0,680.0,25200,317.0,51.0,11.71,25200,28150,20151102
354,에이티젠,1678.0,-6031.0,1.0,12500.0,14500.0,1166.97,17000,695.7,40.6,100.0,17000,34000,20151023
355,에치디프로,66063.0,2664.0,1.0,7800.0,8900.0,843.36,8900,362.84,6.21,7.64,8900,9580,20151013
356,타이거일렉,25327.0,2694.0,1.0,6000.0,6900.0,241.92,6000,230.02,1.36,-4.67,6000,5720,20150925
357,제너셈,32193.0,5028.0,1.0,9000.0,10500.0,797.33,10500,326.77,4.15,4.76,10500,11000,20150925
358,인포마크,70657.0,3389.0,1.0,12000.0,14000.0,381.0,14000,251.2,12.0,78.57,14000,25000,20150923
359,웹스,27878.0,3328.0,1.0,6500.0,7200.0,1114.21,7200,438.83,33.54,58.33,7200,11400,20150824
360,파인텍,141968.0,11825.0,1.0,9000.0,10500.0,1041.73,10500,382.64,45.68,100.0,10500,21000,20150817
361,흥국에프엔비,35084.0,6272.0,1.0,14500.0,17500.0,1001.61,20000,666.88,63.87,100.0,20000,40000,20150807
362,아시아경제신문사,32652.0,4325.0,1.0,3200.0,3600.0,12.31,3600,280.85,15.82,-10.0,3600,3240,20150731
363,아이쓰리시스템,30914.0,5314.0,1.0,28500.0,31500.0,1506.57,36000,768.0,37.6,75.0,36000,63000,20150730
364,로지시스,32026.0,1745.0,1.0,2000.0,2500.0,396.82,2500,345.68,13.28,67.2,2500,4180,20150729
365,파마리서치프로덕트,24765.0,8838.0,1.0,40000.0,47000.0,561.0,55000,728.06,57.9,100.0,55000,110000,20150724
366,펩트론,3103.0,-2059.0,1.0,9000.0,12000.0,1093.01,16000,699.59,67.4,100.0,16000,32000,20150722
367,민앤지,17677.0,5284.0,1.0,21200.0,24000.0,1107.81,28000,728.82,45.4,100.0,28000,56000,20150630
368,동운아나텍,44453.0,5747.0,1.0,10000.0,12000.0,47.76,10000,101.68,7.08,25.0,10000,12500,20150630
369,유테크,51362.0,4185.0,1.0,8000.0,9000.0,21.14,9000,351.1,8.59,39.44,9000,12550,20150630
370,코아스템,12988.0,-6325.0,1.0,10800.0,13200.0,751.91,16000,868.62,41.74,100.0,16000,32000,20150626
371,에스엔텍,32465.0,3473.0,1.0,5600.0,6300.0,22.9,6500,189.14,19.88,53.85,6500,10000,20150626
372,세미콘라이트,48137.0,6246.0,1.0,11300.0,13700.0,143.52,11300,187.7,4.5,1.77,11300,11500,20150625
373,싸이맥스,54714.0,5993.0,1.0,14300.0,16300.0,178.03,16300,238.72,2.93,-6.75,16300,15200,20150617
374,픽셀플러스,123937.0,20127.0,1.0,33000.0,37000.0,68.09,30000,131.67,2.25,-10.0,30000,27000,20150612
375,제노포커스,2195.0,112.0,1.0,8000.0,9000.0,1206.75,11000,842.79,41.12,100.0,11000,22000,20150529
376,유지인트,43378.0,4884.0,1.0,12400.0,14000.0,857.34,15000,643.7,27.15,94.33,15000,29150,20150413
377,넥스트엔터테인먼트월드,122061.0,12028.0,1.0,12700.0,16300.0,33.55,16300,214.69,9.59,-3.07,16300,15800,20141223
378,아스트,60885.0,-6517.0,1.0,7000.0,10000.0,4.11,9500,74.59,5.74,-10.0,9500,8550,20141224
379,휴메딕스,23544.0,9137.0,1.0,22700.0,25500.0,571.55,28000,688.8,35.18,55.71,28000,43600,20141226
380,하이로닉,13420.0,3096.0,1.0,43000.0,47400.0,219.96,51000,500.56,22.7,25.1,51000,63800,20141217
381,디티앤씨(구.디지털이엠씨),20236.0,4519.0,1.0,14500.0,18500.0,620.63,18500,559.02,74.3,62.16,18500,30000,20141217
382,에이디테크놀로지,42419.0,3042.0,1.0,16000.0,18000.0,12.4,15000,33.19,7.53,-10.0,15000,13500,20141216
383,알테오젠,5527.0,1606.0,1.0,23000.0,26000.0,564.78,26000,409.2,14.4,-3.27,26000,25150,20141212
384,비씨월드제약,30375.0,3454.0,1.0,12000.0,15700.0,681.0,15700,356.75,26.6,15.29,15700,18100,20141215
385,에프엔씨엔터테인먼트,24838.0,1691.0,1.0,24000.0,28000.0,577.37,28000,185.35,9.91,-10.0,28000,25200,20141204
386,텔콘,46462.0,8207.0,1.0,12500.0,14500.0,482.06,14500,162.88,5.53,-4.83,14500,13800,20141124
387,디에이테크놀로지,28863.0,2081.0,1.0,6600.0,8500.0,488.77,6600,55.28,1.81,18.18,6600,7800,20141119
388,파티게임즈,27040.0,8748.0,1.0,10500.0,13000.0,735.99,13000,224.12,24.62,100.0,13000,26000,20141121
389,테고사이언스,6307.0,1596.0,1.0,10500.0,12500.0,622.14,13500,591.09,30.5,100.0,13500,27000,20141106
390,슈피겐코리아,54240.0,9495.0,1.0,22500.0,27500.0,360.12,27500,255.6,30.86,34.91,27500,37100,20141105
391,데브시스터즈,61303.0,22326.0,1.0,43000.0,50000.0,285.28,53000,651.66,29.98,33.96,53000,71000,20141006
392,신화콘텍,51059.0,6446.0,1.0,8100.0,9100.0,99.3,9100,441.99,10.37,-10.0,9100,8190,20140808
393,덕신하우징,104434.0,11718.0,1.0,9600.0,11000.0,899.07,13000,650.72,59.86,66.54,13000,21650,20140801
394,창해에탄올,69032.0,14887.0,1.0,6000.0,6900.0,675.79,8300,578.2,59.5,100.0,8300,16600,20140730
395,윈하이텍,57400.0,7122.0,1.0,6600.0,7500.0,589.58,8300,444.1,55.6,60.24,8300,13300,20140725
396,코난테크놀로지,14001.0,1488.0,1.0,21000.0,25000.0,1386.86,25000,1482.6,7.07,41.2,25000,30600,20220707
397,LG에너지솔루션 ,1461068.0,-451771.0,0.8,257000.0,300000.0,69.34,300000,2023.37,77.38,99.0,300000,597000,20220127
398,카카오페이,284371.0,-25051.0,1.0,60000.0,90000.0,29.6,90000,1714.47,70.44,100.0,90000,180000,20211103
399,현대중공업,8310181.0,-431463.0,1.0,52000.0,60000.0,404.29,60000,1835.87,53.09,85.0,60000,111000,20210917
400,일진하이솔루스,113525.0,15579.0,0.67,25700.0,34300.0,654.5,34300,1471.01,61.52,100.0,34300,68600,20210901
401,아주스틸,569794.0,11709.0,0.58,12700.0,15100.0,1419.73,15100,1776.9,16.33,100.0,15100,30200,20210820
402,롯데렌탈,2100809.0,23307.0,0.5,47000.0,59000.0,65.81,59000,217.63,14.65,-2.54,59000,57500,20210819
403,한컴라이프케어,151842.0,27690.0,0.33,10700.0,13700.0,109.8,13700,418.99,3.27,17.15,13700,16050,20210817
404,크래프톤,1670427.0,556267.0,0.65,400000.0,498000.0,7.79,498000,243.15,22.05,-9.94,498000,454000,20210810
405,카카오뱅크,804157.0,113636.0,1.0,33000.0,39000.0,181.1,39000,1732.83,45.28,37.69,39000,53700,20210806
406,에스디바이오센서,73728.0,1399.0,0.58,45000.0,52000.0,274.02,52000,1143.76,12.45,9.62,52000,57000,20210716
407,SK아이이테크놀로지,263037.0,63684.0,1.0,78000.0,105000.0,288.17,105000,1882.88,63.2,100.0,105000,210000,20210511
408,SK바이오사이언스,183938.0,14677.0,0.67,49000.0,65000.0,335.36,65000,1275.47,59.92,100.0,65000,130000,20210318
409,프레스티지바이오파마,,,0.91,25000.0,32000.0,237.13,32000,819.76,19.31,-10.0,32000,28800,20210205
410,솔루엠,913607.0,38483.0,1.0,13700.0,15500.0,1147.76,17000,1167.55,20.79,100.0,17000,34000,20210202
411,명신산업,775740.0,33843.0,0.33,4900.0,5800.0,1372.94,6500,1195.69,30.6,100.0,6500,13000,20201207
412,에이플러스에셋어드바이저,269373.0,15385.0,0.41,10500.0,12300.0,24.75,7500,3.66,25.4,8.0,7500,8100,20201120
413,교촌에프앤비,380091.0,29518.0,0.7,10600.0,12300.0,1318.29,12300,999.44,3.9,93.9,12300,23850,20201112
414,하이브,587224.0,72424.0,1.0,105000.0,135000.0,606.97,135000,1117.25,43.85,100.0,135000,270000,20201015
415,SK바이오팜,1069.0,-142139.0,0.68,36000.0,49000.0,323.03,49000,835.66,81.15,100.0,49000,98000,20200702
416,센트랄모텍,313342.0,4469.0,1.0,5000.0,6000.0,580.5,6000,862.63,,27.5,6000,7650,20191125
417,현대에너지솔루션,347623.0,18614.0,1.0,24000.0,28000.0,126.68,18000,26.63,3.07,1.11,18000,18200,20191119
418,한화시스템,1128925.0,41242.0,0.25,12250.0,14000.0,16.84,12250,23.61,4.24,-5.31,12250,11600,20191113
419,자이에스앤디,212696.0,10716.0,1.0,4200.0,5200.0,665.41,5200,768.58,5.1,27.88,5200,6650,20191106
420,지누스,621764.0,43609.0,0.73,80000.0,90000.0,0.63,70000,45.68,13.73,5.0,70000,73500,20191030
421,현대오토에버,1473376.0,,0.1,40000.0,44000.0,345.24,48000,797.36,57.79,57.29,48000,75500,20190328
422,드림텍,527609.0,9607.0,0.54,11000.0,13000.0,562.7,13000,395.96,0.8,33.46,13000,17350,20190314
423,에어부산,561657.0,28464.0,0.4,3600.0,4000.0,36.5,3600,23.89,0.4,11.67,3600,4020,20181227
424,아시아나IDT,264919.0,19397.0,0.33,19300.0,24100.0,1.21,15000,7.04,,-4.67,15000,14300,20181123
425,하나제약,139331.0,24310.0,1.0,24500.0,28000.0,147.5,26000,101.5,0.1,15.77,26000,30100,20181002
426,우진아이엔에스,140446.0,16846.0,0.67,15000.0,17000.0,11.17,15000,129.06,0.77,1.0,15000,15150,20180914
427,티웨이항공,584032.0,39708.0,0.75,14600.0,16700.0,1.15,12000,23.03,,-3.33,12000,11600,20180801
428,롯데정보통신,691297.0,20675.0,1.0,28300.0,33800.0,34.22,29800,79.33,25.9,2.52,29800,30550,20180727
429,애경산업,506780.0,21546.0,0.71,29100.0,34100.0,6.73,29100,24.3,8.51,-3.78,29100,28000,20180322
430,동양피스톤,298002.0,9214.0,1.0,5700.0,7300.0,20.36,5700,62.8,,-10.0,5700,5130,20171208
431,진에어,719673.0,39333.0,0.25,26800.0,31800.0,134.05,31800,274.55,7.3,0.0,31800,31800,20171208
432,삼양패키징,310125.0,24220.0,0.0,26000.0,30000.0,2.74,26000,16.73,0.36,-0.96,26000,25750,20171129
433,테이팩스,63584.0,491.0,0.24,23000.0,26000.0,2.05,23000,16.81,,15.65,23000,26600,20171031
434,넷마블게임즈,878658.0,60791.0,1.0,121000.0,157000.0,29.17,157000,240.74,47.1,5.1,157000,165000,20170512
435,ING생명보험,4678032.0,304794.0,0.0,31500.0,40000.0,0.82,33000,3.97,0.13,-5.45,33000,31200,20170511
436,덴티움,95489.0,14497.0,0.0,45000.0,50000.0,364.19,32000,22.96,0.4,19.38,32000,38200,20170315
437,호전실업,289118.0,22535.0,0.68,30000.0,35000.0,331.3,25000,40.43,2.5,-2.0,25000,24500,20170202
438,핸즈코퍼레이션,621338.0,8263.0,0.91,12000.0,14000.0,6.99,12000,57.64,1.73,-10.0,12000,10800,20161202
439,두산밥캣,4040752.0,148133.0,0.0,29000.0,33000.0,0.29,30000,9.81,,20.0,30000,36000,20161118
440,삼성바이오로직스,91278.0,1904946.0,0.67,113000.0,136000.0,45.34,136000,295.63,24.63,-0.74,136000,135000,20161110
441,제이더블유생명과학,125950.0,12864.0,0.0,27000.0,32500.0,220.29,30000,224.57,7.41,10.17,30000,33050,20161027
442,화승엔터프라이즈,,-1.0,0.79,14600.0,16500.0,0.43,15000,48.46,0.21,-10.0,15000,13500,20161004
443,엘에스전선아시아,200134.0,6111.0,0.07,10000.0,11500.0,2.98,8000,30.57,,-10.0,8000,7200,20160922
444,듀올,176362.0,6549.0,0.4,7500.0,9000.0,2.17,8500,71.69,,-3.65,8500,8190,20160729
445,한국자산신탁,83392.0,36292.0,1.0,9100.0,10300.0,6.65,10300,149.83,6.37,-3.88,10300,9900,20160713
446,해성디에스,246043.0,14687.0,1.0,12000.0,15000.0,158.41,12000,188.69,12.2,39.17,12000,16700,20160624
447,용평리조트,133592.0,3956.0,1.0,8100.0,9200.0,291.1,7000,28.1,0.1,28.57,7000,9000,20160527
448,해태제과식품,689963.0,4275.0,1.0,12300.0,15100.0,264.9,15100,342.99,24.63,25.56,15100,18960,20160511
449,대림씨엔에스,257906.0,19318.0,1.0,23500.0,27700.0,25.5,27700,85.25,15.9,-9.93,27700,24950,20160330
450,제이에스코퍼레이션,162608.0,20087.0,1.0,19000.0,23000.0,477.76,23000,433.6,35.9,70.0,23000,39100,20160204
451,코리아오토글라스,429725.0,25480.0,1.0,10500.0,12000.0,430.14,11000,57.68,4.47,5.45,11000,11600,20151229
452,잇츠스킨,241884.0,76331.0,1.0,208500.0,253000.0,219.27,170000,11.53,8.7,1.18,170000,172000,20151228
453,세진중공업,567935.0,17912.0,1.0,3500.0,3900.0,2.29,3500,8.89,26.5,-0.14,3500,3495,20151130
454,금호에이치티,175222.0,13520.0,1.0,12700.0,15700.0,32.87,10000,46.05,8.0,-5.0,10000,9500,20151111
455,제주항공,510636.0,32007.0,1.0,23000.0,28000.0,448.5,30000,378.67,77.99,65.0,30000,49500,20151106
456,엘아이지넥스원,1400164.0,50554.0,1.0,66000.0,76000.0,4.74,76000,121.11,21.5,-10.0,76000,68400,20151002
457,아이콘트롤스,131222.0,4580.0,1.0,28000.0,32000.0,280.11,32000,272.96,29.1,-1.09,32000,31650,20150924
458,동일제강,122158.0,6315.0,1.0,2700.0,3300.0,789.49,3000,309.7,3.1,29.0,3000,3870,20150924
459,에이제이네트웍스,194185.0,18461.0,1.0,30200.0,34300.0,83.3,34300,197.15,20.06,-9.91,34300,30900,20150821
460,이노션,744734.0,83835.0,1.0,64000.0,71000.0,204.13,68000,273.09,52.4,-2.21,68000,66500,20150717
461,토니모리,205150.0,11614.0,1.0,26400.0,30200.0,771.08,32000,441.86,55.2,100.0,32000,64000,20150710
462,미래에셋생명보험,3928349.0,121030.0,1.0,8200.0,10000.0,38.01,7500,40.3,2.07,-1.33,7500,7400,20150708
463,경보제약,169781.0,8636.0,1.0,13000.0,15000.0,263.87,15000,524.56,34.44,100.0,15000,30000,20150629
464,에스케이디앤디,174859.0,19121.0,1.0,20200.0,24300.0,574.68,26000,570.59,36.7,100.0,26000,52000,20150623
465,NS쇼핑,347135.0,54619.0,1.0,205000.0,235000.0,236.82,235000,302.59,15.66,-10.0,235000,211500,20150327
466,세화아이엠씨,220665.0,4108.0,1.0,14500.0,16300.0,731.79,16300,216.35,10.45,11.04,16300,18100,20150319
467,제일모직,3018454.0,96302.0,1.0,45000.0,53000.0,194.9,53000,465.0,35.14,100.0,53000,106000,20141218
468,씨에스윈드,296488.0,26861.0,1.0,31000.0,43500.0,66.4,43500,109.3,1.79,-10.0,43500,39150,20141127
469,삼성SDS,7046833.0,325983.0,1.0,150000.0,190000.0,134.19,190000,651.5,48.11,100.0,190000,380000,20141114
470,쿠쿠전자,508758.0,57440.0,1.0,80000.0,104000.0,175.1,104000,598.86,65.18,73.08,104000,180000,20140806
471,화인베스틸,224271.0,16948.0,1.0,4500.0,5100.0,248.12,4700,85.45,,-4.47,4700,4490,20140722
472,BGF리테일,2857192.0,42308.0,1.0,41000.0,46000.0,181.3,41000,,,39.02,41000,57000,20140519
473,현대로템,3067678.0,78435.0,1.0,17000.0,23000.0,54.53,23000,,,46.52,23000,33700,20131030
474,디에스알,159248.0,7933.0,1.0,4150.0,4650.0,406.3,4000,,,25.0,4000,5000,20130515
475,GMB코리아,423277.0,23197.0,0.43,7600.0,9200.0,191.21,6000,,,-0.17,6000,5990,20121120
476,CJ헬로비전,581943.0,76356.0,1.0,14000.0,19000.0,0.26,16000,,,-5.63,16000,15100,20121109
477,에이제이렌터카,363586.0,11673.0,1.0,8000.0,9000.0,0.23,7000,,,-7.71,7000,6460,20120727
478,사조씨푸드,219576.0,13087.0,0.7,8600.0,10050.0,218.3,10600,,,-5.66,10600,10000,20120629
479,코오롱패션머티리얼,516245.0,18679.0,1.0,12000.0,14500.0,691.76,14500,,,37.93,14500,20000,20120405
480,휴비스,1125337.0,24027.0,0.32,11700.0,13200.0,25.32,12200,,,0.41,12200,12250,20120223
481,GS리테일,3473705.0,521157.0,0.0,18000.0,21000.0,5.69,19500,,,0.0,19500,19500,20111223
482,인터지스,350412.0,10888.0,0.76,10000.0,12200.0,3.14,10000,,,-10.0,10000,9000,20111216
483,넥솔론,451337.0,35541.0,1.0,6700.0,8000.0,68.7,4000,,,50.0,4000,6000,20111014
484,삼원강재,283318.0,15860.0,1.0,3700.0,4200.0,707.07,4000,,,100.0,4000,8000,20110722
485,신세계인터내셔날,583188.0,38120.0,1.0,50000.0,65000.0,290.07,65000,,,58.46,65000,103000,20110714
486,한국항공우주산업,1266710.0,78841.0,0.33,14000.0,16000.0,48.95,15500,,,24.52,15500,19300,20110630
487,하이마트,3046678.0,106536.0,0.63,59000.0,67700.0,2.6,59000,,,-10.0,59000,53100,20110629
488,엠케이트렌드,211353.0,13107.0,1.0,9000.0,11000.0,352.0,11000,,,40.91,11000,15500,20110621
489,코오롱플라스틱,166087.0,9024.0,1.0,3800.0,4300.0,579.0,4300,,,60.47,4300,6900,20110615
490,KT스카이라이프,397400.0,24800.0,1.0,13500.0,18500.0,97.7,17000,,,2.94,17000,17500,20110603
491,세아특수강,369196.0,3609.0,0.67,24000.0,28000.0,363.9,28000,,,16.07,28000,32500,20110601
492,한국종합기술,194528.0,9552.0,1.0,6800.0,9200.0,184.33,7100,,,30.99,7100,9300,20110428
493,일진머티리얼즈,203289.0,13292.0,1.0,14100.0,15800.0,2.917,15800,,,-3.16,15800,15300,20110304
494,현대위아,3118200.0,77200.0,1.0,53000.0,60000.0,103.66,65000,,,17.69,65000,76500,20110221
495,중국고섬공고,338641.0,76445.0,1.0,5970.0,5970.0,0.46,7000,,,-10.0,7000,6300,20110125
496,두산엔진,1772597.0,-249695.0,1.0,17200.0,20900.0,47.29,19300,,,15.8,19300,22350,20110104
497,대구도시가스,234690.0,9546.0,1.0,4400.0,5400.0,356.78,5400,,,2.96,5400,5560,20101224
498,현대HCN,206567.0,4681.0,1.0,3800.0,4500.0,21.1,3800,,,-10.0,3800,3420,20101223
499,케이티스,183139.0,14253.0,1.0,2500.0,3100.0,64.8,2700,,,8.15,2700,2920,20101217
500,한전산업개발,238434.0,6140.0,1.0,4500.0,5500.0,127.26,5500,,,-0.18,5500,5490,20101216
501,코라오홀딩스,95366.0,13725.0,1.0,3800.0,4800.0,395.0,4800,,,52.08,4800,7300,20101130
502,휠라코리아,357373.0,17214.0,1.0,30000.0,35000.0,330.0,35000,,,100.0,35000,70000,20100928
503,케이티씨에스,245155.0,12314.0,1.0,2600.0,3100.0,382.82,2600,,,17.5,2600,3055,20100916
504,현대홈쇼핑,515693.0,95459.0,1.0,80000.0,90000.0,147.21,90000,,,38.33,90000,124500,20100913
505,도화종합기술공사,308708.0,28779.0,1.0,20000.0,23000.0,24.96,22000,,,-10.0,22000,19800,20100812
506,아이마켓코리아,1182115.0,21104.0,1.0,12300.0,15300.0,245.4,15300,,,44.44,15300,22100,20100730
507,우진,50260.0,10618.0,1.0,13600.0,15200.0,723.42,15000,,,100.0,15000,30000,20100726
508,웅진에너지,118893.0,41033.0,1.0,7500.0,8500.0,162.69,9500,,,26.32,9500,12000,20100630
509,이연제약,72932.0,8065.0,1.0,16500.0,18000.0,64.47,16500,,,0.0,16500,16500,20100610
510,만도,1574800.0,41272.0,1.0,75000.0,90000.0,124.63,83000,,,16.87,83000,97000,20100519
511,삼성생명,25294898.0,113027.0,1.0,90000.0,115000.0,40.6,110000,,,8.64,110000,119500,20100512
512,대한생명보험,12080182.0,83015.0,1.0,9000.0,11000.0,23.7,8200,,,6.1,8200,8700,20100317
513,지역난방공사,1189916.0,9095.0,1.0,33400.0,40800.0,127.3,45000,,,100.0,45000,90000,20100129
514,락앤락,158681.0,19862.0,1.0,14000.0,15700.0,24.85,15700,,,27.39,15700,20000,20100128
515,영흥철강,136316.0,12778.0,1.0,12000.0,16000.0,491.86,12000,,,3.33,12000,12400,20100125
516,현대푸드시스템,331400.0,15700.0,1.0,10000.0,11600.0,337.83,11600,,,55.17,11600,18000,20091217
517,한전기술,347292.0,27462.0,1.0,21600.0,24400.0,124.0,21600,,,25.0,21600,27000,20091214
518,GKL,391397.0,60206.0,1.0,9500.0,12000.0,20.4,12000,,,25.0,12000,15000,20091119
519,에스케이씨앤씨,1275185.0,145766.0,1.0,28000.0,32000.0,20.87,30000,,,7.5,30000,32250,20091111
520,진로,735259.0,154803.0,1.0,45000.0,50000.0,9.4,41000,,,-2.2,41000,40100,20091019
521,동양생명,2705155.0,81102.0,1.0,17000.0,22000.0,12.67,17000,,,-7.65,17000,15700,20091008
522,쌍용머티리얼,68162.0,7882.0,1.0,14500.0,17500.0,13.73,17500,,,-10.0,17500,15750,20090929
523,에리트베이직,52194.0,3365.0,1.0,3400.0,4200.0,260.76,4000,,,37.25,4000,5490,20090928
524,대우캐피탈,687000.0,109700.0,1.0,7000.0,8500.0,216.27,8000,,3.1,-1.25,8000,7900,20090625
525,한미파슨스건축사사무소,80210.0,5464.0,1.0,10000.0,13000.0,513.93,14500,,,32.07,14500,19150,20090623
526,동아지질,246095.0,7242.0,1.0,12500.0,14000.0,357.95,14500,,8.0,10.34,14500,16000,20090612
527,중국원양자원유한공사,36900.0,14300.0,1.0,2300.0,2900.0,243.5,3100,,,100.0,3100,6200,20090522
528,STX엔파코,702000.0,37400.0,1.0,10000.0,13000.0,357.57,13000,,,100.0,13000,26000,20090515
529,연합과기공고유한공사,,,1.0,4000.0,5000.0,82.17,2200,,,18.18,2200,2600,20081204
530,LG파워콤,1109617.0,25521.0,1.0,8500.0,10000.0,19.07,5700,,,22.81,5700,7000,20081127
531,LG이노텍,1321354.0,25176.0,1.0,50000.0,60000.0,0.66,40500,,0.88,6.17,40500,43000,20080724
532,명문제약,60928.0,6583.0,1.0,6300.0,7100.0,1.82,6000,,,-10.0,6000,5400,20080710
533,비유와상징,65800.0,13500.0,1.0,36000.0,40000.0,0.67,33000,,,-10.0,33000,29700,20080630
534,엔케이,114330.0,4040.0,1.0,11900.0,15500.0,4.08,10000,,0.53,-10.0,10000,9000,20080125
535,한전KPS,,,1.0,11000.0,13300.0,112.0,13300,,71.0,28.57,13300,17100,20071214
536,성진지오텍,214862.0,13232.0,1.0,14000.0,17000.0,2.33,14000,,20.0,-4.29,14000,13400,20071129
537,화풍방직,74283.0,10777.0,1.0,5212.0,5212.0,151.0,5600,,47.25,12.5,5600,6300,20071126
538,디엔에프,14399.0,5591.0,1.0,18700.0,21500.0,2.78,12000,,,-10.0,12000,10800,20071116
539,제이에스전선,302099.0,11929.0,1.0,20000.0,24000.0,383.0,24000,,,100.0,24000,48000,20071112
540,쉘라인,116377.0,17220.0,1.0,18300.0,20600.0,152.0,17400,,,-9.77,17400,15700,20071101
541,기신정기,57700.0,11100.0,1.0,9500.0,11500.0,223.0,10000,,53.37,48.0,10000,14800,20071030
542,KSS해운,84091.0,18903.0,1.0,60000.0,65000.0,205.0,65000,,,100.0,130000,149500,20071026
543,효성ITX,116753.0,3139.0,1.0,4000.0,5150.0,454.0,5000,,,100.0,5000,10000,20071025
544,디아이씨,223319.0,9102.0,1.0,55000.0,65000.0,4.45,63000,,,-3.17,63000,61000,20071018
545,에스티엑스팬오션,2784415.0,101692.0,1.0,1270.0,1270.0,9.47,1720,,,3.2,1720,1775,20070921
546,삼성카드,2195979.0,271870.0,1.0,40000.0,45000.0,103.0,48000,,,29.58,48000,62200,20070627
547,아비스타,,,1.0,10000.0,12000.0,389.19,11100,,99.95,18.92,11100,13200,20061226
548,주연테크,312220.0,6035.0,1.0,6000.0,8000.0,533.25,6400,,99.96,59.38,6400,10200,20061115
549,인천도시가스,,,1.0,18000.0,22000.0,557.93,19000,,99.98,78.95,19000,34000,20061107
550,삼정펄프,,,1.0,28000.0,32000.0,610.31,29000,,99.94,91.03,29000,55400,20061017
551,현대EP,,,1.0,17200.0,21000.0,712.86,18500,,99.95,100.0,18500,37000,20060925
