,cor_name,sales,profit,shares_to_pub,sub_rate,cor_rate,obligation,score,sum,t_score,market_type,listed_date,current_price,offer_price,h_exp_offer_price,l_exp_offer_price,target,st_price,end_price,search_amt,Trend
0,에이치피에스피,61174,17658,1.0,1159.05,1511.36,42.54,3,28,0.107,0,20220715,52700,25000,23000,25000,43250,50000,100.0,0.097,0.67
1,영창케미칼,60760,2506,0.83,682.13,1616.27,5.92,12,45,0.267,0,20220714,14250,18600,15000,18600,16450,18400,-1.08,-0.001,1.0
2,넥스트칩,10383,-13496,1.0,1727.38,1623.41,11.58,4,56,0.071,0,20220701,12000,13000,9900,11600,14300,17150,31.92,-0.113,0.8
3,위니아에이드,418527,24895,1.0,111.26,955.0,1.39,0,59,0.0,0,20220623,9330,16200,14200,16200,11000,14600,-9.88,-0.11,1.0
4,레이저쎌,3879,-7665,1.0,1845.11,1442.95,12.43,2,54,0.037,0,20220624,12400,16000,12000,14000,17350,20600,28.75,-0.137,0.88
5,범한퓨얼셀,31900,3457,1.0,710.37,751.39,10.75,8,45,0.178,0,20220617,30200,40000,32200,40000,47950,41000,2.5,-0.058,1.0
6,비플라이소프트,24386,-3424,0.9,26.86,111.05,0.76,-4,48,-0.083,0,20220620,2140,10000,16500,19000,9050,10500,5.0,0.11,1.0
7,청담글로벌,70387,849,0.91,42.1,24.79,16.47,-1,39,-0.026,0,20220603,11300,6000,8400,9600,7640,6500,8.33,-0.043,1.0
8,가온칩스,17098,1852,1.0,2183.29,1847.12,14.7,1,39,0.026,0,20220520,26500,14000,11000,13000,27100,24150,72.5,-0.134,1.0
9,대명에너지,159386,8132,0.8,151.58,254.74,1.18,-5,35,-0.143,0,20220516,18550,15000,15000,18000,13950,15450,3.0,0.269,1.0
10,포바이포,13993,1354,0.89,3763.37,1846.32,55.52,14,51,0.275,0,20220428,21600,17000,11000,14000,44200,34000,100.0,-0.01,1.0
11,지투파워,29135,2162,0.83,2029.37,1729.63,11.16,3,50,0.06,0,20220401,47650,16400,13500,16400,35250,32800,100.0,0.091,0.65
12,세아메카닉스,82695,4254,0.66,2475.87,1812.83,6.73,2,33,0.061,0,20220324,7820,4400,3500,4000,7600,8800,100.0,0.02,0.63
13,공구우먼,32683,4346,1.0,7.53,56.9,2.65,0,31,0.0,0,20220323,11850,20000,26000,31000,20000,21600,8.0,-0.013,0.61
14,유일로보틱스,27952,2505,1.0,2535.3,1756.45,15.92,2,34,0.059,0,20220318,32350,10000,7600,9200,26000,20000,100.0,0.504,0.59
15,모아데이타,13785,2093,1.0,23.39,114.19,0.87,-8,32,-0.25,0,20220310,4080,20000,24000,28000,16050,18000,-10.0,-0.062,0.62
16,비씨엔씨,47343,2011,1.0,2686.22,1831.23,22.84,5,75,0.067,0,20220303,18300,13000,9000,11500,22600,26000,100.0,0.037,0.64
17,브이씨,35364,4513,1.0,46.41,190.59,19.93,2,52,0.038,0,20220224,11000,15000,15000,19500,15350,17400,16.0,-0.132,0.64
18,퓨런티어,15082,-2180,1.0,2683.0,1535.42,11.08,6,49,0.122,0,20220223,27600,15000,11400,13700,31200,30000,100.0,0.284,0.6
19,바이오에프디엔씨,8640,2461,1.0,4.74,74.01,11.8,-3,28,-0.107,0,20220221,23050,28000,23000,29000,22200,25200,-10.0,-0.149,0.67
20,인카금융서비스,301025,11288,0.68,25.29,13.69,4.19,6,34,0.176,0,20220216,7360,18000,23000,27000,14400,17250,-4.17,-0.172,0.75
21,나래나노텍,82805,2273,0.77,24.36,102.0,0.97,8,34,0.235,0,20220208,9470,17500,17500,20500,13900,15750,-10.0,-0.114,0.86
22,아셈스,34049,1052,1.0,2435.07,1618.26,7.71,8,37,0.216,0,20220207,15150,8000,7000,8000,13500,16000,100.0,-0.071,0.83
23,스코넥,4558,-8971,1.0,1751.25,1724.66,59.95,2,40,0.05,0,20220204,13700,13000,9000,12000,24450,26000,100.0,0.194,0.8
24,이지트로닉스,15349,3552,1.0,887.4,1343.51,2.94,-1,30,-0.033,0,20220204,15000,22000,19000,22000,25500,23450,6.59,0.609,0.75
25,케이옥션,24192,-2088,0.8,1408.33,1638.36,36.8,1,62,0.016,0,20220124,7350,20000,17000,20000,52000,40000,100.0,0.065,1.0
26,오토앤,49437,3444,1.0,2395.63,1713.0,8.34,3,41,0.073,0,20220120,13500,5300,4200,4800,11400,8800,66.04,-0.0,0.79
27,래몽래인,34650,3153,1.0,2054.63,1545.68,17.75,7,69,0.1009999999999999,0,20211230,19600,15000,11500,13000,24000,26000,73.33,-0.037,0.78
28,케이티비네트워크,66974,35765,1.0,327.26,50.19,6.94,1,7,0.143,0,20211216,3295,5800,5800,7200,5350,6030,3.97,-0.177,0.77
29,툴젠,713,-14882,1.0,164.13,29.54,0.1,4,58,0.069,0,20211210,70700,70000,100000,120000,91100,82300,17.57,0.301,0.76
30,마인즈랩,11292,-20386,1.0,89.9,197.55,19.74,-1,43,-0.023,0,20211123,18050,30000,26000,30000,38000,29650,-1.17,0.015,0.8
31,알비더블유,37277,3719,0.62,3706.79,1719.61,15.98,4,43,0.093,0,20211122,18700,21400,18700,21400,38950,42800,100.0,-0.104,0.79
32,바이옵트로,16115,2235,1.0,68.11,205.12,0.98,2,34,0.059,0,20211118,6900,7500,7500,8500,6290,7300,-2.67,-0.185,0.83
33,트윔,18260,2916,1.0,2266.84,1627.34,9.2,4,37,0.108,0,20211117,19100,22000,17800,20400,41100,44000,100.0,-0.017,0.82
34,지오엘리먼트,13180,2457,1.0,1537.44,1613.84,15.23,5,40,0.125,0,20211111,20200,10000,7600,8700,15900,20000,100.0,0.143,0.81
35,비트나인,11576,-10226,1.0,589.64,1662.29,5.96,6,33,0.182,0,20211110,11350,11000,8700,9700,11400,15250,38.64,-0.147,0.79
36,디어유,13048,-2250,1.0,1598.15,2001.11,37.46,16,60,0.267,0,20211110,38500,26000,18000,24000,66500,52000,100.0,0.06,0.77
37,아이티아이즈,51314,3015,0.93,633.61,1601.14,9.11,8,38,0.211,0,20211111,12050,14300,12500,14300,20050,28600,100.0,-0.076,0.8
38,지니너스,3794,-9152,1.0,162.5,66.03,0.1,2,36,0.0559999999999999,0,20211108,2975,20000,24700,32200,13400,18000,-10.0,0.106,0.83
39,피코그램,24273,1957,1.0,1520.35,1472.19,12.96,5,43,0.1159999999999999,0,20211103,43000,12500,11000,12500,18600,25000,100.0,0.105,0.8
40,엔켐,138888,501,1.0,1275.69,1647.4,64.45,5,44,0.114,0,20211101,54100,42000,30000,35000,80000,81600,94.29,-0.132,0.78
41,리파인,54164,16067,1.0,5.95,64.19,3.22,-1,32,-0.031,0,20211029,11200,21000,21000,24000,14300,18900,-10.0,-0.099,0.88
42,지앤비에스엔지니어링,42392,4554,1.0,1479.87,1134.34,4.37,4,36,0.111,0,20211029,12450,17400,14300,17400,19200,24000,37.93,-0.169,0.86
43,차백신연구소,78,-6240,1.0,42.16,206.23,1.93,-2,56,-0.036,0,20211022,7480,11000,11000,15000,13000,11700,6.36,-0.027,0.8
44,지아이텍,17189,4165,0.74,2968.35,2068.17,25.28,0,38,0.0,0,20211021,3430,14000,11500,13100,36400,28000,100.0,0.03,0.75
45,씨유테크,221698,10598,0.66,1408.69,1565.03,22.76,3,58,0.052,0,20211008,5490,6000,5100,5600,8400,12000,100.0,0.0,1.0
46,아스플로,44784,6964,1.0,2818.08,2142.7,12.1,2,21,0.095,0,20211007,8870,25000,19000,22000,28350,36000,44.0,0.333,0.8
47,실리콘투,99398,5716,0.94,1701.0,1437.63,8.37,-3,45,-0.067,0,20210929,2790,27200,23800,27200,29000,38500,41.54,0.034,0.83
48,프롬바이오,108045,-7813,0.81,48.24,85.71,1.45,-2,46,-0.043,0,20210928,9960,18000,21500,24500,19850,19250,6.94,-0.0,0.82
49,바이오플러스,24367,9703,1.0,1206.63,1220.2,7.8,1,49,0.02,0,20210927,32000,31500,28500,31500,32450,39500,25.4,0.076,0.81
50,에스앤디,56537,7359,1.0,4.2,173.11,0.01,3,38,0.079,0,20210929,19000,28000,30000,32000,21700,25200,-10.0,-0.095,0.83
51,와이엠텍,17037,3866,1.0,2939.57,1696.19,31.59,7,41,0.171,0,20210910,16350,28000,21000,25000,59000,56000,100.0,-0.027,0.79
52,에이비온,1994,-10476,1.0,30.66,139.36,4.3,-2,36,-0.0559999999999999,0,20210908,10600,17000,14500,17000,15700,16800,-1.18,0.327,0.83
53,브레인즈컴퍼니,14829,3734,0.66,1190.39,1428.8,8.92,3,48,0.062,0,20210819,9320,25000,20000,22500,65000,50000,100.0,-0.163,0.79
54,딥노이드,235,-8606,1.0,834.86,1179.07,7.29,6,53,0.113,0,20210817,9070,42000,31500,42000,50400,72000,71.43,0.334,0.83
55,플래티어,39376,2685,1.0,2498.8,1631.0,18.29,4,59,0.068,0,20210812,13450,11000,8500,10000,28600,22000,100.0,-0.048,0.78
56,엠로,40302,3389,1.0,250.0,685.6,6.97,2,51,0.039,0,20210813,16550,22600,20100,22600,28300,32700,44.69,-0.018,0.8
57,에이치케이이노엔,515289,67061,0.57,388.9,1871.36,13.49,1,47,0.021,0,20210809,43500,59000,50000,59000,68500,68100,15.42,-0.201,0.83
58,에브리봇,49165,-902,0.75,159.42,576.74,0.67,2,32,0.062,0,20210728,33450,36700,32600,36700,30300,33050,-9.95,-0.008,1.0
59,맥스트,1983,-8921,1.0,6762.75,1587.01,39.13,6,44,0.136,0,20210727,19200,15000,11000,13000,39000,30000,100.0,0.272,1.0
60,오비고,10229,-5332,1.0,1485.15,1123.74,7.68,2,28,0.071,0,20210713,11850,14300,12400,14300,20700,19200,34.27,0.168,0.69
61,아모센스,62028,-1196,0.8,26.55,116.79,2.57,-1,31,-0.032,0,20210625,15650,12400,12400,15200,15900,12250,-1.21,0.126,0.73
62,이노뎁,60760,1653,1.0,692.12,1573.93,6.05,-2,32,-0.062,0,20210618,15250,18000,14000,18000,18050,22200,23.33,-0.089,0.71
63,라온테크,12632,-1432,1.0,779.1,1526.2,8.9,5,29,0.172,0,20210617,15650,18000,12800,15800,20500,20250,12.5,0.163,0.69
64,엘비루셈,209770,17105,0.66,824.51,1419.23,4.48,4,19,0.211,0,20210611,7940,14000,12000,14000,15200,18000,28.57,-0.142,0.67
65,에이디엠코리아,10206,653,1.0,2345.4,1515.98,12.35,14,31,0.452,0,20210603,3100,3800,2900,3300,9880,7600,100.0,-0.102,0.64
66,제주맥주,7317,-13955,1.0,1747.82,1356.43,5.47,0,74,0.0,0,20210526,2460,3200,2600,2900,4900,4780,49.38,0.204,0.6
67,삼영에스앤씨,14489,633,1.0,2392.84,1762.39,15.27,1,21,0.048,0,20210521,7770,11000,7800,10000,28600,22000,100.0,0.245,0.62
68,진시스템,1135,-4041,1.0,354.58,934.07,1.5,5,40,0.125,0,20210526,9750,20000,16000,20000,17400,19100,-4.5,-0.229,0.67
69,샘씨엔에스,20985,556,0.83,1104.29,1537.67,26.07,9,46,0.196,0,20210520,5110,6500,5000,5700,8320,6400,-1.54,-0.106,0.71
70,씨앤씨인터내셔널,81598,6637,0.6,898.0,1029.14,5.28,5,24,0.208,0,20210517,20850,47500,35000,47500,41150,47250,-0.53,-0.194,0.83
71,에이치피오,58604,8761,0.75,95.01,252.13,4.12,2,39,0.051,0,20210514,11650,22200,22200,25400,16750,20000,-9.91,0.721,1.0
72,쿠콘,39526,8382,0.8,1596.32,1594.61,30.9,5,37,0.135,0,20210428,34550,45000,31000,40000,65500,80000,77.78,-0.067,1.0
73,해성티피씨,15327,-1518,1.0,2053.27,1508.95,16.05,6,42,0.143,0,20210421,7930,13000,9500,11500,33800,26000,100.0,0.451,1.0
74,이삭엔지니어링,32759,2679,1.0,2262.09,1427.15,20.73,-2,39,-0.051,0,20210421,11850,11500,9500,11500,26150,23000,100.0,-0.031,1.0
75,엔시스,31884,1912,0.7,2573.6,1467.73,21.73,3,39,0.077,0,20210401,14400,19000,13000,16500,31400,38000,100.0,-0.069,0.88
76,자이언트스텝,12839,-4430,1.0,2342.0,1691.65,24.42,8,60,0.133,0,20210324,27900,11000,9000,11000,28600,22000,100.0,0.196,0.87
77,제노코,32927,2198,1.0,2095.45,1452.49,22.15,10,40,0.25,0,20210324,24200,36000,27000,33000,80100,65000,80.56,0.121,0.86
78,라이프시맨틱스,1162,-3963,1.0,1774.57,1402.17,3.78,9,46,0.196,0,20210323,6100,12500,9000,12500,17500,25000,100.0,-0.048,0.86
79,바이오다인,4089,-2026,1.0,48.36,1364.85,8.8,3,31,0.0969999999999999,0,20210317,28200,30000,22500,28700,42600,40000,33.33,-0.072,0.84
80,프레스티지바이오로직스,185,-22057,1.0,126.06,369.91,6.5,-3,53,-0.057,0,20210311,4970,12400,8700,12400,14300,12100,-2.42,0.573,0.88
81,나노씨엠에스,3978,-1691,1.0,1243.48,1295.75,6.65,5,20,0.25,0,20210309,32750,20000,14500,18500,23950,33000,65.0,-0.031,0.87
82,뷰노,162,-5913,1.0,1102.7,1457.21,23.8,4,38,0.105,0,20210226,8050,21000,15000,19500,32150,32900,56.67,0.153,0.86
83,씨이랩,7089,62,1.0,195.53,1371.37,12.97,0,27,0.0,0,20210224,13550,35000,23000,31000,40800,46600,33.14,0.062,0.83
84,오로스테크놀로지,26901,7570,1.0,1033.82,1260.0,37.12,5,28,0.179,0,20210224,15650,21000,17000,21000,54600,42000,100.0,-0.098,0.82
85,유일에너테크,47015,8164,0.71,683.55,1427.69,61.06,3,32,0.094,0,20210225,15300,16000,11000,14000,34500,32000,100.0,-0.021,0.85
86,피엔에이치테크,7127,-7627,0.72,1528.76,1454.47,9.58,7,39,0.179,0,20210216,18050,18000,14000,17000,23850,20500,13.89,0.09,0.8
87,아이퀘스트,13153,3650,1.0,2853.34,1504.02,18.7,7,28,0.25,0,20210205,9490,11000,9200,10600,20000,22000,100.0,-0.024,0.88
88,와이더플래닛,34760,-1452,1.0,1357.98,1449.22,9.59,9,40,0.225,0,20210203,7850,16000,12000,15000,20000,24900,55.63,-0.178,0.86
89,레인보우로보틱스,1694,-5497,1.0,1201.26,1489.9,19.9,12,51,0.235,0,20210203,29300,10000,7000,9000,26000,20000,100.0,0.137,0.83
90,모비릭스,40340,6189,1.0,1485.51,1407.53,5.73,12,49,0.245,0,20210128,17100,14000,10500,14000,36400,28000,100.0,-0.025,1.0
91,핑거,60015,3174,0.76,939.39,1453.12,12.64,12,60,0.2,0,20210129,12800,16000,13000,15000,29100,32000,100.0,-0.062,0.75
92,씨앤투스성진,47481,-430,1.0,674.04,1010.02,1.7,3,38,0.079,0,20210128,5610,32000,26000,32000,28700,31700,-0.94,-0.066,1.0
93,선진뷰티사이언스,47403,4333,0.66,1987.74,1431.0,17.83,-1,42,-0.024,0,20210127,6380,11500,10100,11500,29900,23000,100.0,-0.035,1.0
94,엔비티,45058,744,1.0,4397.67,1425.3,10.7,7,44,0.159,0,20210121,7430,19000,13200,17600,36500,38000,100.0,-0.025,0.9
95,석경에이티,6403,1111,1.0,1751.58,1390.29,6.68,4,44,0.091,0,20201223,18850,10000,8000,10000,26000,20000,100.0,0.075,0.89
96,프리시젼바이오,2409,-706,1.0,1557.29,1231.23,1.62,11,53,0.208,0,20201222,7490,12500,10500,12500,32500,25000,100.0,-0.112,0.88
97,지놈앤컴퍼니,46,-84669,0.9,1175.1,1163.49,9.08,10,59,0.1689999999999999,0,20201223,19900,40000,36000,40000,68800,80000,100.0,0.094,0.89
98,알체라,3291,-11416,1.0,1322.58,1315.61,3.88,7,28,0.25,0,20201221,15250,10000,8000,10000,26000,20000,100.0,-0.109,0.88
99,에프앤가이드,21083,3479,0.6,1353.9,1327.98,7.6,7,71,0.099,0,20201217,8090,7000,5200,6500,12850,14000,100.0,-0.064,0.88
100,티엘비,149136,9473,0.89,1551.19,1318.82,6.1,7,34,0.206,0,20201214,40700,38000,33200,38000,54500,75900,99.74,-0.07,0.87
101,인바이오,33736,1020,1.0,1414.15,1386.04,8.23,8,30,0.267,0,20201211,5570,5800,5100,5800,12200,11600,100.0,-0.066,0.86
102,퀀타매트릭스,811,-63811,1.0,167.87,185.56,4.6,7,45,0.156,0,20201209,6530,25500,19700,25500,24100,25050,-1.76,-0.17,0.9
103,엔젠바이오,1478,-6865,1.0,1502.4,1006.96,3.33,8,40,0.2,0,20201210,9660,14000,10500,14000,25650,28000,100.0,0.751,0.86
104,앱코,84271,3474,0.8,978.13,1141.02,3.64,5,58,0.086,0,20201202,11700,24300,21400,24300,28900,30150,24.07,-0.12,0.87
105,클리노믹스,4101,-5760,1.0,341.46,494.2,2.05,1,45,0.022,0,20201204,8610,13900,10900,13900,19000,18500,33.09,0.021,0.89
106,엔에프씨,32860,6572,1.0,643.85,979.94,6.15,0,22,0.0,0,20201202,10800,13400,10200,13400,16950,20700,54.48,-0.052,0.88
107,포인트모바일,62181,8494,0.84,1842.97,1447.07,18.19,8,53,0.151,0,20201203,18100,15000,13000,15000,30550,30000,100.0,-0.125,0.88
108,제일전기공업,146148,14127,0.5,1396.1,1196.21,8.86,0,29,0.0,0,20201126,12100,17000,15000,17000,28650,34000,100.0,-0.08,0.86
109,티앤엘,32655,7286,1.0,1109.19,338.91,0.41,2,38,0.053,0,20201120,38600,36000,34000,38000,54000,72000,100.0,-0.104,0.83
110,하나기술,59294,4317,1.0,1802.1,1393.98,16.83,-1,27,-0.037,0,20201125,56200,35000,31000,35000,91000,70000,100.0,0.024,0.85
111,고바이오랩,577,-44067,1.0,566.54,64.33,0.03,-1,42,-0.024,0,20201118,14050,15000,18000,23000,31300,30000,100.0,-0.033,0.8
112,네패스아크,54719,4653,1.0,830.21,707.7,1.6,-1,24,-0.042,0,20201117,29500,26500,23400,26500,38700,36200,36.6,-0.138,0.78
113,소룩스,71108,5794,0.82,1660.08,1135.7,0.8,12,29,0.414,0,20201106,8810,10000,8000,10000,26000,20000,100.0,-0.193,0.71
114,위드텍,58061,11129,1.0,1185.51,1336.49,23.53,-7,31,-0.226,0,20201030,15550,25000,21000,25000,41100,37100,48.4,-0.147,0.67
115,센코,19835,-2411,0.82,366.42,848.37,2.2,2,40,0.05,0,20201029,14100,13000,10000,13000,15250,13350,2.69,-0.128,0.6
116,바이브컴퍼니,16298,-777,1.0,1266.22,1221.45,7.96,-2,54,-0.037,0,20201028,33300,28000,23000,28000,31300,40000,42.86,-0.059,0.5
117,미코바이오메드,4098,-13172,1.0,41.74,159.15,0.02,-9,46,-0.196,0,20201022,11600,15000,12000,15000,13700,16100,7.33,-0.007,0.33
118,넥스틴,9394,-2625,1.0,13.92,30.25,23.3,-1,20,-0.05,0,20201008,63200,75400,61500,75400,71600,71100,-5.7,-0.1,0.83
119,비나텍,42763,4405,1.0,1386.85,1098.1,22.47,-3,29,-0.103,0,20200923,44400,33000,27000,32000,40750,44000,33.33,0.029,0.85
120,압타머사이언스,408,-3853,1.0,1251.29,830.32,3.27,0,47,0.0,0,20200916,10900,25000,20000,25000,27750,28850,15.4,0.359,0.91
121,비비씨,19073,5653,0.78,464.19,977.5,3.9,8,40,0.2,0,20200921,11300,30700,27100,30700,22300,27650,-9.93,-0.002,0.92
122,핌스,37783,5544,0.7,1161.84,1210.28,4.39,0,31,0.0,0,20200918,14500,19000,15000,19000,18300,21000,10.53,-0.166,0.92
123,카카오게임즈,322392,33315,1.0,1524.8,1478.53,58.59,4,74,0.054,0,20200910,58100,24000,20000,24000,62400,48000,100.0,0.53,0.9
124,피엔케이피부임상연구센타,12499,5376,0.6,1727.11,1372.51,17.1,6,28,0.214,0,20200909,5500,18300,16100,18300,26800,28000,53.01,0.323,0.9
125,아이디피,23230,2916,0.79,1149.83,894.0,7.4,4,27,0.148,0,20200824,8700,9800,8800,9800,12500,13200,34.69,0.021,0.89
126,셀레믹스,5141,-2256,1.0,1176.45,1203.41,5.41,2,29,0.069,0,20200821,8720,20000,16100,20000,25800,24900,24.5,0.127,0.89
127,이루다,17779,2031,0.8,3039.55,1316.5,7.8,7,41,0.171,0,20200806,5640,9000,7500,9000,17650,18000,100.0,0.111,0.92
128,와이팜,125429,11334,0.5,712.13,407.01,8.01,1,30,0.033,0,20200731,4850,11000,9700,11000,18800,15550,41.36,0.143,0.92
129,이엔드디,58313,6194,1.0,808.62,1168.72,8.99,-1,34,-0.0289999999999999,0,20200730,27750,14400,12350,14400,21000,18200,26.39,-0.035,0.91
130,엠투아이,24715,6003,0.25,176.83,61.7,1.6,4,31,0.129,0,20200729,9370,15600,15600,18900,15900,18850,20.83,0.131,0.9
131,더네이쳐홀딩스,235344,16142,0.83,151.9,97.21,8.46,1,29,0.034,0,20200727,29700,46000,45000,50000,43000,41400,-10.0,-0.175,1.0
132,제놀루션,3951,-287,1.0,894.67,1161.09,21.36,6,36,0.1669999999999999,0,20200724,13150,14000,12000,14000,24750,28000,100.0,0.033,1.0
133,솔트룩스,15335,145,1.0,953.53,528.17,5.58,2,49,0.0409999999999999,0,20200723,10400,25000,24000,30000,34300,40000,60.0,-0.003,1.0
134,티에스아이,60918,-12175,0.74,1621.1,1283.73,4.97,7,40,0.175,0,20200722,10450,10000,7500,9500,17200,20000,100.0,-0.048,1.0
135,에이프로,67358,7578,1.0,1582.52,1090.8,10.46,6,48,0.125,0,20200716,12200,21600,19000,21600,56100,43200,100.0,-0.13,1.0
136,신도기연,48854,3189,1.0,955.01,1272.9,14.51,-3,43,-0.07,0,20200706,5120,16000,14000,16000,22400,32000,100.0,-0.156,1.0
137,위더스제약,51732,8661,0.62,1082.03,1033.41,17.36,2,47,0.043,0,20200703,8930,15900,13900,15900,34400,31800,100.0,-0.245,1.0
138,마크로밀엠브레인,39075,1952,1.0,888.01,1056.8,19.39,4,26,0.154,0,20200701,3605,6800,5200,6400,16050,13600,100.0,-0.112,1.0
139,엘이티,40933,7172,1.0,1552.16,1255.9,24.5,12,33,0.364,0,20200622,13750,7800,6400,7800,20250,15600,100.0,-0.055,1.0
140,에스씨엠생명과학,29,-40095,1.0,814.91,1032.17,7.7,3,29,0.103,0,20200617,12000,17000,14000,17000,36100,29500,73.53,0.44,1.0
141,드림씨아이에스,19200,3417,1.0,669.22,926.11,6.82,7,36,0.1939999999999999,0,20200522,14100,14900,13000,14900,30500,28000,87.92,-0.021,0.75
142,엔피디,259266,8574,1.0,32.65,307.5,8.78,-5,28,-0.179,0,20200316,2565,5400,5400,6300,3775,4860,-10.0,-0.032,0.86
143,플레이디,34711,6038,1.0,864.8,1270.7,7.55,-7,44,-0.159,0,20200312,5910,8500,6800,7700,8800,11250,32.35,0.108,0.83
144,서울바이오시스,368194,5857,1.0,942.7,1119.0,10.5,-1,24,-0.042,0,20200306,7720,7500,6500,7500,11100,13000,73.33,-0.06,0.8
145,제이앤티씨,229357,28114,1.0,3.48,1077.88,6.72,-3,37,-0.081,0,20200304,5230,11000,8500,10500,10350,10200,-7.27,-0.121,1.0
146,켄코아에어로스페이스,28937,-9409,0.83,256.68,120.75,2.55,8,28,0.286,0,20200303,11800,10000,13000,15000,10250,11500,15.0,-0.117,1.0
147,레몬,31438,-2377,1.0,800.07,426.0,6.3,-5,71,-0.07,0,20200228,5990,7200,6200,7200,10400,8620,19.72,0.192,1.0
148,서남,4854,-1449,1.0,881.6,1228.4,5.21,-5,73,-0.068,0,20200220,2920,3100,2700,3100,4750,3900,25.81,0.173,1.0
149,위세아이텍,16549,1505,1.0,1076.62,1105.93,6.95,8,13,0.615,0,20200210,11800,12000,10000,11200,12400,13900,15.83,0.026,0.73
150,피피아이,38120,2549,1.0,1147.7,997.33,2.47,4,23,0.174,0,20191226,2895,7000,6000,7000,9630,11000,57.14,-0.033,0.72
151,메탈라이프,19270,3742,1.0,1397.97,1288.21,22.46,3,29,0.103,0,20191224,11400,13000,10500,13000,33800,26000,100.0,-0.096,0.7
152,신테카바이오,287,-3747,1.0,123.2,75.61,1.32,5,49,0.102,0,20191217,11050,12000,15000,19000,16700,14950,24.58,0.314,0.7
153,태웅로직스,24394,7318,1.0,618.52,1024.98,2.53,4,24,0.1669999999999999,0,20191210,5140,4500,3700,4500,6110,8170,81.56,-0.047,0.72
154,코리아센터,189670,4874,0.9,4.13,37.77,6.04,5,57,0.088,0,20191129,5490,18000,24000,27200,22850,23000,27.78,-0.134,0.7
155,노터스,36308,3747,1.0,22.31,699.46,0.59,10,30,0.3329999999999999,0,20191127,6980,20000,17000,20000,36500,29750,48.75,-0.122,0.68
156,코리아에셋투자증권,165962,5507,1.0,231.78,945.66,2.25,2,30,0.067,0,20191120,9970,10000,8000,10000,8290,9900,-1.0,0.7,0.78
157,씨에스베어링,50364,3232,0.6,699.67,1246.86,4.65,5,32,0.156,0,20191121,10150,8400,7400,8400,8950,8400,0.0,0.137,0.74
158,에스제이그룹,68630,3531,1.0,512.93,946.62,13.56,2,14,0.143,0,20191118,21650,38600,32000,38600,46400,43500,12.69,-0.219,0.73
159,아이티엠반도체,228237,18159,0.91,321.09,1078.5,15.8,6,32,0.188,0,20191107,34200,26000,23000,26000,24700,26750,2.88,-0.034,0.91
160,티라유텍,22771,1525,1.0,1164.16,1240.9,11.9,4,33,0.121,0,20191031,9160,12050,10550,12050,20650,24100,100.0,0.191,0.88
161,미디어젠,13383,-533,1.0,573.16,576.27,1.88,7,23,0.304,0,20191105,9970,10600,9400,10600,9150,11250,6.13,-0.101,0.89
162,캐리소프트,9969,-2189,1.0,1067.0,924.83,2.7,1,42,0.024,0,20191029,7030,9000,7000,9000,13850,12100,34.44,0.069,0.83
163,케이엔제이,51107,1698,1.0,1104.68,1144.3,5.5,12,37,0.324,0,20191025,11450,11000,8400,11000,14900,15700,42.73,-0.024,0.8
164,엔바이오니아,8545,648,1.0,910.32,425.8,3.8,9,38,0.237,0,20191024,9020,8200,8200,10300,12100,10700,30.49,-0.097,0.75
165,팜스빌,19833,4815,0.86,674.04,1035.53,7.05,9,34,0.265,0,20191022,12800,14000,11000,14000,14350,16800,20.0,-0.005,0.67
166,라온피플,21764,6250,1.0,2.07,330.36,1.5,10,29,0.345,0,20191018,6860,14000,14000,17000,15550,13300,-5.0,-0.162,1.0
167,아톤,28033,4096,0.8,653.96,810.88,9.5,6,31,0.1939999999999999,0,20191017,30250,43000,30000,43000,42850,46050,7.09,-0.162,1.0
168,녹십자웰빙,53883,5678,1.0,657.66,657.93,4.49,12,45,0.267,0,20191014,8150,11300,9400,11300,12500,11900,5.31,-0.132,0.64
169,올리패스,488,-27825,1.0,419.4,11.07,0.4,1,39,0.026,0,20190920,5380,20000,37000,45000,24800,30600,53.0,-0.102,0.62
170,한독크린텍,39627,4165,1.0,728.28,1117.61,8.77,3,37,0.081,0,20190905,11000,15100,13300,15100,19250,24500,62.25,-0.014,0.58
171,에스피시스템스,46873,3235,0.68,786.16,1116.32,13.68,0,16,0.0,0,20190814,10200,4900,4300,4900,12700,9800,100.0,0.107,0.53
172,레이,47565,6779,1.0,779.56,1013.19,10.27,-1,79,-0.013,0,20190808,24300,20000,17000,20000,24750,25150,25.75,0.012,0.5
173,코윈테크,76832,10339,1.0,0.48,163.54,0.9,0,23,0.0,0,20190805,28650,34500,28400,34500,21750,31050,-10.0,0.193,0.5
174,그린플러스,42151,2213,1.0,700.96,863.94,5.85,6,32,0.188,0,20190807,13550,10000,8500,10000,10700,11150,11.5,-0.052,0.46
175,덕산테코피아,70930,18783,0.79,1.96,348.63,7.17,1,36,0.0279999999999999,0,20190802,16200,19000,17000,19000,15600,17100,-10.0,-0.011,0.55
176,슈프리마아이디,18081,3571,0.76,707.26,1124.05,13.14,1,24,0.042,0,20190801,17000,27000,23000,27000,28000,34750,28.7,0.155,0.5
177,윌링스,54327,4294,0.7,532.83,1082.15,18.18,3,33,0.091,0,20190725,11450,12500,10000,12500,29600,22800,82.4,0.01,0.43
178,에이스토리,46446,2320,1.0,131.51,614.25,3.56,5,34,0.147,0,20190719,27800,14300,11600,14300,-,12900,-9.79,-0.019,0.4
179,플리토,3505,-3761,0.67,710.71,1133.0,22.0,-1,58,-0.017,0,20190717,41900,26000,19000,23000,27800,31600,21.54,0.033,0.25
180,세틀뱅크,57164,11995,0.64,309.6,1122.0,14.8,6,41,0.146,0,20190712,23350,55000,44000,49000,51600,49500,-10.0,-0.087,0.33
181,아이스크림에듀,86608,7108,1.0,5.7,124.73,1.34,3,36,0.083,0,20190711,5360,15900,15900,18000,11700,14350,-9.75,0.26,0.5
182,에이에프더블류,30330,8713,0.52,552.22,866.03,13.72,6,37,0.162,0,20190701,3800,22500,19500,22500,21750,28000,24.44,-0.038,0.67
183,압타바이오,300,-31123,1.0,663.03,856.41,35.1,-2,45,-0.044,0,20190612,21150,30000,21000,25000,38900,50200,67.33,0.227,0.6
184,까스텔바쟉,84152,6356,0.28,3.4,32.53,3.86,0,37,0.0,0,20190610,11000,12000,16000,19000,19250,17000,41.67,-0.228,0.5
185,마이크로디지탈,4554,-30,1.0,1116.34,621.48,2.29,0,24,0.0,0,20190605,5360,23000,20000,23000,39100,41050,78.48,0.033,0.33
186,컴퍼니케이파트너스,9866,3336,1.0,850.46,865.66,27.8,5,28,0.179,0,20190523,6460,4500,3600,4000,10650,8200,82.22,-0.083,0.0
187,수젠텍,3440,-20960,1.0,1.48,75.21,3.15,7,35,0.2,0,20190528,14050,12000,12000,14000,10150,11150,-7.08,0.017,0.5
188,아모그린텍,111297,-5238,0.79,22.13,164.22,3.05,3,25,0.12,0,20190329,12350,9900,8800,9900,10200,10300,4.04,-0.017,1.0
189,지노믹트리,454,-2113,1.0,13.1,372.0,22.8,-1,34,-0.0289999999999999,0,20190327,13000,27000,17000,25000,27300,29450,9.07,0.027,1.0
190,이지케어텍,55374,3606,1.0,1272.11,1108.03,40.25,5,39,0.128,0,20190322,26450,12300,10100,12300,31950,24600,100.0,-0.046,1.0
191,미래에셋벤처투자,54949,6305,1.0,1021.77,441.4,3.7,4,51,0.078,0,20190315,6250,4500,3700,4500,5310,6150,36.67,-0.145,1.0
192,에코프로비엠,289870,15159,1.0,273.78,988.49,45.04,2,26,0.077,0,20190305,128000,48000,37500,42900,63200,61100,27.29,-0.037,1.0
193,천보,87606,14822,0.8,426.09,891.1,15.8,10,43,0.233,0,20190211,247200,40000,35000,40000,47650,52500,31.25,-0.013,1.0
194,이노테라피,180,-3012,1.0,463.37,154.44,2.83,2,28,0.071,0,20190201,9300,18000,20200,25200,19350,22200,23.33,-0.092,1.0
195,노랑풍선,83822,10436,0.73,1025.2,978.43,12.42,8,56,0.143,0,20190130,-,20000,15500,19000,34150,30350,51.75,0.039,1.0
196,웹케시,77086,3679,1.0,9473.1,614.0,6.8,8,36,0.222,0,20190125,18000,26000,24000,26000,28500,31700,21.92,0.127,0.63
197,유틸렉스,133,-9593,1.0,322.96,597.2,18.63,1,42,0.024,0,20181224,5750,50000,38000,50000,78100,60100,20.2,0.314,0.6
198,디케이티,117043,4611,1.0,780.32,771.42,3.5,0,11,0.0,0,20181221,-,7400,6000,7400,10550,12900,74.32,-0.062,0.59
199,에이비엘바이오,71,-74734,1.0,0.78,60.08,10.99,0,27,0.0,0,20181219,22300,15000,13000,17000,13650,13500,-10.0,0.02,0.59
200,위지윅스튜디오,12989,499,1.0,6.84,177.33,1.13,-2,12,-0.1669999999999999,0,20181220,-,11000,9000,13000,9350,11250,2.27,0.244,0.58
201,머큐리,138330,4443,0.5,930.39,749.57,13.35,3,79,0.038,0,20181214,-,6100,5200,6100,7800,9630,57.87,0.027,0.58
202,전진바이오팜,3136,-3041,1.0,24.8,14.69,27.2,-8,23,-0.348,0,20181214,4055,10000,15000,17000,12750,11550,15.5,-0.023,0.57
203,이노메트리,14063,1177,1.0,791.16,765.22,11.39,1,15,0.067,0,20181212,-,26000,21000,25000,29550,40000,53.85,-0.069,0.57
204,티앤알바이오팹,406,-4058,1.0,500.35,101.9,1.0,0,40,0.0,0,20181128,19150,18000,18000,23000,12500,16200,-10.0,0.295,0.7
205,엠아이텍,22541,2051,0.5,883.39,472.57,0.42,8,39,0.205,0,20181129,-,4500,3900,4500,4770,4050,-10.0,-0.052,0.64
206,네오펙트,7288,160,1.0,400.8,338.01,0.89,1,38,0.026,0,20181128,2215,11000,10000,12500,7700,9900,-10.0,-0.084,0.74
207,남화산업,14214,8543,1.0,858.4,822.09,6.14,-1,10,-0.1,0,20181129,-,3700,3100,3700,7290,5610,51.62,-0.142,0.61
208,싸이토젠,850,-2149,1.0,705.49,608.85,0.7,-1,28,-0.036,0,20181122,61200,17000,13000,17000,15600,17800,4.71,-0.024,0.75
209,디알젬,49324,4132,1.0,832.96,785.43,1.05,5,27,0.185,0,20181122,-,6500,5000,7000,6760,8470,30.31,-0.109,0.76
210,파멥신,209,-6483,1.0,322.78,764.16,18.81,-1,47,-0.021,0,20181121,3650,60000,43000,55000,63600,58100,-3.17,-0.095,0.8
211,디자인,30472,2225,1.0,665.04,771.73,3.86,0,80,0.0,0,20181115,-,10100,9000,10100,15200,20200,100.0,-0.009,0.83
212,노바렉스,80854,8567,1.0,631.42,48.64,18.99,-1,43,-0.023,0,20181114,32250,19000,19000,24000,20100,25450,33.95,-0.081,0.82
213,셀리버리,2774,-15008,1.0,808.45,698.98,16.8,2,43,0.047,0,20181109,16300,25000,20000,25000,28700,32000,28.0,-0.05,0.8
214,대보마그네틱,13165,3760,0.73,837.58,995.4,45.41,6,27,0.222,0,20181106,-,31000,22500,25500,58500,60200,94.19,-0.034,0.78
215,엘앤씨바이오,17901,3753,1.0,985.59,937.08,17.27,5,15,0.3329999999999999,0,20181101,-,24000,18000,20000,26950,29800,24.17,-0.122,0.71
216,노바텍,21284,3975,0.7,326.67,66.32,0.03,3,35,0.086,0,20181102,-,10000,12500,16500,18300,14100,41.0,0.359,0.75
217,옵티팜,13857,-1567,0.74,463.49,94.57,11.6,-1,21,-0.048,0,20181026,9600,10000,10000,12000,11700,9000,-10.0,0.075,0.83
218,로보티즈,17914,1781,1.0,1043.92,958.6,39.8,4,54,0.074,0,20181026,22950,14000,9200,11300,19600,28000,100.0,0.22,0.8
219,에스퓨얼셀,20295,2789,0.66,857.78,942.85,40.5,-1,11,-0.091,0,20181015,21700,16500,10600,14000,33800,33000,100.0,0.098,0.75
220,푸드나무,34826,3922,0.86,914.05,791.08,16.5,1,39,0.026,0,20181004,21900,24000,18700,22700,34000,43350,80.63,0.065,0.5
221,지티지웰니스,23053,2459,1.0,514.16,946.89,4.22,1,22,0.045,0,20180921,-,11000,9000,9800,-,15250,38.64,0.07,0.78
222,명성티엔에스,64575,5857,0.62,804.79,745.56,11.73,0,19,0.0,0,20180913,-,20000,16100,18700,28600,22000,10.0,-0.061,0.75
223,디지캡,16311,2045,0.61,931.79,979.06,4.18,4,28,0.143,0,20180907,-,12000,8500,10500,10900,13250,10.42,0.061,0.73
224,액트로,50659,5654,1.0,545.42,132.07,1.86,-1,4,-0.25,0,20180828,7160,20000,20000,24000,18000,20700,3.5,-0.125,0.71
225,에이피티씨,41122,10850,1.0,22.69,20.99,8.7,3,30,0.1,0,20180823,16600,9000,11500,13000,7980,9310,3.44,-0.09,0.67
226,오파스넷,71416,3080,1.0,1401.36,861.66,14.22,2,20,0.1,0,20180824,-,11000,8500,9700,14200,18000,63.64,0.168,0.69
227,바이오솔루션,5011,-1806,1.0,302.62,174.79,5.04,-4,35,-0.114,0,20180820,16400,29000,24000,29000,28500,28200,-2.76,0.156,0.73
228,에스에스알,11326,2515,1.0,1231.66,928.44,41.62,2,22,0.091,0,20180806,5350,9000,6600,7500,23400,18000,100.0,-0.048,0.62
229,휴네시온,13193,2995,0.85,827.74,751.89,8.9,2,31,0.065,0,20180802,-,10000,8700,10000,16350,15000,50.0,-0.037,0.57
230,디아이티,85994,11909,1.0,11.1,105.14,6.8,0,23,0.0,0,20180807,-,10000,9400,10400,10650,10550,5.5,-0.065,0.67
231,한국유니온제약,47470,4420,1.0,1015.13,918.99,9.4,2,43,0.047,0,20180726,-,18000,13500,16000,19500,23000,27.78,-0.044,0.5
232,엠코르셋,124300,7757,0.8,51.47,766.05,16.4,-1,17,-0.059,0,20180723,-,11500,10100,11500,12950,11050,-3.91,-0.214,0.67
233,올릭스,244,-5164,1.0,847.09,876.72,74.03,4,52,0.077,0,20180718,22600,36000,26000,30000,65600,72000,100.0,0.102,0.5
234,아이큐어,35674,240,1.0,331.42,642.1,5.08,4,44,0.091,0,20180712,13350,65000,44000,55000,60600,58500,-10.0,0.024,1.0
235,에스브이인베스트먼트,10450,2113,1.0,974.23,786.73,4.7,1,4,0.25,0,20180706,-,7000,5600,6300,7710,9000,28.57,0.014,1.0
236,파워넷,137731,6114,0.5,1144.0,590.6,7.66,2,18,0.111,0,20180607,4370,6500,5500,6500,7750,10100,55.38,0.718,1.0
237,현대사료,106532,3513,1.0,1690.0,839.16,31.92,3,30,0.1,0,20180601,-,6600,5700,6600,17150,13200,100.0,0.061,1.0
238,세종메디칼,12773,3192,0.6,922.71,836.68,39.75,-1,29,-0.034,0,20180529,-,15000,10800,13700,30000,23100,54.0,-0.061,1.0
239,제노레이,35467,2905,0.75,1028.72,907.12,32.59,3,28,0.107,0,20180528,8930,23000,17500,20500,37350,45900,99.57,0.165,1.0
240,케어랩스,18597,1935,1.0,886.14,934.42,40.19,7,38,0.184,0,20180328,-,20000,15000,18000,52000,40000,100.0,0.652,0.85
241,린드먼아시아인베스트먼트,6335,2802,1.0,1039.51,640.8,27.4,1,21,0.048,0,20180314,-,6500,5000,5500,16900,13000,100.0,0.157,0.9
242,엔지켐생명과학,21835,-6332,1.0,342.31,258.68,13.25,-1,46,-0.022,0,20180221,21200,56000,45000,70000,85200,87000,55.36,-0.033,0.88
243,오스테오닉,6640,1541,1.0,998.83,442.0,1.7,-1,33,-0.03,0,20180222,2950,7700,5800,7500,13100,15400,100.0,0.065,0.89
244,동구바이오제약,87363,10923,0.92,836.67,727.7,53.41,1,55,0.018,0,20180213,6800,16000,12000,14500,41600,32000,100.0,0.038,0.86
245,아시아종묘,21313,2409,1.0,243.2,239.52,4.39,2,34,0.059,0,20180212,-,4500,4200,5200,4570,4520,0.44,0.059,0.8
246,알리코제약,48127,2243,1.0,697.3,389.27,9.38,7,33,0.212,0,20180212,-,12000,10000,13000,23500,18100,50.83,-0.043,0.83
247,카페24,118080,-1272,1.0,731.58,672.71,42.9,2,61,0.033,0,20180208,13350,57000,43000,57000,84700,84500,48.25,-0.016,0.75
248,링크제니시스,10195,1758,1.0,1184.36,754.6,35.9,8,29,0.276,0,20180205,-,30000,22000,25000,40500,53000,76.67,0.869,0.67
249,배럴,24247,3713,1.0,369.78,298.48,9.06,-41,79,-0.519,0,20180201,-,9500,8000,9500,13500,10400,9.47,-0.018,0.5
250,시스웍,24178,5347,1.0,830.31,78.86,0.44,4,25,0.16,0,20171226,-,2800,3300,3900,3390,3810,36.07,-0.151,0.65
251,메카로,48134,2926,1.0,664.69,719.26,42.07,20,76,0.263,0,20171206,-,33000,25000,30000,38500,43000,30.3,-0.043,0.83
252,씨티케이코스메틱스,133888,23325,1.0,145.75,188.65,6.6,6,36,0.1669999999999999,0,20171207,-,55000,46000,55000,42300,49500,-10.0,-0.123,0.85
253,에스트래픽,88748,8209,1.0,1128.18,605.02,13.4,13,42,0.31,0,20171205,-,10000,8000,10000,15000,20000,100.0,0.372,0.82
254,체리부로,290878,16031,0.67,616.6,265.38,0.4,2,45,0.044,0,20171204,-,4700,4300,4700,3980,5020,6.81,-0.064,0.8
255,비즈니스온커뮤니케이션,11711,2626,1.0,1075.91,513.97,14.9,3,25,0.12,0,20171130,-,9000,8100,9000,14000,16900,87.78,-0.0,0.75
256,에스엔피월드,27164,3856,1.0,661.5,534.27,4.97,4,23,0.174,0,20170928,-,5100,4300,5100,5270,5100,0.0,0.0264089456869009,0.67
257,야스,82982,13064,0.73,0.52,28.9,7.15,2,57,0.035,0,20170929,9630,23500,23500,26500,19100,21150,-10.0,-0.118,0.64
258,유티아이,38852,13037,-17.0,3.44,5.05,0.4,2,25,0.08,0,20170927,-,25000,28000,33000,-,22500,-10.0,0.088,0.7
259,신흥에스이씨,90112,5552,0.5,731.42,482.4,33.1,0,33,0.0,0,20170927,-,16000,11000,14000,-,29400,83.75,0.005,0.68
260,엠플러스,28031,3542,0.8,1003.24,596.2,27.2,0,24,0.0,0,20170920,-,18000,14000,16000,23400,28350,57.5,-0.032,0.71
261,샘코,28814,2044,1.0,207.0,19.26,0.96,5,33,0.152,0,20170915,-,11000,14000,18000,10250,12000,9.09,-0.185,0.67
262,앱클론,3120,-1597,1.0,799.09,564.87,21.72,4,37,0.108,0,20170918,13100,10000,8000,10000,26000,20000,100.0,0.426,0.69
263,펄어비스,33690,24425,1.0,0.43,62.4,6.22,8,59,0.136,0,20170914,59200,103000,80000,103000,98900,92700,-10.0,0.505,0.71
264,덕우전자,76328,10785,0.6,586.43,282.69,11.35,7,24,0.292,0,20170828,-,15500,13500,15500,15850,16900,9.03,-0.054,0.75
265,이더블유케이,28570,3263,0.75,1160.15,588.13,25.95,5,24,0.208,0,20170822,-,5000,4200,5000,11950,10000,100.0,-0.023,0.73
266,알에스오토메이션,70698,3004,1.0,1058.82,656.89,61.0,0,18,0.0,0,20170811,-,6000,5250,6000,15500,11950,99.17,0.465,0.7
267,모트렉스,200359,15018,0.85,422.73,357.12,11.24,3,32,0.094,0,20170804,-,38300,31200,38300,33400,38000,-0.78,-0.083,0.88
268,디앤씨미디어,18893,3012,1.0,563.1,539.1,33.5,1,40,0.025,0,20170801,-,20000,17000,20000,27300,32300,61.5,0.153,0.8
269,데이타솔루션,100820,3054,0.7,733.74,395.83,23.09,5,45,0.111,0,20170803,-,3300,2700,3300,5680,6600,100.0,-0.002,0.86
270,지니언스,20615,3658,1.0,922.71,620.04,14.5,2,26,0.077,0,20170802,-,13500,12000,13500,15200,20050,48.52,0.352,0.83
271,셀트리온헬스케어,402389,28641,1.0,6.95,38.06,12.5,-7,64,-0.109,0,20170728,72500,41000,32500,41000,50300,43650,6.46,-0.08,0.75
272,이즈미디어,39808,4167,0.92,13.87,129.22,1.38,-1,14,-0.071,0,20170726,-,7500,7500,10000,9360,8400,12.0,-0.092,0.67
273,힘스,50876,4951,1.0,795.94,729.64,27.48,0,23,0.0,0,20170720,-,20000,15500,18800,33000,32500,62.5,0.046,0.5
274,제일홀딩스,6196498,371783,1.0,20.67,113.98,2.88,-4,64,-0.062,0,20170630,8480,20700,20700,22700,19050,18650,-9.9,-0.01,0.75
275,보라티알,6963,829,1.0,1026.34,557.61,13.3,-1,18,-0.0559999999999999,0,20170608,-,14300,12500,14300,17600,18900,32.17,-0.015,0.71
276,삼양옵틱스,57221,13419,1.0,2.88,33.2,8.7,2,38,0.053,0,20170602,-,16700,16700,20600,16800,16700,0.0,-0.037,0.83
277,필옵틱스,177220,14820,1.0,588.96,647.18,13.25,-1,20,-0.05,0,20170601,-,48000,41000,48000,56000,48200,0.42,0.063,0.8
278,하나머티리얼즈,52713,7608,1.0,955.33,689.9,49.73,2,25,0.08,0,20170428,-,12000,10000,12000,15950,17500,45.83,0.002,1.0
279,와이엠티,49939,7742,0.88,841.57,706.16,42.75,1,9,0.111,0,20170427,-,21000,16500,18500,31050,35100,67.14,0.489,1.0
280,이엘피,16079,3204,1.0,738.15,527.12,11.26,5,27,0.185,0,20170406,-,20000,17000,20000,22400,22000,10.0,-0.037,0.75
281,서진시스템,36021,6491,0.9,742.06,588.93,36.65,3,18,0.1669999999999999,0,20170327,-,25000,21000,25000,37350,40000,60.0,-0.101,0.73
282,코미코,38664,7157,0.4,745.44,580.68,30.91,9,41,0.22,0,20170323,-,13000,11000,13000,21500,29050,123.46,-0.007,0.7
283,모바일어플라이언스,53720,1679,0.27,636.77,471.31,19.13,0,28,0.0,0,20170224,-,3500,3000,3500,5980,5900,68.57,0.396,0.25
284,에프엔에스테크,44578,2794,1.0,840.67,624.02,6.26,0,14,0.0,0,20170227,-,14000,11000,13000,17450,17050,21.79,-0.12,0.4
285,신신제약,51614,3886,1.0,72.5,40.88,0.06,1,28,0.036,0,20170228,-,4500,5900,6700,8020,6170,37.11,-0.107,0.5
286,피씨엘,243,-1864,1.0,2.01,6.61,0.46,0,22,0.0,0,20170223,-,8000,10500,13000,9160,7800,-2.5,0.004,0.33
287,서플러스글로벌,94114,8975,0.96,548.0,81.31,1.04,-2,33,-0.061,0,20170125,-,8000,7400,9400,7140,8500,6.25,-0.054,0.0
288,퓨전데이타,18784,2766,1.0,572.56,345.36,12.05,5,33,0.152,0,20161221,-,11500,10000,11500,19800,20750,80.43,-0.011,0.53
289,뉴파워프라즈마,50265,8181,1.0,521.29,501.2,7.8,-3,20,-0.15,0,20161130,-,17500,15000,17000,16800,17500,0.0,0.007,0.6
290,오션브릿지,25389,3496,1.0,1135.44,617.92,10.75,0,10,0.0,0,20161201,-,6600,5400,6600,6700,7730,17.12,-0.062,0.59
291,클리오,106914,17651,0.5,5.68,153.08,10.42,5,43,0.1159999999999999,0,20161109,-,41000,36400,41000,36800,39950,-2.56,-0.019,0.6
292,오가닉티코스메틱,136188,34661,1.0,672.42,672.02,11.3,7,43,0.163,0,20161104,-,4000,3200,3700,5730,6510,62.75,-0.033,0.57
293,로고스바이오시스템스,3870,-250,1.0,208.48,190.16,0.53,2,16,0.125,0,20161103,-,25500,22200,25500,21350,25500,0.0,-0.139,0.62
294,인크로스,26514,-230,0.62,1047.5,492.1,6.1,1,23,0.043,0,20161031,-,43000,38000,43000,47400,67700,57.44,0.102,0.58
295,코스메카코리아,99150,5027,1.0,391.4,573.0,30.8,1,22,0.045,0,20161028,-,54000,48000,54000,62500,71400,32.22,-0.068,0.55
296,인텔리안테크놀로지스,49296,4925,1.0,744.63,319.0,1.3,0,22,0.0,0,20161018,-,19000,18000,20500,17050,18750,-1.32,-0.124,0.5
297,에이치시티,24454,4894,1.0,127.28,95.67,11.6,1,24,0.042,0,20161017,-,17000,19200,22500,17550,19500,14.71,-0.066,0.4
298,앤디포스,57458,13758,0.71,524.2,406.09,10.6,4,30,0.133,0,20161012,-,14500,13000,14500,18800,17500,20.69,-0.102,0.0
299,엔지스테크널러지,6328,1753,1.0,562.94,475.6,21.2,0,13,0.0,0,20160728,-,10000,8900,10000,24700,19000,90.0,0.015,0.86
300,팍스넷,20588,3631,1.0,946.51,753.07,5.19,5,28,0.179,0,20160801,-,5200,4600,5200,12550,10400,100.0,0.011,0.78
301,우리손에프앤지,155022,14990,0.5,638.97,455.1,40.4,1,14,0.071,0,20160727,-,2210,1935,2210,2910,4000,81.0,0.049,0.83
302,옵토팩,31661,-356,1.0,371.21,397.4,2.82,-4,16,-0.25,0,20160720,-,5900,5000,5900,8070,6210,5.25,-0.139,0.8
303,바이오리더스,1167,-5429,1.0,1222.58,352.2,6.5,4,37,0.108,0,20160707,-,15000,11000,15000,14200,17100,14.0,-0.094,1.0
304,피앤씨테크,23950,4889,1.0,679.77,306.39,10.89,8,36,0.222,0,20160704,-,10200,9000,10200,10350,11000,7.84,0.043,0.8
305,에스티팜,138052,25189,1.0,236.85,717.41,60.03,0,51,0.0,0,20160623,-,29000,24000,27000,48800,47000,62.07,0.07,0.67
306,녹십자랩셀,34489,2260,1.0,79976.0,733.72,51.66,5,55,0.091,0,20160623,-,18500,13600,15900,48100,37000,100.0,0.102,0.71
307,레이언스,77943,3217,1.0,328.14,430.31,20.7,0,22,0.0,0,20160411,10450,25000,22000,25000,23050,23700,-5.2,-0.033,0.5
308,씨엠에스에듀,38273,6408,1.0,185.81,302.17,28.83,2,16,0.125,0,20160407,-,23200,19000,23200,24950,26800,15.52,-0.095,0.0
309,팬젠,3400,-2120,1.0,1073.0,614.46,14.04,3,16,0.188,0,20160311,-,16500,12500,16500,22300,24900,50.91,0.092,1.0
310,큐리언트,215,-10706,1.0,959.28,709.15,35.24,2,24,0.083,0,20160229,-,21000,18000,21000,39000,33900,61.43,-0.179,1.0
311,안트로젠,1834,-1416,1.0,1442.55,531.1,30.6,1,37,0.027,0,20160215,21950,24000,17000,22000,39100,38000,58.33,0.04,1.0
312,아이엠텍,46553,5180,1.0,138.9,112.3,25.0,6,42,0.143,0,20160203,-,7500,6500,7500,12350,8500,13.33,-0.025,1.0
313,유니트론텍,86379,5657,1.0,1112.76,455.8,21.7,1,19,0.053,0,20160202,-,14000,12300,14000,24850,25300,80.71,0.093,1.0
314,한솔씨앤피,50873,3745,1.0,789.84,136.97,5.97,2,29,0.069,0,20160127,-,13000,13000,16800,19600,18950,45.77,0.0264089456869009,0.64
315,코디엠,38105,1914,1.0,599.99,39.79,2.51,3,18,0.1669999999999999,0,20151229,-,4700,4700,5800,6100,7490,59.36,0.0264089456869009,0.64
316,이에스브이,32746,2239,1.0,558.9,23.29,2.38,0,33,0.0,0,20151224,-,10000,13000,15000,13600,18500,85.0,0.0264089456869009,0.59
317,아진산업,134258,15665,1.0,0.47,11.61,8.7,-3,22,-0.136,0,20151222,-,6500,6500,7500,6320,7620,17.23,0.0264089456869009,0.57
318,휴젤,23269,10758,1.0,91.63,6.7,8.61,4,39,0.103,0,20151224,-,150000,190000,210000,168300,199500,33.0,0.0264089456869009,0.61
319,한국맥널티,19421,5340,1.0,479.79,60.5,0.2,1,47,0.021,0,20151223,-,8000,10500,11500,13250,16000,100.0,0.0264089456869009,0.58
320,덱스터,18665,2862,1.0,500.76,255.31,33.1,2,54,0.037,0,20151222,-,14000,11000,14000,28800,24800,77.14,0.0264089456869009,0.55
321,메가엠디,61775,5146,1.0,280.82,16.67,7.5,-3,18,-0.1669999999999999,0,20151218,-,3000,3600,4600,3800,5020,67.33,0.0264089456869009,0.5
322,씨트리,17164,305,1.0,199.96,4.7,0.6,0,32,0.0,0,20151221,14750,6500,8300,10200,12000,9250,42.31,0.0264089456869009,0.54
323,파크시스템스,15293,-717,1.0,7.55,50.29,57.3,6,25,0.24,0,20151217,-,9000,9000,11000,8660,11000,22.22,0.0264089456869009,0.48
324,예스티,40423,670,1.0,9.8,32.9,73.3,5,28,0.179,0,20151216,-,14500,14500,18500,18000,15500,6.9,0.0264089456869009,0.41
325,뉴트리바이오텍,45409,2388,1.0,2.38,93.92,28.32,8,39,0.205,0,20151216,-,21000,21000,24000,29000,23000,9.52,0.0264089456869009,0.43
326,엔에스,20780,1614,1.0,29.5,179.61,21.42,3,53,0.057,0,20151207,-,8000,6300,7200,14750,12950,61.88,0.0264089456869009,0.35
327,미래테크놀로지,17388,3897,1.0,1.5,117.3,5.7,2,59,0.034,0,20151201,-,16100,14300,16100,13700,14950,-7.14,0.0264089456869009,0.37
328,엠지메드,4691,208,1.0,1350.05,715.39,14.86,5,31,0.161,0,20151120,-,40000,33000,40000,36300,41000,2.5,0.0264089456869009,0.38
329,매직마이크로,53279,3413,1.0,36.57,75.03,1.33,3,22,0.136,0,20151119,-,5500,5200,6400,4850,5420,-1.45,0.0264089456869009,0.46
330,케이디켐,43295,4401,1.0,5.46,66.2,3.0,0,12,0.0,0,20151119,-,16000,14700,17800,12500,14850,-7.19,0.0264089456869009,0.43
331,하이즈항공,31291,3109,1.0,3.08,47.27,0.89,10,30,0.3329999999999999,0,20151125,-,18000,23000,26000,16800,16200,-10.0,0.0264089456869009,0.41
332,리드,40483,2004,1.0,45.64,42.89,7.0,13,80,0.162,0,20151120,-,5100,4500,5100,3945,4590,-10.0,0.0264089456869009,0.4
333,네오오토,108776,6831,1.0,34.44,113.08,3.54,0,9,0.0,0,20151118,-,12000,11400,12800,10000,11800,-1.67,0.0264089456869009,0.5
334,아이진,27546,-2926,1.0,267.72,408.1,7.5,-1,23,-0.043,0,20151116,-,13500,12000,13500,13100,12900,-4.44,0.0264089456869009,0.6
335,나무가,218331,1822,1.0,0.91,108.34,3.62,-1,80,-0.012,0,20151112,-,37000,32000,37000,33000,33400,-9.73,0.0264089456869009,0.67
336,유앤아이,15639,1553,1.0,638.25,377.4,4.0,-2,50,-0.04,0,20151112,-,30000,25000,30000,24350,28650,-4.5,0.0264089456869009,0.75
337,케어젠,28584,14155,1.0,263.19,833.46,62.0,9,24,0.375,0,20151117,-,110000,80000,90000,107000,101500,-7.73,0.0264089456869009,0.55
338,더블유게임즈,71257,27908,1.0,241.18,413.82,14.66,7,41,0.171,0,20151104,-,65000,51000,61000,62500,65100,0.15,0.0264089456869009,0.8
339,연우,168759,8670,1.0,680.0,317.0,51.0,7,64,0.109,0,20151102,-,25200,20300,25200,36550,28150,11.71,0.0264089456869009,0.75
340,에이티젠,1678,-6031,1.0,1166.97,695.7,40.6,0,22,0.0,0,20151023,-,17000,12500,14500,25800,34000,100.0,0.0264089456869009,0.67
341,에치디프로,66063,2664,1.0,843.36,362.84,6.21,2,15,0.133,0,20151013,-,8900,7800,8900,8650,9580,7.64,0.0264089456869009,0.0
342,타이거일렉,25327,2694,1.0,241.92,230.02,1.36,-1,22,-0.045,0,20150925,-,6000,6000,6900,7430,5720,-4.67,0.0264089456869009,0.69
343,제너셈,32193,5028,1.0,797.33,326.77,4.15,12,34,0.353,0,20150925,-,10500,9000,10500,10500,11000,4.76,0.0264089456869009,0.65
344,인포마크,70657,3389,1.0,381.0,251.2,12.0,4,22,0.182,0,20150923,-,14000,12000,14000,20100,25000,78.57,0.0264089456869009,0.69
345,웹스,27878,3328,1.0,1114.21,438.83,33.54,2,17,0.118,0,20150824,4050,7200,6500,7200,8000,11400,58.33,0.0264089456869009,0.67
346,파인텍,141968,11825,1.0,1041.73,382.64,45.68,-4,35,-0.114,0,20150817,-,10500,9000,10500,17100,21000,100.0,0.0264089456869009,0.7
347,흥국에프엔비,35084,6272,1.0,1001.61,666.88,63.87,1,20,0.05,0,20150807,-,20000,14500,17500,52000,40000,100.0,0.0264089456869009,0.67
348,아시아경제신문사,32652,4325,1.0,12.31,280.85,15.82,0,7,0.0,0,20150731,-,3600,3200,3600,4210,3240,-10.0,0.0264089456869009,0.71
349,아이쓰리시스템,30914,5314,1.0,1506.57,768.0,37.6,3,44,0.068,0,20150730,-,36000,28500,31500,58000,63000,75.0,0.0264089456869009,0.67
350,로지시스,32026,1745,1.0,396.82,345.68,13.28,-1,17,-0.059,0,20150729,-,2500,2000,2500,5430,4180,67.2,0.0264089456869009,0.6
351,파마리서치프로덕트,24765,8838,1.0,561.0,728.06,57.9,1,29,0.034,0,20150724,-,55000,40000,47000,114500,110000,100.0,0.0264089456869009,0.5
352,펩트론,3103,-2059,1.0,1093.01,699.59,67.4,5,29,0.172,0,20150722,-,16000,9000,12000,41600,32000,100.0,0.0264089456869009,0.33
353,민앤지,17677,5284,1.0,1107.81,728.82,45.4,-2,36,-0.0559999999999999,0,20150630,-,28000,21200,24000,44850,56000,100.0,0.0264089456869009,0.8
354,동운아나텍,44453,5747,1.0,47.76,101.68,7.08,3,33,0.091,0,20150630,-,10000,10000,12000,12800,12500,25.0,0.0264089456869009,0.83
355,유테크,51362,4185,1.0,21.14,351.1,8.59,0,18,0.0,0,20150630,-,9000,8000,9000,10850,12550,39.44,0.0264089456869009,0.82
356,코아스템,12988,-6325,1.0,751.91,868.62,41.74,0,37,0.0,0,20150626,-,16000,10800,13200,41600,32000,100.0,0.0264089456869009,0.71
357,에스엔텍,32465,3473,1.0,22.9,189.14,19.88,6,16,0.375,0,20150626,-,6500,5600,6300,13000,10000,53.85,0.0264089456869009,0.75
358,세미콘라이트,48137,6246,1.0,143.52,187.7,4.5,9,23,0.391,0,20150625,-,11300,11300,13700,14950,11500,1.77,0.0264089456869009,0.67
359,싸이맥스,54714,5993,1.0,178.03,238.72,2.93,1,24,0.042,0,20150617,-,16300,14300,16300,14000,15200,-6.75,0.0264089456869009,0.67
360,픽셀플러스,123937,20127,1.0,68.09,131.67,2.25,-2,29,-0.069,0,20150612,-,30000,33000,37000,29000,27000,-10.0,0.0264089456869009,1.0
361,제노포커스,2195,112,1.0,1206.75,842.79,41.12,1,37,0.027,0,20150529,-,11000,8000,9000,25300,22000,100.0,0.0264089456869009,1.0
362,유지인트,43378,4884,1.0,857.34,643.7,27.15,1,25,0.04,0,20150413,-,15000,12400,14000,24800,29150,94.33,0.0264089456869009,0.67
363,넥스트엔터테인먼트월드,122061,12028,1.0,33.55,214.69,9.59,1,51,0.02,0,20141223,-,16300,12700,16300,18150,15800,-3.07,0.0264089456869009,0.74
364,아스트,60885,-6517,1.0,4.11,74.59,5.74,-6,45,-0.133,0,20141224,-,9500,7000,10000,9000,8550,-10.0,0.0264089456869009,0.71
365,휴메딕스,23544,9137,1.0,571.55,688.8,35.18,-2,32,-0.062,0,20141226,-,28000,22700,25500,39200,43600,55.71,0.0264089456869009,0.7
366,하이로닉,13420,3096,1.0,219.96,500.56,22.7,-7,57,-0.123,0,20141217,-,51000,43000,47400,73300,63800,25.1,0.0264089456869009,0.7
367,에이디테크놀로지,42419,3042,1.0,12.4,33.19,7.53,0,19,0.0,0,20141216,-,15000,16000,18000,14000,13500,-10.0,0.0264089456869009,0.69
368,알테오젠,5527,1606,1.0,564.78,409.2,14.4,1,33,0.03,0,20141212,-,26000,23000,26000,21500,25150,-3.27,0.0264089456869009,0.71
369,비씨월드제약,30375,3454,1.0,681.0,356.75,26.6,6,38,0.158,0,20141215,-,15700,12000,15700,17550,18100,15.29,0.0264089456869009,0.67
370,에프엔씨엔터테인먼트,24838,1691,1.0,577.37,185.35,9.91,7,40,0.175,0,20141204,-,28000,24000,28000,27600,25200,-10.0,0.0264089456869009,0.82
371,텔콘,46462,8207,1.0,482.06,162.88,5.53,1,14,0.071,0,20141124,-,14500,12500,14500,11750,13800,-4.83,0.0264089456869009,1.0
372,디에이테크놀로지,28863,2081,1.0,488.77,55.28,1.81,3,16,0.188,0,20141119,-,6600,6600,8500,6630,7800,18.18,0.0264089456869009,1.0
373,파티게임즈,27040,8748,1.0,735.99,224.12,24.62,4,57,0.07,0,20141121,-,13000,10500,13000,29900,26000,100.0,0.0264089456869009,1.0
374,테고사이언스,6307,1596,1.0,622.14,591.09,30.5,0,20,0.0,0,20141106,-,13500,10500,12500,31050,27000,100.0,0.0264089456869009,1.0
375,슈피겐코리아,54240,9495,1.0,360.12,255.6,30.86,5,38,0.132,0,20141105,-,27500,22500,27500,42650,37100,34.91,0.0264089456869009,1.0
376,데브시스터즈,61303,22326,1.0,285.28,651.66,29.98,-6,49,-0.122,0,20141006,-,53000,43000,50000,61000,71000,33.96,0.0264089456869009,0.7
377,신화콘텍,51059,6446,1.0,99.3,441.99,10.37,5,24,0.208,0,20140808,-,9100,8100,9100,7100,8190,-10.0,0.0264089456869009,0.75
378,덕신하우징,104434,11718,1.0,899.07,650.72,59.86,12,41,0.293,0,20140801,-,13000,9600,11000,20950,21650,66.54,0.0264089456869009,0.8
379,창해에탄올,69032,14887,1.0,675.79,578.2,59.5,6,38,0.158,0,20140730,-,8300,6000,6900,14600,16600,100.0,0.0264089456869009,0.75
380,윈하이텍,57400,7122,1.0,589.58,444.1,55.6,12,45,0.267,0,20140725,-,8300,6600,7500,15250,13300,60.24,0.0264089456869009,0.67
