,cor_name,cor_rate,obligation,market_type,listed_date,offer_price,sicho_p,profit_percent,sales,profit,shares_to_pub,sub_rate,pre_demand_day,subs_day,l_exp_offer_price,h_exp_offer_price,score,nasdaq_score,range,Quater_per
0,에이치와이티씨,1480.78,6.08,0,20220809,15000,14700,-2,35745,7479,1,432.58,2022-07-21,2022-07-29,13000,15000,0.35,-0.001,1037,0.6
1,새빗켐,1670.9,37.7,0,20220804,35000,70000,100,33389,4423,0.84,1724.96,2022-07-20,2022-07-27,25000,30000,0.42,0.026,1036,0.6
2,수산인더스트리,130.37,18.94,1,20220801,35000,33000,-5.71,294111,53318,0.75,3.4,2022-07-14,2022-07-21,35000,43100,0.45,0.019,1035,0.6
3,에이프릴바이오,14.43,10.66,0,20220728,16000,19500,21.88,153762.78,-10220,1,4.76,2022-07-13,2022-07-20,20000,23000,0.62,0.041,1032,0.6
4,아이씨에이치,57.28,12.47,0,20220729,34000,30600,-10,24167,2428,0.88,2.51,2022-07-13,2022-07-20,34000,44000,0.46,0.011,1034,0.6
5,성일하이텍,2269.68,38.66,0,20220728,50000,99900,99.8,65939,-2998,1,1207.1,2022-07-11,2022-07-19,40700,47500,0.37,0.041,1033,0.6
6,루닛,7.1,1.65,0,20220721,30000,30800,2.67,1430,-83739,1,8.99,2022-07-07,2022-07-13,44000,49000,0.31,0.016,1031,0.6
7,에이치피에스피,1511.36,42.54,0,20220715,25000,50000,100,61174,17658,1,1159.05,2022-06-29,2022-07-07,23000,25000,0.31,0,1030,0.6
8,영창케미칼,1616.27,5.92,0,20220714,18600,18400,-1.08,60760,2506,0.83,682.13,2022-06-27,2022-07-05,15000,18600,0.51,-0.002,1029,0.6
9,넥스트칩,1623.41,11.58,0,20220701,13000,17150,31.92,10383,-13496,1,1727.38,2022-06-16,2022-06-22,9900,11600,0.59,-0.013,1027,0.6
10,위니아에이드,955,1.39,0,20220623,16200,14600,-9.88,418527,24895,1,111.26,2022-06-09,2022-06-15,14200,16200,0.36,-0.001,1024,0.3
11,레이저쎌,1442.95,12.43,0,20220624,16000,20600,28.75,3879,-7665,1,1845.11,2022-06-09,2022-06-15,12000,14000,0.55,0.016,1025,0.3
12,보로노이,28.35,9.48,0,20220624,40000,36000,-10,6180,-26491,1,5.57,2022-06-08,2022-06-15,40000,46000,0.57,0.016,1026,0.3
13,범한퓨얼셀,751.39,10.75,0,20220617,40000,41000,2.5,31900,3457,1,710.37,2022-06-02,2022-06-09,32200,40000,0.54,-0.041,1022,0.3
14,비플라이소프트,111.05,0.76,0,20220620,10000,10500,5,24386,-3424,0.9,26.86,2022-06-02,2022-06-10,16500,19000,0.58,0.014,1023,0.3
15,청담글로벌,24.79,16.47,0,20220603,6000,6500,8.33,70387,849,0.92,42.1,2022-05-17,2022-05-25,8400,9600,0.27,0.027,1021,0.3
16,가온칩스,1847.12,14.7,0,20220520,14000,24150,72.5,17098,1852,1,2183.29,2022-05-02,2022-05-12,11000,13000,0.32,-0.003,1020,0.3
17,대명에너지,254.74,1.18,0,20220516,15000,15450,3,159386,8132,0.8,151.58,2022-04-27,2022-05-04,15000,18000,0.39,0.038,1019,0.3
18,포바이포,1846.32,55.52,0,20220428,17000,34000,100,13993,1354,0.9,3763.37,2022-04-14,2022-04-20,11000,14000,0.4,0,1018,0.3
19,지투파워,1729.63,11.16,0,20220401,16400,32800,100,29135,2162,0.83,2029.37,2022-03-17,2022-03-23,13500,16400,0.49,-0.015,1017,0.3
20,세아메카닉스,1812.83,6.73,0,20220324,4400,8800,100,82695,4254,0.67,2475.87,2022-03-10,2022-03-16,3500,4000,0.39,-0.013,1016,0.583
21,공구우먼,56.9,2.65,0,20220323,20000,21600,8,32683,4346,1,7.53,2022-03-07,2022-03-15,26000,31000,0.45,0.02,1015,0.583
22,유일로보틱스,1756.45,15.92,0,20220318,10000,20000,100,27952,2505,1,2535.3,2022-02-24,2022-03-08,7600,9200,0.73,0.013,1014,0.583
23,모아데이타,114.19,0.87,0,20220310,20000,18000,-10,13785,2093,1,23.39,2022-02-21,2022-02-28,24000,28000,0.71,0.036,1013,0.583
24,비씨엔씨,1831.23,22.84,0,20220303,13000,26000,100,47343,2011,1,2686.22,2022-02-16,2022-02-22,9000,11500,0.55,0.016,1011,0.583
25,노을,31.5,9.48,0,20220303,10000,9670,-3.3,295,-8975,1,8.7,2022-02-15,2022-02-22,13000,17000,0.14,0.016,1012,0.583
26,브이씨,190.59,19.93,0,20220224,15000,17400,16,35364,4513,1,46.41,2022-02-10,2022-02-16,15000,19500,0.52,-0.026,1008,0.583
27,풍원정밀,1556.53,11,0,20220228,15200,20200,32.89,37117,592,1,2235.98,2022-02-10,2022-02-18,13200,15200,0.55,0.016,1010,0.583
28,스톤브릿지벤처스,20.06,9.48,0,20220225,8000,7200,-10,24509,12819,0.6,22.73,2022-02-09,2022-02-16,9000,10500,0.6,0.033,1009,0.583
29,퓨런티어,1535.42,11.08,0,20220223,15000,30000,100,15082,-2180,1,2683,2022-02-07,2022-02-15,11400,13700,0.48,-0.012,1007,0.583
30,바이오에프디엔씨,74.01,11.8,0,20220221,28000,25200,-10,8640,2461,1,4.74,2022-01-24,2022-02-10,23000,29000,0.29,-0.012,1006,0.583
31,인카금융서비스,13.69,4.19,0,20220216,18000,17250,-4.17,301025,11288,0.68,25.29,2022-01-24,2022-02-08,23000,27000,0.39,0.025,1005,0.583
32,나래나노텍,102,0.97,0,20220208,17500,15750,-10,82805,2273,0.77,24.36,2022-01-17,2022-01-25,17500,20500,0.47,-0.006,1004,0.583
33,아셈스,1618.26,7.71,0,20220207,8000,16000,100,34049,1052,1,2435.07,2022-01-17,2022-01-25,7000,8000,0.39,0.016,1003,0.583
34,스코넥,1724.66,59.95,0,20220204,13000,26000,100,4558,-8971,1,1751.25,2022-01-13,2022-01-21,9000,12000,0.38,-0.037,1002,0.583
35,이지트로닉스,1343.51,2.94,0,20220204,22000,23450,6.59,15349,3552,1,887.4,2022-01-13,2022-01-21,19000,22000,0.43,-0.037,1001,0.583
36,LG에너지솔루션,2023.37,77.38,1,20220127,300000,597000,99,1461068,-451771,0.8,69.34,2022-01-11,2022-01-19,257000,300000,0.45,0,1000,0.583
37,애드바이오텍,102.15,9.48,0,20220124,7000,6730,-3.86,9815,-7345,1,27.2,2022-01-06,2022-01-14,7000,8000,0.36,-0.027,999,0.583
38,케이옥션,1638.36,36.8,0,20220124,20000,40000,100,24192,-2088,0.8,1408.33,2022-01-06,2022-01-13,17000,20000,0.38,-0.027,998,0.583
39,오토앤,1713,8.34,0,20220120,5300,8800,66.04,49437,3444,1,2395.63,2022-01-05,2022-01-12,4200,4800,0.3,-0.011,997,0.583
40,래몽래인,1545.68,17.75,0,20211230,15000,26000,73.33,34650,3153,1,2054.63,2021-12-15,2021-12-21,11500,13000,0.26,-0.001,996,0.6
41,케이티비네트워크,50.19,6.94,0,20211216,5800,6030,3.97,66974,35765,1,327.26,2021-11-29,2021-12-07,5800,7200,0.24,0.022,995,0.6
42,툴젠,29.54,0.1,0,20211210,70000,82300,17.57,713,-14882,1,164.13,2021-11-25,2021-12-03,100000,120000,0.39,-0.017,994,0.6
43,마인즈랩,197.55,19.74,0,20211123,30000,29650,-1.17,11292,-20386,1,89.9,2021-11-08,2021-11-12,26000,30000,0.21,-0.013,993,0.6
44,알비더블유,1719.61,15.98,0,20211122,21400,42800,100,37277,3719,0.62,3706.79,2021-11-05,2021-11-12,18700,21400,0.2,0.004,992,0.6
45,바이옵트로,205.12,0.98,0,20211118,7500,7300,-2.67,16115,2235,1,68.11,2021-11-03,2021-11-10,7500,8500,0.47,-0.003,991,0.6
46,트윔,1627.34,9.2,0,20211117,22000,44000,100,18260,2916,1,2266.84,2021-11-02,2021-11-09,17800,20400,0.2,0.008,990,0.6
47,지오엘리먼트,1613.84,15.23,0,20211111,10000,20000,100,13180,2457,1,1537.44,2021-10-28,2021-11-03,7600,8700,0.25,-0.017,989,0.6
48,비트나인,1662.29,5.96,0,20211110,11000,15250,38.64,11576,-10226,1,589.64,2021-10-25,2021-11-02,8700,9700,0.3,-0.006,987,0.6
49,디어유,2001.11,37.46,0,20211110,26000,52000,100,13048,-2250,1,1598.15,2021-10-25,2021-11-02,18000,24000,0.33,-0.006,986,0.6
50,아이티아이즈,1601.14,9.11,0,20211111,14300,28600,100,51314,3015,0.93,633.61,2021-10-25,2021-11-02,12500,14300,0.32,-0.017,988,0.6
51,지니너스,66.03,0.1,0,20211108,20000,18000,-10,3794,-9152,1,162.5,2021-10-21,2021-10-28,24700,32200,0.32,0.002,985,0.6
52,카카오페이,1714.47,70.44,1,20211103,90000,180000,100,284371,-25051,1,29.6,2021-10-20,2021-10-26,60000,90000,0.22,0.003,984,0.6
53,피코그램,1472.19,12.96,0,20211103,12500,25000,100,24273,1957,1,1520.35,2021-10-19,2021-10-26,11000,12500,0.4,0.003,983,0.6
54,엔켐,1647.4,64.45,0,20211101,42000,81600,94.29,138888,501,1,1275.69,2021-10-15,2021-10-22,30000,35000,0.49,0.003,982,0.6
55,리파인,64.19,3.22,0,20211029,21000,18900,-10,54164,16067,1,5.95,2021-10-14,2021-10-21,21000,24000,0.38,0.014,981,0.6
56,지앤비에스엔지니어링,1134.34,4.37,0,20211029,17400,24000,37.93,42392,4554,1,1479.87,2021-10-14,2021-10-20,14300,17400,0.35,0.014,980,0.6
57,아이패밀리에스씨,63.1,12.64,0,20211028,25000,28650,14.6,79218,8747,0.84,20.88,2021-10-12,2021-10-19,39000,48000,0.35,0,979,0.6
58,차백신연구소,206.23,1.93,0,20211022,11000,11700,6.36,78,-6240,1,42.16,2021-10-05,2021-10-13,11000,15000,0.42,0.006,978,0.6
59,지아이텍,2068.17,25.28,0,20211021,14000,28000,100,17189,4165,0.74,2968.35,2021-10-05,2021-10-13,11500,13100,0.18,0,977,0.6
60,씨유테크,1565.03,22.76,0,20211008,6000,12000,100,221698,10598,0.67,1408.69,2021-09-23,2021-09-29,5100,5600,0.32,0.01,975,0.6
61,아스플로,2142.7,12.1,0,20211007,25000,36000,44,44784,6964,1,2818.08,2021-09-16,2021-09-28,19000,22000,0.52,0.005,973,0.6
62,원준,1464.1,44.3,0,20211007,65000,102000,56.92,64030,4412,1,1623.28,2021-09-15,2021-09-28,52000,60000,0.09,0.005,974,0.6
63,케이카,40,9.48,1,20211013,25000,22500,-10,1323114,24130,0.07,8.72,2021-09-13,2021-10-01,34300,43200,0.19,-0.001,976,0.6
64,실리콘투,1437.63,8.37,0,20210929,27200,38500,41.54,99398,5716,0.94,1701,2021-09-09,2021-09-15,23800,27200,0.52,-0.028,971,0.375
65,프롬바이오,85.71,1.45,0,20210928,18000,19250,6.94,108045,-7813,0.82,48.24,2021-09-09,2021-09-15,21500,24500,0.41,-0.005,970,0.375
66,바이오플러스,1220.2,7.8,0,20210927,31500,39500,25.4,24367,9703,1,1206.63,2021-09-08,2021-09-14,28500,31500,0.27,0,969,0.375
67,에스앤디,173.11,0.01,0,20210929,28000,25200,-10,56537,7359,1,4.2,2021-09-07,2021-09-15,30000,32000,0.33,-0.028,972,0.375
68,현대중공업,1835.87,53.09,1,20210917,60000,111000,85,8310181,-431463,1,404.29,2021-09-02,2021-09-08,52000,60000,0.2,0.001,968,0.375
69,와이엠텍,1696.19,31.59,0,20210910,28000,56000,100,17037,3866,1,2939.57,2021-08-25,2021-09-01,21000,25000,0.62,-0.003,967,0.375
70,에이비온,139.36,4.3,0,20210908,17000,16800,-1.18,1994,-10476,1,30.66,2021-08-24,2021-08-31,14500,17000,0.29,0.001,966,0.375
71,일진하이솔루스,1471.01,61.52,1,20210901,34300,68600,100,113525,15579,0.67,654.5,2021-08-19,2021-08-25,25700,34300,0.66,0,965,0.375
72,바이젠셀,1271.21,13.61,0,20210825,52700,73500,39.47,144312.06,-10455,1,886.2,2021-08-06,2021-08-13,42800,52700,0.28,0.005,964,0.375
73,브레인즈컴퍼니,1428.8,8.92,0,20210819,25000,50000,100,14829,3734,0.67,1190.39,2021-08-03,2021-08-10,20000,22500,0.29,-0.009,962,0.375
74,롯데렌탈,217.63,14.65,1,20210819,59000,57500,-2.54,2100809,23307,0.5,65.81,2021-08-03,2021-08-10,47000,59000,0.3,-0.009,961,0.375
75,딥노이드,1179.07,7.29,0,20210817,42000,72000,71.43,235,-8606,1,834.86,2021-08-02,2021-08-06,31500,42000,0.1,-0.002,960,0.375
76,아주스틸,1776.9,16.33,1,20210820,15100,30200,100,569794,11709,0.58,1419.73,2021-08-02,2021-08-10,12700,15100,0.31,0.001,963,0.375
77,플래티어,1631,18.29,0,20210812,11000,22000,100,39376,2685,1,2498.8,2021-07-30,2021-08-05,8500,10000,0.29,-0.002,957,0.375
78,엠로,685.6,6.97,0,20210813,22600,32700,44.69,40302,3389,1,250,2021-07-29,2021-08-05,20100,22600,0.16,0.003,958,0.375
79,한컴라이프케어,418.99,3.27,1,20210817,13700,16050,17.15,151842,27690,0.33,109.8,2021-07-29,2021-08-06,10700,13700,0.21,-0.002,959,0.375
80,원티드랩,1503.91,10.98,0,20210811,35000,70000,100,14648,-9174,0.72,1731.23,2021-07-26,2021-08-03,28000,35000,0.24,-0.005,956,0.375
81,에이치케이이노엔,1871.36,13.49,0,20210809,59000,68100,15.42,515289,67061,0.57,388.9,2021-07-22,2021-07-30,50000,59000,0.15,-0.004,954,0.375
82,카카오뱅크,1732.83,45.28,1,20210806,39000,53700,37.69,804157,113636,1,181.1,2021-07-20,2021-07-27,33000,39000,0.22,0.008,953,0.375
83,크래프톤,243.15,22.05,1,20210810,498000,448500,-9.94,1670427,556267,0.65,7.79,2021-07-14,2021-08-03,400000,498000,0.3,0.002,955,0.375
84,에브리봇,576.74,0.67,0,20210728,36700,33050,-9.95,49165,-902,0.75,159.42,2021-07-13,2021-07-20,32600,36700,0.34,-0.012,952,0.375
85,맥스트,1587.01,39.13,0,20210727,15000,30000,100,1983,-8921,1,6762.75,2021-07-12,2021-07-19,11000,13000,0.39,0,951,0.375
86,큐라클,1219.27,7.23,0,20210722,25000,36500,46,165141.92,-28610,0.94,1546.9,2021-07-07,2021-07-14,20000,25000,0.11,0.009,950,0.375
87,에스디바이오센서,1143.76,12.45,1,20210716,52000,57000,9.62,73728,1399,0.58,274.02,2021-07-05,2021-07-09,45000,52000,0.6,-0.007,949,0.375
88,오비고,1123.74,7.68,0,20210713,14300,19200,34.27,10229,-5332,1,1485.15,2021-06-28,2021-07-02,12400,14300,0.33,0.002,948,0.375
89,아모센스,116.79,2.57,0,20210625,12400,12250,-1.21,62028,-1196,0.8,26.55,2021-06-10,2021-06-16,12400,15200,0.28,0.007,947,0.75
90,이노뎁,1573.93,6.05,0,20210618,18000,22200,23.33,60760,1653,1,692.12,2021-06-03,2021-06-10,14000,18000,0.37,0.009,946,0.75
91,라온테크,1526.2,8.9,0,20210617,18000,20250,12.5,12632,-1432,1,779.1,2021-05-31,2021-06-08,12800,15800,0.41,-0.002,945,0.75
92,엘비루셈,1419.23,4.48,0,20210611,14000,18000,28.57,209770,17105,0.67,824.51,2021-05-26,2021-06-03,12000,14000,0.56,0.008,944,0.75
93,에이디엠코리아,1515.98,12.35,0,20210603,3800,7600,100,10206,653,1,2345.4,2021-05-17,2021-05-26,2900,3300,0.51,0.001,943,0.75
94,제주맥주,1356.43,5.47,0,20210526,3200,4780,49.38,7317,-13955,1,1747.82,2021-05-10,2021-05-14,2600,2900,0.32,0,942,0.75
95,삼영에스앤씨,1762.39,15.27,0,20210521,11000,22000,100,14489,633,1,2392.84,2021-05-06,2021-05-12,7800,10000,0.49,0.018,940,0.75
96,진시스템,934.07,1.5,0,20210526,20000,19100,-4.5,1135,-4041,1,354.58,2021-05-06,2021-05-14,16000,20000,0.3,0,941,0.75
97,샘씨엔에스,1537.67,26.07,0,20210520,6500,6400,-1.54,20985,556,0.83,1104.29,2021-05-03,2021-05-11,5000,5700,0.29,0,939,0.75
98,씨앤씨인터내셔널,1029.14,5.28,0,20210517,47500,47250,-0.53,81598,6637,0.6,898,2021-04-28,2021-05-07,35000,47500,0.39,0.023,938,0.75
99,에이치피오,252.13,4.12,0,20210514,22200,20000,-9.91,58604,8761,0.75,95.01,2021-04-27,2021-05-04,22200,25400,0.3,0.007,937,0.75
100,SK아이이테크놀로지,1882.88,63.2,1,20210511,105000,210000,100,263037,63684,1,288.17,2021-04-22,2021-04-29,78000,105000,0.34,-0.025,936,0.75
101,쿠콘,1594.61,30.9,0,20210428,45000,80000,77.78,39526,8382,0.81,1596.32,2021-04-13,2021-04-20,31000,40000,0.3,-0.003,935,0.75
102,해성티피씨,1508.95,16.05,0,20210421,13000,26000,100,15327,-1518,1,2053.27,2021-04-06,2021-04-13,9500,11500,0.2,-0.009,934,0.75
103,이삭엔지니어링,1427.15,20.73,0,20210421,11500,23000,100,32759,2679,1,2262.09,2021-04-06,2021-04-13,9500,11500,0.51,-0.009,933,0.75
104,엔시스,1467.73,21.73,0,20210401,19000,38000,100,31884,1912,0.71,2573.6,2021-03-16,2021-03-23,13000,16500,0.37,0.015,932,0.75
105,자이언트스텝,1691.65,24.42,0,20210324,11000,22000,100,12839,-4430,1,2342,2021-03-09,2021-03-16,9000,11000,0.35,-0.011,931,0.793
106,제노코,1452.49,22.15,0,20210324,36000,65000,80.56,32927,2198,1,2095.45,2021-03-09,2021-03-16,27000,33000,0.31,-0.011,930,0.793
107,라이프시맨틱스,1402.17,3.78,0,20210323,12500,25000,100,1162,-3963,1,1774.57,2021-03-08,2021-03-12,9000,12500,0.37,0.012,929,0.793
108,SK바이오사이언스,1275.47,59.92,1,20210318,65000,130000,100,183938,14677,0.67,335.36,2021-03-04,2021-03-10,49000,65000,0.22,0.004,928,0.793
109,바이오다인,1364.85,8.8,0,20210317,30000,40000,33.33,4089,-2026,1,48.36,2021-03-02,2021-03-09,22500,28700,0.22,0.001,927,0.793
110,싸이버원,1303.1,9.7,0,20210311,9500,18000,89.47,22372,1903,0.44,1880.43,2021-02-24,2021-03-03,7600,8300,0.41,0,924,0.793
111,네오이뮨텍,1374.09,25.54,0,20210316,7500,15000,100,147813.57,5868.293706,1,664.65,2021-02-23,2021-03-05,5400,6400,0.33,0.01,926,0.793
112,프레스티지바이오로직스,369.91,6.5,0,20210311,12400,12100,-2.42,185,-22057,1,126.06,2021-02-23,2021-03-03,8700,12400,0.48,0,925,0.793
113,나노씨엠에스,1295.75,6.65,0,20210309,20000,33000,65,3978,-1691,1,1243.48,2021-02-22,2021-02-26,14500,18500,0.59,-0.024,923,0.793
114,뷰노,1457.21,23.8,0,20210226,21000,32900,56.67,162,-5913,1,1102.7,2021-02-08,2021-02-17,15000,19500,0.28,-0.035,922,0.793
115,씨이랩,1371.37,12.97,0,20210224,35000,46600,33.14,7089,62,1,195.53,2021-02-08,2021-02-16,23000,31000,0.26,-0.005,920,0.793
116,오로스테크놀로지,1260,37.12,0,20210224,21000,42000,100,26901,7570,1,1033.82,2021-02-08,2021-02-16,17000,21000,0.24,-0.005,919,0.793
117,유일에너테크,1427.69,61.06,0,20210225,16000,32000,100,47015,8164,0.71,683.55,2021-02-04,2021-02-16,11000,14000,0.42,0.01,921,0.793
118,피엔에이치테크,1454.47,9.58,0,20210216,18000,20500,13.89,7127,-7627,0.73,1528.76,2021-01-28,2021-02-04,14000,17000,0.26,0.005,918,0.793
119,아이퀘스트,1504.02,18.7,0,20210205,11000,22000,100,13153,3650,1,2853.34,2021-01-20,2021-01-28,9200,10600,0.5,0.012,916,0.793
120,프레스티지바이오파마,819.76,19.31,1,20210205,32000,28800,-10,237069.12,25672.70202,0.91,237.13,2021-01-19,2021-01-26,25000,32000,0.33,0.012,917,0.793
121,와이더플래닛,1449.22,9.59,0,20210203,16000,24900,55.63,34760,-1452,1,1357.98,2021-01-18,2021-01-26,12000,15000,0.33,0.016,915,0.793
122,레인보우로보틱스,1489.9,19.9,0,20210203,10000,20000,100,1694,-5497,1,1201.26,2021-01-18,2021-01-26,7000,9000,0.55,0.016,914,0.793
123,솔루엠,1167.55,20.79,1,20210202,17000,34000,100,913607,38483,1,1147.76,2021-01-14,2021-01-22,13700,15500,0.67,0.025,913,0.793
124,모비릭스,1407.53,5.73,0,20210128,14000,28000,100,40340,6189,1,1485.51,2021-01-14,2021-01-20,10500,14000,0.49,-0.026,910,0.793
125,핑거,1453.12,12.64,0,20210129,16000,32000,100,60015,3174,0.77,939.39,2021-01-14,2021-01-22,13000,15000,0.26,0.005,912,0.793
126,씨앤투스성진,1010.02,1.7,0,20210128,32000,31700,-0.94,47481,-430,1,674.04,2021-01-12,2021-01-20,26000,32000,0.56,-0.026,911,0.793
127,선진뷰티사이언스,1431,17.83,0,20210127,11500,23000,100,47403,4333,0.67,1987.74,2021-01-12,2021-01-19,10100,11500,0.57,-0.001,909,0.793
128,엔비티,1425.3,10.7,0,20210121,19000,38000,100,45058,744,1,4397.67,2021-01-06,2021-01-13,13200,17600,0.47,0.02,908,0.793
129,석경에이티,1390.29,6.68,0,20201223,10000,20000,100,6403,1111,1,1751.58,2020-12-10,2020-12-16,8000,10000,0.5,0.005,906,0.655
130,프리시젼바이오,1231.23,1.62,0,20201222,12500,25000,100,2409,-706,1,1557.29,2020-12-08,2020-12-15,10500,12500,0.29,-0.001,905,0.655
131,지놈앤컴퍼니,1163.49,9.08,0,20201223,40000,80000,100,46,-84669,0.9,1175.1,2020-12-07,2020-12-15,36000,40000,0.26,0.005,907,0.655
132,알체라,1315.61,3.88,0,20201221,10000,20000,100,3291,-11416,1,1322.58,2020-12-03,2020-12-11,8000,10000,0.33,-0.001,904,0.655
133,에프앤가이드,1327.98,7.6,0,20201217,7000,14000,100,21083,3479,0.61,1353.9,2020-12-02,2020-12-09,5200,6500,0.54,0.005,903,0.655
134,티엘비,1318.82,6.1,0,20201214,38000,75900,99.74,149136,9473,0.89,1551.19,2020-11-30,2020-12-04,33200,38000,0.41,-0.002,902,0.655
135,인바이오,1386.04,8.23,0,20201211,5800,11600,100,33736,1020,1,1414.15,2020-11-25,2020-12-03,5100,5800,0.56,0.005,901,0.655
136,퀀타매트릭스,185.56,4.6,0,20201209,25500,25050,-1.76,811,-63811,1,167.87,2020-11-25,2020-12-01,19700,25500,0.34,0.005,899,0.655
137,명신산업,1195.69,30.6,1,20201207,6500,13000,100,775740,33843,0.33,1372.94,2020-11-24,2020-11-30,4900,5800,0.57,0.007,898,0.655
138,엔젠바이오,1006.96,3.33,0,20201210,14000,28000,100,1478,-6865,1,1502.4,2020-11-23,2020-12-02,10500,14000,0.36,-0.019,900,0.655
139,앱코,1141.02,3.64,0,20201202,24300,30150,24.07,84271,3474,0.8,978.13,2020-11-17,2020-11-24,21400,24300,0.19,0.013,894,0.655
140,클리노믹스,494.2,2.05,0,20201204,13900,18500,33.09,4101,-5760,1,341.46,2020-11-17,2020-11-24,10900,13900,0.35,0.002,897,0.655
141,엔에프씨,979.94,6.15,0,20201202,13400,20700,54.48,32860,6572,1,643.85,2020-11-16,2020-11-24,10200,13400,0.24,0.013,895,0.655
142,포인트모바일,1447.07,18.19,0,20201203,15000,30000,100,62181,8494,0.85,1842.97,2020-11-16,2020-11-24,13000,15000,0.28,0,896,0.655
143,제일전기공업,1196.21,8.86,0,20201126,17000,34000,100,146148,14127,0.5,1396.1,2020-11-10,2020-11-18,15000,17000,0.34,0.005,893,0.655
144,티앤엘,338.91,0.41,0,20201120,36000,72000,100,32655,7286,1,1109.19,2020-11-09,2020-11-13,34000,38000,0.46,0.009,891,0.655
145,하나기술,1393.98,16.83,0,20201125,35000,70000,100,59294,4317,1,1802.1,2020-11-09,2020-11-16,31000,35000,0.59,0.013,892,0.655
146,에이플러스에셋어드바이저,3.66,25.4,1,20201120,7500,8100,8,269373,15385,0.41,24.75,2020-11-05,2020-11-11,10500,12300,0.54,0.009,890,0.655
147,고바이오랩,64.33,0.03,0,20201118,15000,30000,100,577,-44067,1,566.54,2020-11-03,2020-11-10,18000,23000,0.3,-0.002,889,0.655
148,네패스아크,707.7,1.6,0,20201117,26500,36200,36.6,54719,4653,1,830.21,2020-11-02,2020-11-10,23400,26500,0.24,0.008,888,0.655
149,교촌에프앤비,999.44,3.9,1,20201112,12300,23850,93.9,380091,29518,0.7,1318.29,2020-10-28,2020-11-04,10600,12300,0.34,0.02,887,0.655
150,소룩스,1135.7,0.8,0,20201106,10000,20000,100,71108,5794,0.82,1660.08,2020-10-23,2020-10-30,8000,10000,0.43,0.026,886,0.655
151,위드텍,1336.49,23.53,0,20201030,25000,37100,48.4,58061,11129,1,1185.51,2020-10-14,2020-10-21,21000,25000,0.47,0.016,885,0.655
152,센코,848.37,2.2,0,20201029,13000,13350,2.69,19835,-2411,0.82,366.42,2020-10-13,2020-10-21,10000,13000,0.43,-0.037,884,0.655
153,바이브컴퍼니,1221.45,7.96,0,20201028,28000,40000,42.86,16298,-777,1,1266.22,2020-10-12,2020-10-20,23000,28000,0.35,0.006,883,0.655
154,미코바이오메드,159.15,0.02,0,20201022,15000,16100,7.33,4098,-13172,1,41.74,2020-10-06,2020-10-14,12000,15000,0.52,-0.003,882,0.655
155,피플바이오,40.4,5.73,0,20201019,20000,18000,-10,895,-4001,1,51.08,2020-09-23,2020-10-08,25000,30000,0.67,-0.004,881,0.655
156,넥스틴,30.25,23.3,0,20201008,75400,71100,-5.7,9394,-2625,1,13.92,2020-09-18,2020-09-25,61500,75400,0.54,0.019,879,0.655
157,원방테크,406.8,3.2,0,20200924,54300,48900,-9.94,118882,14592,0.3,348.77,2020-09-08,2020-09-16,43000,54300,0.3,-0.03,878,1
158,비나텍,1098.1,22.47,0,20200923,33000,44000,33.33,42763,4405,1,1386.85,2020-09-07,2020-09-15,27000,32000,0.49,0.017,877,1
159,박셀바이오,94.18,11.68,0,20200922,30000,27000,-10,237069.12,-1254,1,96.44,2020-09-03,2020-09-11,30000,35000,0.54,-0.001,876,1
160,압타머사이언스,830.32,3.27,0,20200916,25000,28850,15.4,408,-3853,1,1251.29,2020-09-02,2020-09-08,20000,25000,0.28,0.012,873,1
161,비비씨,977.5,3.9,0,20200921,30700,27650,-9.93,19073,5653,0.79,464.19,2020-09-02,2020-09-10,27100,30700,0.44,-0.011,875,1
162,핌스,1210.28,4.39,0,20200918,19000,21000,10.53,37783,5544,0.7,1161.84,2020-09-02,2020-09-10,15000,19000,0.37,-0.013,874,1
163,이오플로우,150.87,14.83,0,20200914,19000,21750,14.47,172870.4,-9389,1,686.71,2020-08-27,2020-09-04,18000,21000,0.29,-0.006,872,1
164,카카오게임즈,1478.53,58.59,0,20200910,24000,48000,100,322392,33315,1,1524.8,2020-08-26,2020-09-02,20000,24000,0.34,0.027,871,1
165,피엔케이피부임상연구센타,1372.51,17.1,0,20200909,18300,28000,53.01,12499,5376,0.6,1727.11,2020-08-25,2020-09-01,16100,18300,0.48,-0.041,870,1
166,아이디피,894,7.4,0,20200824,9800,13200,34.69,23230,2916,0.79,1149.83,2020-08-06,2020-08-12,8800,9800,0.47,0.004,869,1
167,셀레믹스,1203.41,5.41,0,20200821,20000,24900,24.5,5141,-2256,1,1176.45,2020-08-03,2020-08-11,16100,20000,0.35,0.011,868,1
168,브랜드엑스코퍼레이션,47.06,9.48,0,20200813,13000,12900,-0.77,64097,7629,0.6,8.54,2020-07-30,2020-08-05,12400,15300,0.33,0.021,866,1
169,미투젠,1114.56,1.35,0,20200818,27000,29100,7.78,509568.1,13099.60952,0.52,1010.86,2020-07-30,2020-08-06,21000,27000,0.39,0.01,867,1
170,영림원소프트랩,1269.3,4.3,0,20200812,11500,17600,53.04,37899,4127,1,2493.57,2020-07-27,2020-08-04,9500,11500,0.31,-0.017,865,1
171,한국파마,1296.86,27.56,0,20200810,9000,18000,100,66136,5528,-5.23,2036,2020-07-22,2020-07-30,6500,8500,0.24,-0.009,864,1
172,이루다,1316.5,7.8,0,20200806,9000,18000,100,17779,2031,0.8,3039.55,2020-07-20,2020-07-28,7500,9000,0.31,0.005,863,1
173,와이팜,407.01,8.01,0,20200731,11000,15550,41.36,125429,11334,0.5,712.13,2020-07-16,2020-07-22,9700,11000,0.5,0.004,862,1
174,이엔드디,1168.72,8.99,0,20200730,14400,18200,26.39,58313,6194,1,808.62,2020-07-14,2020-07-22,12350,14400,0.28,0.014,861,1
175,엠투아이,61.7,1.6,0,20200729,15600,18850,20.83,24715,6003,0.25,176.83,2020-07-09,2020-07-17,15600,18900,0.2,-0.013,860,1
176,더네이쳐홀딩스,97.21,8.46,0,20200727,46000,41400,-10,235344,16142,0.83,151.9,2020-07-08,2020-07-16,45000,50000,0.2,-0.009,859,1
177,제놀루션,1161.09,21.36,0,20200724,14000,28000,100,3951,-287,1,894.67,2020-07-08,2020-07-15,12000,14000,0.36,-0.023,858,1
178,솔트룩스,528.17,5.58,0,20200723,25000,40000,60,15335,145,1,953.53,2020-07-07,2020-07-14,24000,30000,0.22,0.002,857,1
179,티에스아이,1283.73,4.97,0,20200722,10000,20000,100,60918,-12175,0.75,1621.1,2020-07-06,2020-07-14,7500,9500,0.24,-0.008,856,1
180,에이프로,1090.8,10.46,0,20200716,21600,43200,100,67358,7578,1,1582.52,2020-07-02,2020-07-09,19000,21600,0.3,0.006,855,1
181,소마젠,69.46,11,0,20200713,11000,11650,5.91,21214,-2623,1,4.42,2020-06-22,2020-06-30,11000,15000,0.37,0.007,854,1
182,신도기연,1272.9,14.51,0,20200706,16000,32000,100,48854,3189,1,955.01,2020-06-22,2020-06-26,14000,16000,0.36,0.005,853,1
183,위더스제약,1033.41,17.36,0,20200703,15900,31800,100,51732,8661,0.62,1082.03,2020-06-18,2020-06-26,13900,15900,0.16,0.005,852,1
184,SK바이오팜,835.66,81.15,1,20200702,49000,98000,100,1069,-142139,0.68,323.03,2020-06-17,2020-06-24,36000,49000,0.31,0.01,851,1
185,마크로밀엠브레인,1056.8,19.39,0,20200701,6800,13600,100,39075,1952,1,888.01,2020-06-15,2020-06-19,5200,6400,0.22,0.019,850,1
186,젠큐릭스,77.03,12.64,0,20200625,22700,25100,10.57,267,-5649,1,12.35,2020-06-10,2020-06-16,22700,26100,0.26,-0.022,849,0.5
187,엘이티,1255.9,24.5,0,20200622,7800,15600,100,40933,7172,1,1552.16,2020-06-04,2020-06-12,6400,7800,0.45,0,848,0.5
188,에스씨엠생명과학,1032.17,7.7,0,20200617,17000,29500,73.53,29,-40095,1,814.91,2020-06-02,2020-06-09,14000,17000,0.3,0.017,847,0.5
189,드림씨아이에스,926.11,6.82,0,20200522,14900,28000,87.92,19200,3417,1,669.22,2020-05-07,2020-05-13,13000,14900,0.3,-0.01,846,0.5
190,엔피디,307.5,8.78,0,20200316,5400,4860,-10,259266,8574,1,32.65,2020-02-25,2020-03-04,5400,6300,0.63,0.093,845,0.455
191,플레이디,1270.7,7.55,0,20200312,8500,11250,32.35,34711,6038,1,864.8,2020-02-24,2020-03-03,6800,7700,0.95,-0.047,844,0.455
192,서울바이오시스,1119,10.5,0,20200306,7500,13000,73.33,368194,5857,1,942.7,2020-02-20,2020-02-27,6500,7500,0.52,-0.031,843,0.455
193,제이앤티씨,1077.88,6.72,0,20200304,11000,10200,-7.27,229357,28114,1,3.48,2020-02-19,2020-02-25,8500,10500,0.56,-0.03,842,0.455
194,켄코아에어로스페이스,120.75,2.55,0,20200303,10000,11500,15,28937,-9409,0.84,256.68,2020-02-17,2020-02-21,13000,15000,0.23,0.045,841,0.455
195,레몬,426,6.3,0,20200228,7200,8620,19.72,31438,-2377,1,800.07,2020-02-12,2020-02-20,6200,7200,0.18,-0.046,840,0.455
196,서남,1228.4,5.21,0,20200220,3100,3900,25.81,4854,-1449,1,881.6,2020-02-04,2020-02-11,2700,3100,0.21,0.009,839,0.455
197,위세아이텍,1105.93,6.95,0,20200210,12000,13900,15.83,16549,1505,1,1076.62,2020-01-20,2020-01-30,10000,11200,0.44,-0.005,838,0.455
198,천랩,51.11,11,0,20191226,40000,42950,7.38,3924,-3135,1,638.63,2019-12-12,2019-12-18,63000,78000,0.34,0.001,836,0.273
199,피피아이,997.33,2.47,0,20191226,7000,11000,57.14,38120,2549,1,1147.7,2019-12-10,2019-12-17,6000,7000,0.38,0.001,837,0.273
200,브릿지바이오테라퓨틱스,58.85,0.06,0,20191220,60000,62400,4,509568.1,-40733,1,33.52,2019-12-09,2019-12-13,70000,80000,0.29,0.007,834,0.273
201,메탈라이프,1288.21,22.46,0,20191224,13000,26000,100,19270,3742,1,1397.97,2019-12-09,2019-12-13,10500,13000,0.24,0.002,835,0.273
202,메드팩토,86.41,13.83,0,20191219,40000,40000,0,509568.1,-37578,1,18.84,2019-12-05,2019-12-11,34000,43000,0.31,0,833,0.273
203,신테카바이오,75.61,1.32,0,20191217,12000,14950,24.58,287,-3747,1,123.2,2019-12-02,2019-12-10,15000,19000,0.49,0.009,832,0.273
204,제이엘케이인스펙션,69.81,9.48,0,20191211,9000,8500,-5.56,363,-6277,1,8.49,2019-11-26,2019-12-03,11000,14500,0.24,-0.001,831,0.273
205,태웅로직스,1024.98,2.53,0,20191210,4500,8170,81.56,24394,7318,1,618.52,2019-11-21,2019-11-27,3700,4500,0.27,-0.004,830,0.273
206,리메드,24.76,11,0,20191206,13000,14100,8.46,8004,-7381,1,92.69,2019-11-19,2019-11-26,14500,16500,0.2,0,829,0.273
207,코리아센터,37.77,6.04,0,20191129,18000,23000,27.78,189670,4874,0.91,4.13,2019-11-18,2019-11-22,24000,27200,0.15,0.007,828,0.273
208,노터스,699.46,0.59,0,20191127,20000,29750,48.75,36308,3747,1,22.31,2019-11-07,2019-11-15,17000,20000,0.51,0.002,827,0.273
209,센트랄모텍,862.63,11.46,1,20191125,6000,7650,27.5,313342,4469,1,580.5,2019-11-07,2019-11-14,5000,6000,0.59,0.002,826,0.273
210,티움바이오,37.3,9.48,0,20191122,12000,11800,-1.67,1129,-13752,1,5.3,2019-11-05,2019-11-12,16000,20000,0.51,-0.002,825,0.273
211,우양,1195.37,10.52,0,20191120,4200,6060,44.29,107437,3933,0.67,1037.31,2019-11-05,2019-11-12,3800,4200,0.39,0.002,822,0.273
212,코리아에셋투자증권,945.66,2.25,0,20191120,10000,9900,-1,165962,5507,1,231.78,2019-11-04,2019-11-12,8000,10000,0.26,0.002,823,0.273
213,현대에너지솔루션,26.63,3.07,1,20191119,18000,18200,1.11,347623,18614,1,126.68,2019-11-04,2019-11-08,24000,28000,0.32,0.001,821,0.273
214,씨에스베어링,1246.86,4.65,0,20191121,8400,8400,0,50364,3232,0.6,699.67,2019-11-04,2019-11-12,7400,8400,0.56,-0.005,824,0.273
215,에스제이그룹,946.62,13.56,0,20191118,38600,43500,12.69,68630,3531,1,512.93,2019-10-31,2019-11-08,32000,38600,0.15,0.007,820,0.273
216,제테마,12.41,9.48,0,20191114,21000,20100,-4.29,11208,-15752,1,590.02,2019-10-30,2019-11-07,36000,48000,0.4,0,819,0.273
217,라파스,202.06,9.48,0,20191111,20000,19950,-0.25,9725,-3657,1,813.16,2019-10-25,2019-11-04,24000,29000,0.24,0.005,817,0.273
218,아이티엠반도체,1078.5,15.8,0,20191107,26000,26750,2.88,228237,18159,0.91,321.09,2019-10-24,2019-10-31,23000,26000,0.45,-0.003,816,0.273
219,자이에스앤디,768.58,5.1,1,20191106,5200,6650,27.88,212696,10716,1,665.41,2019-10-21,2019-10-29,4200,5200,0.18,0,815,0.273
220,한화시스템,23.61,4.24,1,20191113,12250,11600,-5.31,1128925,41242,0.25,16.84,2019-10-21,2019-11-05,12250,14000,0.26,0.003,818,0.273
221,지누스,45.68,13.73,1,20191030,70000,73500,5,621764,43609,0.73,0.63,2019-10-16,2019-10-22,80000,90000,0.38,-0.006,812,0.273
222,티라유텍,1240.9,11.9,0,20191031,12050,24100,100,22771,1525,1,1164.16,2019-10-16,2019-10-24,10550,12050,0.32,0.003,813,0.273
223,미디어젠,576.27,1.88,0,20191105,10600,11250,6.13,13383,-533,1,573.16,2019-10-14,2019-10-22,9400,10600,0.56,0.006,814,0.273
224,캐리소프트,924.83,2.7,0,20191029,9000,12100,34.44,9969,-2189,1,1067,2019-10-14,2019-10-22,7000,9000,0.4,0.01,811,0.273
225,케이엔제이,1144.3,5.5,0,20191025,11000,15700,42.73,51107,1698,1,1104.68,2019-10-10,2019-10-17,8400,11000,0.53,0.008,810,0.273
226,엔바이오니아,425.8,3.8,0,20191024,8200,10700,30.49,8545,648,1,910.32,2019-10-07,2019-10-15,8200,10300,0.29,0.002,809,0.273
227,팜스빌,1035.53,7.05,0,20191022,14000,16800,20,19833,4815,0.87,674.04,2019-10-01,2019-10-11,11000,14000,0.33,0.009,808,0.273
228,라온피플,330.36,1.5,0,20191018,14000,13300,-5,21764,6250,1,2.07,2019-10-01,2019-10-11,14000,17000,0.36,0.004,807,0.273
229,아톤,810.88,9.5,0,20191017,43000,46050,7.09,28033,4096,0.8,653.96,2019-09-30,2019-10-08,30000,43000,0.29,-0.003,806,0.273
230,녹십자웰빙,657.93,4.49,0,20191014,11300,11900,5.31,53883,5678,1,657.66,2019-09-24,2019-10-02,9400,11300,0.43,0.013,805,0.273
231,올리패스,11.07,0.4,0,20190920,20000,30600,53,488,-27825,1,419.4,2019-08-30,2019-09-06,37000,45000,0.61,0.001,804,0.333
232,라닉스,51.68,93.2,0,20190918,6000,7100,18.33,9811,661,1,770.88,2019-08-29,2019-09-06,8000,10500,0.46,0.004,803,0.333
233,한독크린텍,1117.61,8.77,0,20190905,15100,24500,62.25,39627,4165,1,728.28,2019-08-22,2019-08-28,13300,15100,0.43,0.013,802,0.333
234,네오크레마,96.6,18.7,0,20190822,8000,9530,19.13,21745,3562,1,1.59,2019-08-07,2019-08-13,10000,11500,0.86,0.009,801,0.333
235,나노브릭,39.3,19.1,0,20190819,16000,14400,-10,7186,859,1,2.58,2019-08-01,2019-08-08,18000,22000,0.6,0.017,799,0.333
236,에스피시스템스,1116.32,13.68,0,20190814,4900,9800,100,46873,3235,0.68,786.16,2019-07-29,2019-08-06,4300,4900,0.23,0.019,798,0.333
237,레이,1013.19,10.27,0,20190808,20000,25150,25.75,47565,6779,1,779.56,2019-07-22,2019-07-30,17000,20000,0.21,0.004,797,0.333
238,코윈테크,163.54,0.9,0,20190805,34500,31050,-10,76832,10339,1,0.48,2019-07-18,2019-07-26,28400,34500,0.26,-0.013,795,0.333
239,그린플러스,863.94,5.85,0,20190807,10000,11150,11.5,42151,2213,1,700.96,2019-07-18,2019-07-26,8500,10000,0.22,0.014,796,0.333
240,세경하이테크,10.71,74.52,0,20190730,35000,33250,-5,176797,28640,1,1.2,2019-07-17,2019-07-23,46000,52000,0.54,-0.004,791,0.333
241,덕산테코피아,348.63,7.17,0,20190802,19000,17100,-10,70930,18783,0.79,1.96,2019-07-17,2019-07-24,17000,19000,0.69,-0.008,794,0.333
242,한국바이오젠,1087.6,27.56,0,20190801,6000,12000,100,16434,2130,0.8,1019.62,2019-07-17,2019-07-24,4700,5700,0.57,-0.012,792,0.333
243,슈프리마아이디,1124.05,13.14,0,20190801,27000,34750,28.7,18081,3571,0.77,707.26,2019-07-16,2019-07-24,23000,27000,0.16,-0.012,793,0.333
244,윌링스,1082.15,18.18,0,20190725,12500,22800,82.4,54327,4294,0.7,532.83,2019-07-10,2019-07-17,10000,12500,0.36,0.008,790,0.333
245,에이스토리,614.25,3.56,0,20190719,14300,12900,-9.79,46446,2320,1,131.51,2019-07-03,2019-07-10,11600,14300,0.4,0.003,788,0.333
246,플리토,1133,22,0,20190717,26000,31600,21.54,3505,-3761,0.68,710.71,2019-07-01,2019-07-09,19000,23000,0.27,-0.004,787,0.333
247,세틀뱅크,1122,14.8,0,20190712,55000,49500,-10,57164,11995,0.64,309.6,2019-06-27,2019-07-05,44000,49000,0.33,-0.001,786,0.333
248,아이스크림에듀,124.73,1.34,0,20190711,15900,14350,-9.75,86608,7108,1,5.7,2019-06-25,2019-07-02,15900,18000,0.26,0.007,785,0.333
249,펌텍코리아,5.75,9.48,0,20190704,190000,171000,-10,151070,20776,0.03,0.51,2019-06-18,2019-06-26,240000,270000,0.46,0.008,784,0.333
250,에이에프더블류,866.03,13.72,0,20190701,22500,28000,24.44,30330,8713,0.53,552.22,2019-06-12,2019-06-20,19500,22500,0.49,0.005,783,0.333
251,압타바이오,856.41,35.1,0,20190612,30000,50200,67.33,300,-31123,1,663.03,2019-05-28,2019-06-04,21000,25000,0.53,0,782,1
252,까스텔바쟉,32.53,3.86,0,20190610,12000,17000,41.67,84152,6356,0.29,3.4,2019-05-27,2019-05-31,16000,19000,0.39,0.017,781,1
253,마이크로디지탈,621.48,2.29,0,20190605,23000,41050,78.48,4554,-30,1,1116.34,2019-05-20,2019-05-28,20000,23000,0.43,0.026,780,1
254,컴퍼니케이파트너스,865.66,27.8,0,20190523,4500,8200,82.22,9866,3336,1,850.46,2019-05-08,2019-05-14,3600,4000,0.31,-0.004,778,1
255,수젠텍,75.21,3.15,0,20190528,12000,11150,-7.08,3440,-20960,1,1.48,2019-05-07,2019-05-16,12000,14000,0.37,0.001,779,1
256,에스앤케이,317.3,11.59,0,20190507,40400,36400,-9.9,237069.12,25672.70202,1,185.17,2019-04-17,2019-04-24,30800,40400,0.17,-0.005,777,1
257,현대오토에버,797.36,57.79,1,20190328,48000,75500,57.29,1473376,4247.069767,0.1,345.24,2019-03-13,2019-03-20,40000,44000,0.27,-0.006,775,0.263
258,아모그린텍,164.22,3.05,0,20190329,9900,10300,4.04,111297,-5238,0.8,22.13,2019-03-12,2019-03-20,8800,9900,0.44,0.003,776,0.263
259,지노믹트리,372,22.8,0,20190327,27000,29450,9.07,454,-2113,1,13.1,2019-03-11,2019-03-19,17000,25000,0.3,0.007,774,0.263
260,이지케어텍,1108.03,40.25,0,20190322,12300,24600,100,55374,3606,1,1272.11,2019-03-05,2019-03-13,10100,12300,0.29,0.014,773,0.263
261,미래에셋벤처투자,441.4,3.7,0,20190315,4500,6150,36.67,54949,6305,1,1021.77,2019-02-27,2019-03-08,3700,4500,0.43,-0.002,772,0.263
262,드림텍,395.96,0.8,1,20190314,13000,17350,33.46,527609,9607,0.54,562.7,2019-02-25,2019-03-05,11000,13000,0.38,0.007,771,0.263
263,에코프로비엠,988.49,45.04,0,20190305,48000,61100,27.29,289870,15159,1,273.78,2019-02-14,2019-02-22,37500,42900,0.49,-0.002,770,0.263
264,셀리드,778.77,10.49,0,20190220,33000,43750,32.58,144312.06,-5408,1,818.83,2019-01-29,2019-02-12,25000,31000,0.22,0.002,769,0.263
265,천보,891.1,15.8,0,20190211,40000,52500,31.25,87606,14822,0.8,426.09,2019-01-21,2019-01-29,35000,40000,0.37,0.001,768,0.263
266,이노테라피,154.44,2.83,0,20190201,18000,22200,23.33,180,-3012,1,463.37,2019-01-16,2019-01-24,20200,25200,0.28,0.014,767,0.263
267,노랑풍선,978.43,12.42,0,20190130,20000,30350,51.75,83822,10436,0.74,1025.2,2019-01-15,2019-01-22,15500,19000,0.29,-0.008,766,0.263
268,웹케시,614,6.8,0,20190125,26000,31700,21.92,77086,3679,1,9473.1,2019-01-09,2019-01-17,24000,26000,0.44,0.007,765,0.263
269,에어부산,23.89,0.4,1,20181227,3600,4020,11.67,561657,28464,0.4,36.5,2018-12-13,2018-12-19,3600,4000,0.44,0.058,764,0.579
270,비피도,74.62,65.37,0,20181226,18000,36000,100,13664,2425,1,159.97,2018-12-11,2018-12-18,22100,28700,0.42,-0.022,763,0.579
271,유틸렉스,597.2,18.63,0,20181224,50000,60100,20.2,133,-9593,1,322.96,2018-12-10,2018-12-14,38000,50000,0.46,-0.03,762,0.579
272,디케이티,771.42,3.5,0,20181221,7400,12900,74.32,117043,4611,1,780.32,2018-12-06,2018-12-13,6000,7400,0.5,-0.016,761,0.579
273,에이비엘바이오,60.08,10.99,0,20181219,15000,13500,-10,71,-74734,1,0.78,2018-12-06,2018-12-12,13000,17000,0.57,0.004,759,0.579
274,위지윅스튜디오,177.33,1.13,0,20181220,11000,11250,2.27,12989,499,1,6.84,2018-12-06,2018-12-13,9000,13000,0.59,-0.022,760,0.579
275,머큐리,749.57,13.35,0,20181214,6100,9630,57.87,138330,4443,0.5,930.39,2018-11-29,2018-12-06,5200,6100,0.05,-0.004,758,0.579
276,전진바이오팜,14.69,27.2,0,20181214,10000,11550,15.5,3136,-3041,1,24.8,2018-11-28,2018-12-05,15000,17000,0.74,-0.004,757,0.579
277,이노메트리,765.22,11.39,0,20181212,26000,40000,53.85,14063,1177,1,791.16,2018-11-27,2018-12-04,21000,25000,0.32,0.002,755,0.579
278,뉴트리,28.68,9.48,0,20181213,14500,13050,-10,60383,2096,0.8,0.19,2018-11-27,2018-12-04,14500,17000,0.25,0.009,756,0.579
279,대유에이피,299.23,34.64,0,20181207,3000,6000,100,206580,6502,1,11.12,2018-11-21,2018-11-28,2600,3300,0.25,0.004,754,0.579
280,베스파,24.81,9.48,0,20181203,35000,33400,-4.57,31115,5735,1,3.3,2018-11-15,2018-11-22,44800,59700,0.47,0.008,752,0.579
281,윙입푸드,131.15,73.2,0,20181130,2000,1800,-10,82064,16388,1,0.71,2018-11-14,2018-11-22,2000,3000,0.77,-0.003,751,0.579
282,티로보틱스,56.9,9.48,0,20181129,16000,14400,-10,70378,7308,1,177.86,2018-11-14,2018-11-20,16000,18000,0.57,0.029,748,0.579
283,에코캡,20.66,9.48,0,20181205,4200,4100,-2.38,84224,2783,1,0.35,2018-11-12,2018-11-20,4200,5200,0.47,-0.038,753,0.579
284,티앤알바이오팹,101.9,1,0,20181128,18000,16200,-10,406,-4058,1,500.35,2018-11-12,2018-11-16,18000,23000,0.31,0,747,0.579
285,엠아이텍,472.57,0.42,0,20181129,4500,4050,-10,22541,2051,0.5,883.39,2018-11-12,2018-11-20,3900,4500,0.53,0.029,749,0.579
286,네오펙트,338.01,0.89,0,20181128,11000,9900,-10,7288,160,1,400.8,2018-11-12,2018-11-20,10000,12500,0.33,0,746,0.579
287,남화산업,822.09,6.14,0,20181129,3700,5610,51.62,14214,8543,1,858.4,2018-11-08,2018-11-16,3100,3700,0.5,0.029,750,0.579
288,싸이토젠,608.85,0.7,0,20181122,17000,17800,4.71,850,-2149,1,705.49,2018-11-08,2018-11-14,13000,17000,0.41,0.009,743,0.579
289,아시아나IDT,7.04,9.48,1,20181123,15000,14300,-4.67,264919,19397,0.33,1.21,2018-11-07,2018-11-15,19300,24100,0.37,0.009,745,0.579
290,아주IB투자,40.55,9.48,0,20181121,1500,1350,-10,69732,13044,0.5,63.76,2018-11-06,2018-11-14,2000,2400,0.5,-0.017,741,0.579
291,디알젬,785.43,1.05,0,20181122,6500,8470,30.31,49324,4132,1,832.96,2018-11-05,2018-11-13,5000,7000,0.43,0.009,744,0.579
292,파멥신,764.16,18.81,0,20181121,60000,58100,-3.17,209,-6483,1,322.78,2018-11-05,2018-11-13,43000,55000,0.33,-0.017,742,0.579
293,디케이앤디,256.3,55.4,0,20181120,6000,7570,26.17,33757,-563,0.64,975.69,2018-11-02,2018-11-08,5800,6600,0.38,-0.03,740,0.579
294,디자인,771.73,3.86,0,20181115,10100,20200,100,30472,2225,1,665.04,2018-11-01,2018-11-08,9000,10100,0.06,-0.009,739,0.579
295,노바렉스,48.64,18.99,0,20181114,19000,25450,33.95,80854,8567,1,631.42,2018-10-30,2018-11-06,19000,24000,0.47,0,738,0.579
296,셀리버리,698.98,16.8,0,20181109,25000,32000,28,2774,-15008,1,808.45,2018-10-22,2018-10-30,20000,25000,0.57,-0.005,737,0.579
297,대보마그네틱,995.4,45.41,0,20181106,31000,60200,94.19,13165,3760,0.73,837.58,2018-10-18,2018-10-26,22500,25500,0.26,-0.004,736,0.579
298,엘앤씨바이오,937.08,17.27,0,20181101,24000,29800,24.17,17901,3753,1,985.59,2018-10-16,2018-10-24,18000,20000,0.52,0.02,734,0.579
299,노바텍,66.32,0.03,0,20181102,10000,14100,41,21284,3975,0.7,326.67,2018-10-16,2018-10-24,12500,16500,0.48,0.018,735,0.579
300,옵티팜,94.57,11.6,0,20181026,10000,9000,-10,13857,-1567,0.75,463.49,2018-10-11,2018-10-17,10000,12000,0.54,0.03,733,0.579
301,로보티즈,958.6,39.8,0,20181026,14000,28000,100,17914,1781,1,1043.92,2018-10-10,2018-10-18,9200,11300,0.34,0.03,732,0.579
302,에스퓨얼셀,942.85,40.5,0,20181015,16500,33000,100,20295,2789,0.67,857.78,2018-09-18,2018-10-02,10600,14000,1,0.023,731,0.579
303,크리스에프앤씨,7.89,9.48,0,20181001,30000,27000,-10,277417,34158,0.5,0.53,2018-09-11,2018-09-18,34000,38200,0.24,0.001,727,0.579
304,푸드나무,791.08,16.5,0,20181004,24000,43350,80.63,34826,3922,0.87,914.05,2018-09-11,2018-09-19,18700,22700,0.29,0.003,729,0.579
305,나우아이비캐피탈,63.17,11,0,20181004,8500,9300,9.41,13755,5512,0.76,64.89,2018-09-10,2018-09-18,9500,11000,0.24,0.003,730,0.579
306,하나제약,101.5,0.1,1,20181002,26000,30100,15.77,139331,24310,1,147.5,2018-09-10,2018-09-18,24500,28000,0.36,-0.001,728,0.579
307,지티지웰니스,946.89,4.22,0,20180921,11000,15250,38.64,23053,2459,1,514.16,2018-09-04,2018-09-13,9000,9800,0.44,0.01,726,1
308,우진아이엔에스,129.06,0.77,1,20180914,15000,15150,1,140446,16846,0.67,11.17,2018-08-30,2018-09-06,15000,17000,0.46,0.007,725,1
309,명성티엔에스,745.56,11.73,0,20180913,20000,22000,10,64575,5857,0.62,804.79,2018-08-29,2018-09-05,16100,18700,0.39,-0.002,724,1
310,디지캡,979.06,4.18,0,20180907,12000,13250,10.42,16311,2045,0.62,931.79,2018-08-22,2018-08-29,8500,10500,0.42,-0.009,723,1
311,액트로,132.07,1.86,0,20180828,20000,20700,3.5,50659,5654,1,545.42,2018-08-09,2018-08-17,20000,24000,0.68,0.009,722,1
312,에이피티씨,20.99,8.7,0,20180823,9000,9310,3.44,41122,10850,1,22.69,2018-08-07,2018-08-14,11500,13000,0.52,0.004,720,1
313,오파스넷,861.66,14.22,0,20180824,11000,18000,63.64,71416,3080,1,1401.36,2018-08-06,2018-08-14,8500,9700,0.66,-0.001,721,1
314,바이오솔루션,174.79,5.04,0,20180820,29000,28200,-2.76,5011,-1806,1,302.62,2018-08-02,2018-08-10,24000,29000,0.59,0.001,719,1
315,대유,148.39,10.52,0,20180810,9000,13250,47.22,28494,5458,0.96,11.65,2018-07-24,2018-08-02,8900,10000,0.64,0,718,1
316,에스에스알,928.44,41.62,0,20180806,9000,18000,100,11326,2515,1,1231.66,2018-07-19,2018-07-27,6600,7500,0.23,0.001,716,1
317,휴네시온,751.89,8.9,0,20180802,10000,15000,50,13193,2995,0.86,827.74,2018-07-19,2018-07-26,8700,10000,0.21,0.005,715,1
318,디아이티,105.14,6.8,0,20180807,10000,10550,5.5,85994,11909,1,11.1,2018-07-18,2018-07-26,9400,10400,0.33,0.006,717,1
319,티웨이항공,23.03,9.48,1,20180801,12000,11600,-3.33,584032,39708,0.75,1.15,2018-07-17,2018-07-24,14600,16700,0.48,0.005,714,1
320,롯데정보통신,79.33,25.9,1,20180727,29800,30550,2.52,691297,20675,1,34.22,2018-07-11,2018-07-18,28300,33800,0.33,-0.01,713,1
321,한국유니온제약,918.99,9.4,0,20180726,18000,23000,27.78,47470,4420,1,1015.13,2018-07-09,2018-07-18,13500,16000,0.62,0.012,712,1
322,엠코르셋,766.05,16.4,0,20180723,11500,11050,-3.91,124300,7757,0.8,51.47,2018-07-05,2018-07-13,10100,11500,0.21,-0.001,711,1
323,올릭스,876.72,74.03,0,20180718,36000,72000,100,244,-5164,1,847.09,2018-07-02,2018-07-10,26000,30000,0.65,0.006,710,1
324,아이큐어,642.1,5.08,0,20180712,65000,58500,-10,35674,240,1,331.42,2018-06-28,2018-07-05,44000,55000,0.48,-0.005,709,1
325,에스브이인베스트먼트,786.73,4.7,0,20180706,7000,9000,28.57,10450,2113,1,974.23,2018-06-21,2018-06-28,5600,6300,0.14,0.011,708,1
326,이원다이애그노믹스,749.79,27.87,0,20180626,6500,9000,38.46,1449,-3606,1,810.33,2018-06-11,2018-06-19,4700,5700,0.32,-0.021,707,0.714
327,파워넷,590.6,7.66,0,20180607,6500,10100,55.38,137731,6114,0.5,1144,2018-05-24,2018-05-30,5500,6500,0.45,0.007,706,0.714
328,현대사료,839.16,31.92,0,20180601,6600,13200,100,106532,3513,1,1690,2018-05-16,2018-05-24,5700,6600,0.43,-0.003,705,0.714
329,세종메디칼,836.68,39.75,0,20180529,15000,23100,54,12773,3192,0.6,922.71,2018-05-14,2018-05-21,10800,13700,0.28,0.001,704,0.714
330,제노레이,907.12,32.59,0,20180528,23000,45900,99.57,35467,2905,0.76,1028.72,2018-05-09,2018-05-17,17500,20500,0.44,0.001,703,0.714
331,케어랩스,934.42,40.19,0,20180328,20000,40000,100,18597,1935,1,886.14,2018-03-12,2018-03-20,15000,18000,0.2,-0.029,701,0.333
332,애경산업,24.3,8.51,1,20180322,29100,28000,-3.78,506780,21546,0.71,6.73,2018-03-07,2018-03-14,29100,34100,0.39,-0.003,700,0.333
333,린드먼아시아인베스트먼트,640.8,27.4,0,20180314,6500,13000,100,6335,2802,1,1039.51,2018-02-26,2018-03-06,5000,5500,0.26,-0.01,698,0.333
334,에코마이스터,15.54,12,0,20180315,5200,7000,34.62,19968,526,0.75,213.78,2018-02-26,2018-03-06,6000,8500,0.26,-0.002,699,0.333
335,엔지켐생명과학,258.68,13.25,0,20180221,56000,87000,55.36,21835,-6332,1,342.31,2018-02-05,2018-02-09,45000,70000,0.42,-0.001,696,0.333
336,오스테오닉,442,1.7,0,20180222,7700,15400,100,6640,1541,1,998.83,2018-02-01,2018-02-09,5800,7500,0.49,-0.002,697,0.333
337,동구바이오제약,727.7,53.41,0,20180213,16000,32000,100,87363,10923,0.93,836.67,2018-01-30,2018-02-06,12000,14500,0.5,0.016,695,0.333
338,아시아종묘,239.52,4.39,0,20180212,4500,4520,0.44,21313,2409,1,243.2,2018-01-29,2018-02-02,4200,5200,0.16,0.014,693,0.333
339,알리코제약,389.27,9.38,0,20180212,12000,18100,50.83,48127,2243,1,697.3,2018-01-25,2018-02-02,10000,13000,0.3,0.014,694,0.333
340,카페24,672.71,42.9,0,20180208,57000,84500,48.25,118080,-1272,1,731.58,2018-01-23,2018-01-31,43000,57000,0.32,-0.009,692,0.333
341,링크제니시스,754.6,35.9,0,20180205,30000,53000,76.67,10195,1758,,1184.36,2018-01-18,2018-01-26,22000,25000,0.36,-0.02,691,0.333
342,배럴,298.48,9.06,0,20180201,9500,10400,9.47,24247,3713,1,369.78,2018-01-15,2018-01-23,8000,9500,1.36,0.001,690,0.333
343,에스지이,17.03,9.48,0,20180126,6000,5400,-10,93642,9004,0.8,0.44,2018-01-11,2018-01-19,6300,7200,0.36,-0.001,689,0.333
344,씨앤지하이테크,249.23,12.64,0,20180125,16000,18600,16.25,44345,5498,1,625.64,2018-01-10,2018-01-17,16000,20000,0.22,-0.006,688,0.333
345,시스웍,78.86,0.44,0,20171226,2800,3810,36.07,24178,5347,1,830.31,2017-12-08,2017-12-15,3300,3900,0.3,-0.001,687,0.217
346,디바이스이엔지,11.4,9.48,0,20171220,12000,10800,-10,70777,4540,0.91,2.38,2017-12-04,2017-12-12,15500,17500,0.29,-0.004,686,0.217
347,진에어,274.55,7.3,1,20171208,31800,31800,0,719673,39333,0.25,134.05,2017-11-23,2017-11-30,26800,31800,0.22,0.005,684,0.217
348,동양피스톤,62.8,9.48,1,20171208,5700,5130,-10,298002,9214,1,20.36,2017-11-22,2017-11-29,5700,7300,0.21,0.005,685,0.217
349,메카로,719.26,42.07,0,20171206,33000,43000,30.3,48134,2926,1,664.69,2017-11-21,2017-11-28,25000,30000,0.2,-0.002,682,0.217
350,씨티케이코스메틱스,188.65,6.6,0,20171207,55000,49500,-10,133888,23325,1,145.75,2017-11-21,2017-11-28,46000,55000,0.32,0.002,683,0.217
351,에스트래픽,605.02,13.4,0,20171205,10000,20000,100,88748,8209,1,1128.18,2017-11-20,2017-11-24,8000,10000,0.51,-0.011,681,0.217
352,대원,247.25,0.2,0,20171201,15000,16000,6.67,226696,36888,0.5,460.24,2017-11-16,2017-11-24,13000,15000,0.39,0.007,679,0.217
353,체리부로,265.38,0.4,0,20171204,4700,5020,6.81,290878,16031,0.68,616.6,2017-11-16,2017-11-23,4300,4700,0.56,-0.004,680,0.217
354,비즈니스온커뮤니케이션,513.97,14.9,0,20171130,9000,16900,87.78,11711,2626,1,1075.91,2017-11-15,2017-11-22,8100,9000,0.32,-0.013,678,0.217
355,삼양패키징,16.73,0.36,1,20171129,26000,25750,-0.96,310125,24220,,2.74,2017-11-13,2017-11-21,26000,30000,0.41,0.005,677,0.217
356,비디아이,53.95,23.27,0,20171109,10000,17600,76,100558,3953,0.8,1239.8,2017-10-23,2017-10-31,9500,12000,0.11,0.003,675,0.217
357,테이팩스,16.81,12.64,1,20171031,23000,26600,15.65,63584,491,0.24,2.05,2017-10-17,2017-10-25,23000,26000,0.32,0,673,0.217
358,티슈진,299.49,22.45,0,20171106,27000,52000,92.59,200821.17,-32273.25,1,299.53,2017-10-17,2017-10-24,16000,27000,0.6,0.007,674,0.217
359,영화테크,61.83,27.56,0,20171026,12500,25000,100,61373,5587,1,1011.76,2017-10-11,2017-10-18,12500,15500,0.58,-0.005,672,0.217
360,세원,90.67,14.41,0,20171020,5700,8600,50.88,42352,2651,0.6,640.36,2017-09-26,2017-10-13,5200,6200,0.2,-0.003,671,0.217
361,상신전자,601.54,11,0,20171016,13300,13300,0,67474,5089,1,1002.23,2017-09-20,2017-09-27,11600,13300,0.56,0.002,670,0.217
362,에스엔피월드,534.27,4.97,0,20170928,5100,5100,0,27164,3856,1,661.5,2017-09-14,2017-09-20,4300,5100,0.43,0.011,668,0.333
363,야스,28.9,7.15,0,20170929,23500,21150,-10,82982,13064,0.74,0.52,2017-09-14,2017-09-22,23500,26500,0.35,0,669,0.333
364,유티아이,5.05,0.4,0,20170927,25000,22500,-10,38852,13037,-17.01,3.44,2017-09-11,2017-09-19,28000,33000,0.53,0.002,667,0.333
365,신흥에스이씨,482.4,33.1,0,20170927,16000,29400,83.75,90112,5552,0.5,731.42,2017-09-11,2017-09-19,11000,14000,0.38,0.002,666,0.333
366,엠플러스,596.2,27.2,0,20170920,18000,28350,57.5,28031,3542,0.8,1003.24,2017-09-06,2017-09-12,14000,16000,0.6,0.001,664,0.333
367,선익시스템,7.87,9.48,0,20170920,37000,33300,-10,143709,23612,0.67,0.73,2017-09-04,2017-09-12,37000,44000,0.53,0.001,665,0.333
368,샘코,19.26,0.96,0,20170915,11000,12000,9.09,28814,2044,1,207,2017-08-31,2017-09-08,14000,18000,0.27,-0.005,662,0.333
369,앱클론,564.87,21.72,0,20170918,10000,20000,100,3120,-1597,1,799.09,2017-08-31,2017-09-08,8000,10000,0.48,0.003,663,0.333
370,펄어비스,62.4,6.22,0,20170914,103000,92700,-10,33690,24425,1,0.43,2017-08-29,2017-09-06,80000,103000,0.35,0.001,661,0.333
371,케이피에스,75.3,9.48,0,20170906,14000,13500,-3.57,17547,2555,1,452.96,2017-08-23,2017-08-29,16000,20000,0.46,-0.009,660,0.333
372,덕우전자,282.69,11.35,0,20170828,15500,16900,9.03,76328,10785,0.6,586.43,2017-08-09,2017-08-18,13500,15500,0.53,-0.001,659,0.333
373,이더블유케이,588.13,25.95,0,20170822,5000,10000,100,28570,3263,0.75,1160.15,2017-08-03,2017-08-10,4200,5000,0.45,-0.001,658,0.333
374,컬러레이,60.49,9.48,0,20170810,3800,3660,-3.68,237069.12,25672.70202,1,0.73,2017-07-25,2017-08-01,3800,5800,0.44,-0.003,656,0.333
375,알에스오토메이션,656.89,61,0,20170811,6000,11950,99.17,70698,3004,1,1058.82,2017-07-24,2017-08-01,5250,6000,0.42,-0.021,657,0.333
376,모트렉스,357.12,11.24,0,20170804,38300,38000,-0.78,200359,15018,0.85,422.73,2017-07-20,2017-07-28,31200,38300,0.16,-0.004,655,0.333
377,디앤씨미디어,539.1,33.5,0,20170801,20000,32300,61.5,18893,3012,1,563.1,2017-07-19,2017-07-25,17000,20000,0.26,-0.004,652,0.333
378,데이타솔루션,395.83,23.09,0,20170803,3300,6600,100,100820,3054,0.7,733.74,2017-07-18,2017-07-25,2700,3300,0.35,0,654,0.333
379,지니언스,620.04,14.5,0,20170802,13500,20050,48.52,20615,3658,1,922.71,2017-07-17,2017-07-25,12000,13500,0.26,0.002,653,0.333
380,셀트리온헬스케어,38.06,12.5,0,20170728,41000,43650,6.46,402389,28641,1,6.95,2017-07-13,2017-07-20,32500,41000,0.69,-0.006,651,0.333
381,이즈미디어,129.22,1.38,0,20170726,7500,8400,12,39808,4167,0.92,13.87,2017-07-10,2017-07-18,7500,10000,0.28,0,650,0.333
382,힘스,729.64,27.48,0,20170720,20000,32500,62.5,50876,4951,1,795.94,2017-07-04,2017-07-12,15500,18800,0.39,0.006,649,0.333
383,아우딘퓨쳐스,182.6,9.48,0,20170712,26000,23400,-10,25099,1733,1,2.99,2017-06-27,2017-07-04,26000,30000,0.55,0.003,647,0.333
384,브이원텍,557.47,8.3,0,20170713,17700,20100,13.56,24455,7969,0.8,754.31,2017-06-26,2017-07-04,15200,17700,0.35,0.011,648,0.333
385,제일홀딩스,113.98,2.88,0,20170630,20700,18650,-9.9,6196498,371783,1,20.67,2017-06-12,2017-06-20,20700,22700,0.51,-0.014,646,0.5
386,보라티알,557.61,13.3,0,20170608,14300,18900,32.17,6963,829,1,1026.34,2017-05-23,2017-05-30,12500,14300,0.53,0.004,645,0.5
387,삼양옵틱스,33.2,8.7,0,20170602,16700,16700,0,57221,13419,,2.88,2017-05-18,2017-05-24,16700,20600,0.42,0.008,644,0.5
388,필옵틱스,647.18,13.25,0,20170601,48000,48200,0.42,177220,14820,1,588.96,2017-05-17,2017-05-24,41000,48000,0.62,-0.001,643,0.5
389,하나머티리얼즈,689.9,49.73,0,20170428,12000,17500,45.83,52713,7608,1,955.33,2017-04-12,2017-04-19,10000,12000,0.47,0.004,640,0.5
390,넷마블게임즈,240.74,47.1,1,20170512,157000,165000,5.1,878658,60791,1,29.17,2017-04-11,2017-04-26,121000,157000,0.32,-0.002,642,0.5
391,와이엠티,706.16,42.75,0,20170427,21000,35100,67.14,49939,7742,0.89,841.57,2017-04-11,2017-04-19,16500,18500,0.54,0,639,0.5
392,ING생명보험,3.97,0.13,1,20170511,33000,31200,-5.45,4678032,304794,,0.82,2017-04-06,2017-04-28,31500,40000,0.27,0.001,641,0.5
393,이엘피,527.12,11.26,0,20170406,20000,22000,10,16079,3204,1,738.15,2017-03-23,2017-03-29,17000,20000,0.3,-0.006,638,0.5
394,서진시스템,588.93,36.65,0,20170327,25000,40000,60,36021,6491,0.91,742.06,2017-03-13,2017-03-17,21000,25000,0.32,0.002,637,0.091
395,코미코,580.68,30.91,0,20170323,13000,29050,123.46,38664,7157,0.4,745.44,2017-03-07,2017-03-15,11000,13000,0.33,0.005,636,0.091
396,아스타,18.4,11.46,0,20170320,8000,9700,21.25,364,-1924,1,484.52,2017-03-06,2017-03-10,13000,18000,0.49,0,635,0.091
397,덴티움,22.96,0.4,1,20170315,32000,38200,19.38,95489,14497,,364.19,2017-02-27,2017-03-07,45000,50000,0.48,-0.003,634,0.091
398,에스디생명공학,26.66,11.46,0,20170302,12000,15200,26.67,74656,18361,0.67,2.38,2017-02-14,2017-02-21,15000,18000,0.59,0.013,633,0.091
399,모바일어플라이언스,471.31,19.13,0,20170224,3500,5900,68.57,53720,1679,0.28,636.77,2017-02-13,2017-02-17,3000,3500,0.2,-0.004,630,0.091
400,에프엔에스테크,624.02,6.26,0,20170227,14000,17050,21.79,44578,2794,1,840.67,2017-02-09,2017-02-17,11000,13000,0.29,0.002,631,0.091
401,신신제약,40.88,0.06,0,20170228,4500,6170,37.11,51614,3886,1,72.5,2017-02-08,2017-02-17,5900,6700,0.13,0.003,632,0.091
402,피씨엘,6.61,0.46,0,20170223,8000,7800,-2.5,243,-1864,1,2.01,2017-02-08,2017-02-14,10500,13000,0.37,-0.001,629,0.091
403,호전실업,40.43,2.5,1,20170202,25000,24500,-2,289118,22535,0.68,331.3,2017-01-16,2017-01-20,30000,35000,0.62,0.005,628,0.091
404,서플러스글로벌,81.31,1.04,0,20170125,8000,8500,6.25,94114,8975,0.97,548,2017-01-12,2017-01-18,7400,9400,0.22,0.009,627,0.091
405,유바이오로직스,31.09,9.48,0,20170124,6000,5600,-6.67,1603,-2828,1,10.5,2017-01-09,2017-01-17,6000,6800,0.24,0,626,0.091
406,퓨전데이타,345.36,12.05,0,20161221,11500,20750,80.43,18784,2766,1,572.56,2016-12-06,2016-12-13,10000,11500,0.43,0.005,625,0.467
407,디에스씨인베스트먼트,11.2,27.56,0,20161219,1700,3400,100,4440,1299,1,10.77,2016-12-05,2016-12-09,2500,2800,0,-0.004,624,0.467
408,티에스인베스트먼트,30.87,12.64,0,20161215,1300,1470,13.08,5975,2517,0.89,2.02,2016-12-01,2016-12-08,1450,1550,0.28,-0.005,623,0.467
409,마이크로프랜드,124.3,9.48,0,20161212,7300,6570,-10,36555,2265,0.67,1.17,2016-11-28,2016-12-02,7300,8500,0.6,0.005,622,0.467
410,코썬바이오,54.22,9.48,0,20161209,7000,6300,-10,25807,7981,0.57,5.78,2016-11-24,2016-12-01,7000,9000,0.4,0.004,621,0.467
411,신라젠,74.98,15.9,0,20161206,15000,13500,-10,3579,-41522,1,172.52,2016-11-23,2016-11-29,15000,18000,0.47,0.01,618,0.467
412,애니젠,93.9,9.48,0,20161207,18000,17800,-1.11,3722,-2574,1,812.5,2016-11-22,2016-11-29,22000,26000,0.52,0.005,620,0.467
413,유니온커뮤니티,134.5,27.56,0,20161207,5000,4465,-10.7,39399,2008,1,1.96,2016-11-21,2016-11-29,4400,5000,0.46,0.005,619,0.467
414,퓨쳐켐,62.51,11,0,20161201,15000,15750,5,1447,-24584,1,473.9,2016-11-16,2016-11-24,19000,22000,0.26,-0.01,616,0.467
415,뉴파워프라즈마,501.2,7.8,0,20161130,17500,17500,0,50265,8181,1,521.29,2016-11-16,2016-11-22,15000,17000,0.57,0.002,613,0.467
416,핸즈코퍼레이션,57.64,1.73,1,20161202,12000,10800,-10,621338,8263,0.91,6.99,2016-11-15,2016-11-23,12000,14000,0.37,-0.014,617,0.467
417,오션브릿지,617.92,10.75,0,20161201,6600,7730,17.12,25389,3496,1,1135.44,2016-11-15,2016-11-22,5400,6600,0.52,-0.01,615,0.467
418,엘앤케이바이오,220.1,11,0,20161130,15000,15750,5,28171,8469,1,317.14,2016-11-14,2016-11-22,14500,18000,0.19,0.002,614,0.467
419,에이치엔티일렉트로닉스,132.1,11.46,0,20161128,10000,12100,21,90441,1788,1,996.23,2016-11-14,2016-11-18,14000,16000,0.26,0.003,612,0.467
420,핸디소프트,262.22,10.52,0,20161124,5600,8180,46.07,41632,3886,1,1170.44,2016-11-07,2016-11-16,4500,5600,0.28,-0.001,611,0.467
421,두산밥캣,9.81,11.46,1,20161118,30000,36000,20,4040752,148133,,0.29,2016-11-03,2016-11-09,29000,33000,0.79,0.007,610,0.467
422,삼성바이오로직스,295.63,24.63,1,20161110,136000,135000,-0.74,91278,1904946,0.67,45.34,2016-10-26,2016-11-03,113000,136000,0.31,0.011,609,0.467
423,클리오,153.08,10.42,0,20161109,41000,39950,-2.56,106914,17651,0.5,5.68,2016-10-25,2016-11-01,36400,41000,0.26,0.005,608,0.467
424,오가닉티코스메틱,672.02,11.3,0,20161104,4000,6510,62.75,136188,34661,1,672.42,2016-10-20,2016-10-27,3200,3700,0.58,-0.009,607,0.467
425,로고스바이오시스템스,190.16,0.53,0,20161103,25500,25500,0,3870,-250,1,208.48,2016-10-19,2016-10-27,22200,25500,0.23,-0.009,606,0.467
426,인크로스,492.1,6.1,0,20161031,43000,67700,57.44,26514,-230,0.62,1047.5,2016-10-13,2016-10-21,38000,43000,0.51,-0.005,605,0.467
427,코스메카코리아,573,30.8,0,20161028,54000,71400,32.22,99150,5027,1,391.4,2016-10-11,2016-10-19,48000,54000,0.55,-0.007,604,0.467
428,제이더블유생명과학,224.57,7.41,1,20161027,30000,33050,10.17,125950,12864,,220.29,2016-10-10,2016-10-19,27000,32500,0.5,-0.006,602,0.467
429,그레이트리치과기,140.75,4.32,0,20161025,5000,5000,0,509568.1,13099.60952,1,7.01,2016-10-10,2016-10-18,4000,6000,0.36,0.01,601,0.467
430,인텔리안테크놀로지스,319,1.3,0,20161018,19000,18750,-1.32,49296,4925,1,744.63,2016-09-28,2016-10-07,18000,20500,0.31,-0.003,599,0.467
431,에이치시티,95.67,11.6,0,20161017,17000,19500,14.71,24454,4894,1,127.28,2016-09-28,2016-10-07,19200,22500,0.36,0,598,0.467
432,잉글우드랩,226.37,12,0,20161014,6000,8360,39.33,144312.06,8553.018868,1,350.46,2016-09-26,2016-10-05,6000,7000,0.49,-0.005,597,0.467
433,앤디포스,406.09,10.6,0,20161012,14500,17500,20.69,57458,13758,0.71,524.2,2016-09-26,2016-10-05,13000,14500,0.4,-0.015,596,0.467
434,미투온,73.1,9.48,0,20161010,3800,3420,-10,14891,4303,1,1.15,2016-09-20,2016-09-27,3800,4300,0.55,-0.003,594,0.467
435,화승엔터프라이즈,48.46,0.21,1,20161004,15000,13500,-10,237069.12,-1,0.79,0.43,2016-09-08,2016-09-22,14600,16500,0.56,-0.002,593,0.467
436,엘에스전선아시아,30.57,9.48,1,20160922,8000,7200,-10,200134,6111,0.07,2.98,2016-09-05,2016-09-09,10000,11500,0.62,0.01,592,0.6
437,유니테크노,233.84,11.46,0,20160920,10300,12750,23.79,58425,8010,1,1003.29,2016-08-31,2016-09-06,10300,11500,0.6,-0.002,591,0.6
438,자이글,18.9,11.46,0,20160906,11000,13600,23.64,101923,13488,0.5,610.76,2016-08-18,2016-08-26,20000,23000,0.33,0.004,590,0.6
439,헝셩그룹,93.06,9.48,0,20160818,3600,3240,-10,237069.12,25672.70202,1,0.77,2016-08-03,2016-08-09,3400,5300,0.73,0,589,0.6
440,에코마케팅,941.86,36.39,0,20160808,35000,68000,94.29,19665,9306,1,1103,2016-07-18,2016-07-27,27000,31000,0.55,0.011,588,0.6
441,엔지스테크널러지,475.6,21.2,0,20160728,10000,19000,90,6328,1753,1,562.94,2016-07-13,2016-07-20,8900,10000,0.06,0.006,585,0.6
442,두올,71.69,9.48,1,20160729,8500,8190,-3.65,176362,6549,0.4,2.17,2016-07-13,2016-07-20,7500,9000,0.28,0.003,586,0.6
443,팍스넷,753.07,5.19,0,20160801,5200,10400,100,20588,3631,1,946.51,2016-07-11,2016-07-20,4600,5200,0.3,0.001,587,0.6
444,우리손에프앤지,455.1,40.4,0,20160727,2210,4000,81,155022,14990,0.5,638.97,2016-07-11,2016-07-19,1935,2210,0.41,0.002,584,0.6
445,옵토팩,397.4,2.82,0,20160720,5900,6210,5.25,31661,-356,1,371.21,2016-07-05,2016-07-12,5000,5900,0.23,-0.004,583,0.6
446,장원테크,216.32,11.3,0,20160715,17500,22250,27.14,202485,21381,0.8,854.49,2016-07-04,2016-07-08,15000,17500,0.47,0.006,582,0.6
447,한국자산신탁,149.83,6.37,1,20160713,10300,9900,-3.88,83392,36292,1,6.65,2016-06-23,2016-07-01,9100,10300,0.2,0.007,580,0.6
448,바이오리더스,352.2,6.5,0,20160707,15000,17100,14,1167,-5429,1,1222.58,2016-06-22,2016-06-28,11000,15000,0.39,0.008,579,0.6
449,피앤씨테크,306.39,10.89,0,20160704,10200,11000,7.84,23950,4889,1,679.77,2016-06-16,2016-06-23,9000,10200,0.5,0.004,578,0.6
450,로스웰,386.96,26.6,0,20160630,3200,3915,22.34,153762.78,8289.117647,1,328.18,2016-06-13,2016-06-20,2100,3200,0.67,0.019,577,0.8
451,해성디에스,188.69,12.2,1,20160624,12000,16700,39.17,246043,14687,1,158.41,2016-06-09,2016-06-16,12000,15000,0.31,0.016,576,0.8
452,에스티팜,717.41,60.03,0,20160623,29000,47000,62.07,138052,25189,1,236.85,2016-06-09,2016-06-16,24000,27000,0.43,-0.002,574,0.8
453,녹십자랩셀,733.72,51.66,0,20160623,18500,37000,100,34489,2260,1,79976,2016-06-08,2016-06-16,13600,15900,0.37,-0.002,575,0.8
454,알엔투테크놀로지,570.26,27.56,0,20160622,5800,12500,115.52,10256,1696,1,1442.55,2016-06-07,2016-06-14,5100,5800,0.56,0.001,573,0.8
455,용평리조트,28.1,0.1,1,20160527,7000,9000,28.57,133592,3956,1,291.1,2016-05-10,2016-05-18,8100,9200,0.3,0.001,572,0.8
456,해태제과식품,342.99,24.63,1,20160511,15100,18960,25.56,689963,4275,1,264.9,2016-04-21,2016-04-28,12300,15100,0.48,0.013,571,0.8
457,레이언스,430.31,20.7,0,20160411,25000,23700,-5.2,77943,3217,1,328.14,2016-03-24,2016-03-31,22000,25000,0.53,0,570,0.8
458,씨엠에스에듀,302.17,28.83,0,20160407,23200,26800,15.52,38273,6408,1,185.81,2016-03-24,2016-03-30,19000,23200,0.47,0.016,569,0.8
459,동양파일,12.56,9.48,0,20160406,10000,9000,-10,105198,9708,0.5,2.03,2016-03-23,2016-03-29,10000,11600,0.36,-0.01,568,0.8
460,대림씨엔에스,85.25,15.9,1,20160330,27700,24950,-9.93,257906,19318,1,25.5,2016-03-15,2016-03-22,23500,27700,0.25,0.017,567,0.282
461,팬젠,614.46,14.04,0,20160311,16500,24900,50.91,3400,-2120,1,1073,2016-02-23,2016-03-03,12500,16500,0.32,-0.003,566,0.282
462,에이피위성통신,271.55,7.8,0,20160304,9700,12400,27.84,34571,7042,1,869.66,2016-02-15,2016-02-24,8700,9700,0,0.001,565,0.282
463,큐리언트,709.15,35.24,0,20160229,21000,33900,61.43,215,-10706,1,959.28,2016-02-15,2016-02-19,18000,21000,0.39,0.002,564,0.282
464,안트로젠,531.1,30.6,0,20160215,24000,38000,58.33,1834,-1416,1,1442.55,2016-01-27,2016-02-02,17000,22000,0.79,0.017,563,0.282
465,제이에스코퍼레이션,433.6,35.9,1,20160204,23000,39100,70,162608,20087,1,477.76,2016-01-20,2016-01-27,19000,23000,0.37,-0.003,562,0.282
466,아이엠텍,112.3,25,0,20160203,7500,8500,13.33,46553,5180,1,138.9,2016-01-20,2016-01-27,6500,7500,0.56,-0.022,561,0.282
467,차이나크리스탈신소재,36.3,0.9,0,20160128,3000,4000,33.33,144312.06,8553.018868,1,179.54,2016-01-14,2016-01-22,2900,4200,0.3,-0.022,559,0.282
468,유니트론텍,455.8,21.7,0,20160202,14000,25300,80.71,86379,5657,1,1112.76,2016-01-14,2016-01-22,12300,14000,0.26,0.001,560,0.282
469,한솔씨앤피,136.97,5.97,0,20160127,13000,18950,45.77,50873,3745,1,789.84,2016-01-13,2016-01-20,13000,16800,0.22,0.011,558,0.282
470,에스와이패널,4.88,9.48,0,20151229,5000,4700,-6,151338,2046,1,363.49,2015-12-14,2015-12-18,7000,8000,0.12,-0.001,557,0.333
471,코리아오토글라스,57.68,4.47,1,20151229,11000,11600,5.45,429725,25480,1,430.14,2015-12-14,2015-12-22,10500,12000,0.42,-0.001,556,0.333
472,육일씨엔에쓰,8.74,11,0,20151224,6000,6560,9.33,106932,2958,1,21.02,2015-12-10,2015-12-16,6000,6700,0.45,0.009,553,0.333
473,코디엠,39.79,2.51,0,20151229,4700,7490,59.36,38105,1914,1,599.99,2015-12-10,2015-12-16,4700,5800,0.61,-0.001,555,0.333
474,이에스브이,23.29,2.38,0,20151224,10000,18500,85,32746,2239,1,558.9,2015-12-10,2015-12-16,13000,15000,0.31,0.009,551,0.333
475,잇츠스킨,11.53,8.7,1,20151228,170000,172000,1.18,241884,76331,1,219.27,2015-12-10,2015-12-18,208500,253000,0.32,0.001,554,0.333
476,아진산업,11.61,8.7,0,20151222,6500,7620,17.23,134258,15665,1,0.47,2015-12-09,2015-12-15,6500,7500,0.46,0.009,549,0.333
477,휴젤,6.7,8.61,0,20151224,150000,199500,33,23269,10758,1,91.63,2015-12-09,2015-12-16,190000,210000,0.55,0.009,552,0.333
478,한국맥널티,60.5,0.2,0,20151223,8000,16000,100,19421,5340,1,479.79,2015-12-08,2015-12-15,10500,11500,0.48,0.006,550,0.333
479,덱스터,255.31,33.1,0,20151222,14000,24800,77.14,18665,2862,1,500.76,2015-12-08,2015-12-15,11000,14000,0.3,0.009,548,0.333
480,메가엠디,16.67,7.5,0,20151218,3000,5020,67.33,61775,5146,1,280.82,2015-12-07,2015-12-11,3600,4600,0.63,-0.014,545,0.333
481,씨트리,4.7,0.6,0,20151221,6500,9250,42.31,17164,305,1,199.96,2015-12-07,2015-12-11,8300,10200,0.22,-0.016,547,0.333
482,강스템바이오텍,11.35,11.46,0,20151221,6000,7200,20,208,-3714,1,40.92,2015-12-07,2015-12-11,8000,10000,0.7,-0.016,546,0.333
483,파크시스템스,50.29,57.3,0,20151217,9000,11000,22.22,15293,-717,1,7.55,2015-12-03,2015-12-10,9000,11000,0.24,0.015,544,0.333
484,보광산업,15.47,14.41,0,20151217,4000,6110,52.75,31521,3930,1,172.98,2015-12-03,2015-12-10,6000,7000,0.58,0.015,543,0.333
485,예스티,32.9,73.3,0,20151216,14500,15500,6.9,40423,670,1,9.8,2015-12-02,2015-12-09,14500,18500,0.41,0.009,541,0.333
486,뉴트리바이오텍,93.92,28.32,0,20151216,21000,23000,9.52,45409,2388,1,2.38,2015-12-01,2015-12-08,21000,24000,0.39,0.009,542,0.333
487,멕아이씨에스,3.77,23.27,0,20151214,4500,8000,77.78,8547,-32,1,174.29,2015-11-30,2015-12-04,7500,9000,0.55,-0.022,540,0.333
488,엔에스,179.61,21.42,0,20151207,8000,12950,61.88,20780,1614,1,29.5,2015-11-16,2015-11-25,6300,7200,0.48,0.021,539,0.333
489,세진중공업,8.89,26.5,1,20151130,3500,3495,-0.14,567935,17912,1,2.29,2015-11-12,2015-11-20,3500,3900,0.34,0.002,537,0.333
490,미래테크놀로지,117.3,5.7,0,20151201,16100,14950,-7.14,17388,3897,1,1.5,2015-11-12,2015-11-20,14300,16100,0.07,-0.004,538,0.333
491,엠지메드,715.39,14.86,0,20151120,40000,41000,2.5,4691,208,1,1350.05,2015-11-05,2015-11-12,33000,40000,0.28,0,535,0.333
492,매직마이크로,75.03,1.33,0,20151119,5500,5420,-1.45,53279,3413,1,36.57,2015-11-05,2015-11-11,5200,6400,0.03,0.018,532,0.333
493,케이디켐,66.2,3,0,20151119,16000,14850,-7.19,43295,4401,1,5.46,2015-11-04,2015-11-11,14700,17800,0.13,0.018,533,0.333
494,하이즈항공,47.27,0.89,0,20151125,18000,16200,-10,31291,3109,1,3.08,2015-11-04,2015-11-13,23000,26000,0.55,0,536,0.333
495,리드,42.89,7,0,20151120,5100,4590,-10,40483,2004,1,45.64,2015-11-04,2015-11-12,4500,5100,0.44,0,534,0.333
496,네오오토,113.08,3.54,0,20151118,12000,11800,-1.67,108776,6831,1,34.44,2015-11-02,2015-11-10,11400,12800,0.46,0,531,0.333
497,아이진,408.1,7.5,0,20151116,13500,12900,-4.44,27546,-2926,1,267.72,2015-10-29,2015-11-05,12000,13500,0.17,-0.015,529,0.333
498,나무가,108.34,3.62,0,20151112,37000,33400,-9.73,218331,1822,1,0.91,2015-10-28,2015-11-04,32000,37000,0.15,-0.003,528,0.333
499,유앤아이,377.4,4,0,20151112,30000,28650,-4.5,15639,1553,1,638.25,2015-10-28,2015-11-03,25000,30000,0.2,-0.003,527,0.333
500,케어젠,833.46,62,0,20151117,110000,101500,-7.73,28584,14155,1,263.19,2015-10-27,2015-11-05,80000,90000,0.58,0.012,530,0.333
501,금호에이치티,46.05,8,1,20151111,10000,9500,-5,175222,13520,1,32.87,2015-10-27,2015-11-03,12700,15700,0.72,-0.002,526,0.333
502,제주항공,378.67,77.99,1,20151106,30000,49500,65,510636,32007,1,448.5,2015-10-21,2015-10-29,23000,28000,0.41,-0.003,525,0.333
503,더블유게임즈,413.82,14.66,0,20151104,65000,65100,0.15,71257,27908,1,241.18,2015-10-19,2015-10-27,51000,61000,0.85,0.004,524,0.333
504,연우,317,51,0,20151102,25200,28150,11.71,168759,8670,1,680,2015-10-15,2015-10-23,20300,25200,0.18,-0.004,523,0.333
505,에이티젠,695.7,40.6,0,20151023,17000,34000,100,1678,-6031,1,1166.97,2015-10-07,2015-10-15,12500,14500,0.57,0.017,522,0.333
506,엑시콘,28.34,11,0,20151022,10000,10400,4,38036,5831,1,9.05,2015-10-06,2015-10-14,13500,16500,0.38,-0.008,521,0.333
507,에치디프로,362.84,6.21,0,20151013,8900,9580,7.64,66063,2664,1,843.36,2015-09-23,2015-10-02,7800,8900,0.11,0.002,520,0.333
508,엘아이지넥스원,121.11,21.5,1,20151002,76000,68400,-10,1400164,50554,1,4.74,2015-09-17,2015-09-23,66000,76000,0.12,0.001,519,0.333
509,타이거일렉,230.02,1.36,0,20150925,6000,5720,-4.67,25327,2694,1,241.92,2015-09-10,2015-09-17,6000,6900,0.44,-0.004,517,0.692
510,동일제강,309.7,3.1,1,20150924,3000,3870,29,122158,6315,1,789.49,2015-09-10,2015-09-18,2700,3300,0.57,-0.001,515,0.692
511,제너셈,326.77,4.15,0,20150925,10500,11000,4.76,32193,5028,1,797.33,2015-09-09,2015-09-16,9000,10500,0.33,-0.004,518,0.692
512,인포마크,251.2,12,0,20150923,14000,25000,78.57,70657,3389,1,381,2015-09-09,2015-09-16,12000,14000,0.39,-0.015,514,0.692
513,아이콘트롤스,272.96,29.1,1,20150924,32000,31650,-1.09,131222,4580,1,280.11,2015-09-08,2015-09-16,28000,32000,0.33,-0.001,516,0.692
514,웹스,438.83,33.54,0,20150824,7200,11400,58.33,27878,3328,1,1114.21,2015-08-05,2015-08-13,6500,7200,0.3,-0.035,513,0.692
515,에이제이네트웍스,197.15,20.06,1,20150821,34300,30900,-9.91,194185,18461,1,83.3,2015-08-04,2015-08-11,30200,34300,0.13,-0.028,512,0.692
516,파인텍,382.64,45.68,0,20150817,10500,21000,100,141968,11825,1,1041.73,2015-07-28,2015-08-05,9000,10500,0.65,0.003,511,0.692
517,흥국에프엔비,666.88,63.87,0,20150807,20000,40000,100,35084,6272,1,1001.61,2015-07-22,2015-07-30,14500,17500,0.53,-0.016,510,0.692
518,칩스앤미디어,123.2,61,0,20150805,10500,13700,30.48,10808,2518,1,82.85,2015-07-20,2015-07-28,9300,10500,0.21,-0.002,509,0.692
519,아시아경제신문사,280.85,15.82,0,20150731,3600,3240,-10,32652,4325,1,12.31,2015-07-15,2015-07-23,3200,3600,0,0.003,508,0.692
520,아이쓰리시스템,768,37.6,0,20150730,36000,63000,75,30914,5314,1,1506.57,2015-07-14,2015-07-21,28500,31500,0.08,0.004,507,0.692
521,로지시스,345.68,13.28,0,20150729,2500,4180,67.2,32026,1745,1,396.82,2015-07-13,2015-07-21,2000,2500,0.29,0.01,506,0.692
522,파마리서치프로덕트,728.06,57.9,0,20150724,55000,110000,100,24765,8838,1,561,2015-07-08,2015-07-16,40000,47000,0.59,-0.005,505,0.692
523,펩트론,699.59,67.4,0,20150722,16000,32000,100,3103,-2059,1,1093.01,2015-07-06,2015-07-14,9000,12000,0.66,-0.002,504,0.692
524,이노션,273.09,52.4,1,20150717,68000,66500,-2.21,744734,83835,1,204.13,2015-07-01,2015-07-09,64000,71000,0.3,0.013,503,0.692
525,토니모리,441.86,55.2,1,20150710,32000,64000,100,205150,11614,1,771.08,2015-06-24,2015-07-02,26400,30200,0.16,0.003,502,0.692
526,미래에셋생명보험,40.3,2.07,1,20150708,7500,7400,-1.33,3928349,121030,1,38.01,2015-06-22,2015-06-30,8200,10000,0.36,0.001,501,0.692
527,민앤지,728.82,45.4,0,20150630,28000,56000,100,17677,5284,1,1107.81,2015-06-17,2015-06-23,21200,24000,0.3,-0.024,498,0.333
528,동운아나텍,101.68,7.08,0,20150630,10000,12500,25,44453,5747,1,47.76,2015-06-16,2015-06-23,10000,12000,0.36,-0.024,500,0.333
529,유테크,351.1,8.59,0,20150630,9000,12550,39.44,51362,4185,1,21.14,2015-06-15,2015-06-19,8000,9000,0.29,-0.024,499,0.333
530,코아스템,868.62,41.74,0,20150626,16000,32000,100,12988,-6325,1,751.91,2015-06-11,2015-06-18,10800,13200,0.42,-0.002,495,0.333
531,에스엔텍,189.14,19.88,0,20150626,6500,10000,53.85,32465,3473,1,22.9,2015-06-10,2015-06-18,5600,6300,0.42,-0.002,496,0.333
532,경보제약,524.56,34.44,1,20150629,15000,30000,100,169781,8636,1,263.87,2015-06-10,2015-06-19,13000,15000,0.24,-0.006,497,0.333
533,세미콘라이트,187.7,4.5,0,20150625,11300,11500,1.77,48137,6246,1,143.52,2015-06-09,2015-06-17,11300,13700,0.32,-0.007,494,0.333
534,에스케이디앤디,570.59,36.7,1,20150623,26000,52000,100,174859,19121,1,574.68,2015-06-04,2015-06-11,20200,24300,0.25,0.007,493,0.333
535,베셀,437.68,10.52,0,20150619,9000,13400,48.89,57174,6060,1,680.95,2015-06-03,2015-06-09,8000,9000,0.24,0.013,492,0.333
536,싸이맥스,238.72,2.93,0,20150617,16300,15200,-6.75,54714,5993,1,178.03,2015-05-28,2015-06-05,14300,16300,0.26,0.005,491,0.333
537,픽셀플러스,131.67,2.25,0,20150612,30000,27000,-10,123937,20127,1,68.09,2015-05-26,2015-06-03,33000,37000,0.53,0.001,490,0.333
538,제노포커스,842.79,41.12,0,20150529,11000,22000,100,2195,112,1,1206.75,2015-05-13,2015-05-19,8000,9000,0.72,-0.002,489,0.333
539,유지인트,643.7,27.15,0,20150413,15000,29150,94.33,43378,4884,1,857.34,2015-03-26,2015-04-03,12400,14000,0.13,0.004,488,0.333
540,세화아이엠씨,216.35,10.45,1,20150319,16300,18100,11.04,220665,4108,1,731.79,2015-03-03,2015-03-11,14500,16300,0.5,0.009,486,0.484
541,포시에스,344.23,23.27,0,20150211,9100,15500,70.33,12847,4145,1,1162.83,2015-01-26,2015-02-03,7500,9100,0.44,0.013,485,0.484
542,국일신동,29.25,27.2,0,20141229,1700,3225,89.71,35487,2030,1,90.83,2014-12-15,2014-12-19,1400,1700,0.66,0.007,484,0.4
543,영백씨엠,43.42,27.56,0,20141229,5500,11000,100,11198,1906,1,358,2014-12-12,2014-12-19,6500,7500,0.43,0.007,483,0.4
544,오킨스전자,268.25,0.36,0,20141224,7100,11000,54.93,32552,1165,1,9.08,2014-12-09,2014-12-16,6000,6900,0.38,-0.003,479,0.4
545,넥스트엔터테인먼트월드,214.69,9.59,0,20141223,16300,15800,-3.07,122061,12028,1,33.55,2014-12-09,2014-12-16,12700,16300,0.09,0.003,477,0.4
546,아스트,74.59,5.74,0,20141224,9500,8550,-10,60885,-6517,1,4.11,2014-12-09,2014-12-16,7000,10000,0.39,-0.003,478,0.4
547,아이티센,54.13,0.4,0,20141223,7500,8460,12.8,112424,2062,1,2.63,2014-12-09,2014-12-16,7000,8500,0.14,0.003,476,0.4
548,서전기전,11.54,13.4,0,20141224,6500,8000,23.08,54843,5701,1,8.89,2014-12-08,2014-12-16,10500,12000,0.58,-0.003,480,0.4
549,하이셈,50.03,6.6,0,20141226,1500,2610,74,32368,2121,1,72.16,2014-12-08,2014-12-16,1500,1900,0.16,0.002,482,0.4
550,휴메딕스,688.8,35.18,0,20141226,28000,43600,55.71,23544,9137,1,571.55,2014-12-08,2014-12-16,22700,25500,0.19,0.002,481,0.4
551,하이로닉,500.56,22.7,0,20141217,51000,63800,25.1,13420,3096,1,219.96,2014-12-02,2014-12-09,43000,47400,0.5,-0.012,474,0.4
552,녹십자엠에스,474.11,14.41,0,20141217,6000,9000,50,61986,2178,1,477.08,2014-12-02,2014-12-09,5000,5800,0.53,-0.012,472,0.4
553,랩지노믹스,423.83,11.46,0,20141216,13200,16650,26.14,16968,1260,1,305.88,2014-12-01,2014-12-08,12000,13200,0.29,-0.01,471,0.4
554,에이디테크놀로지,33.19,7.53,0,20141216,15000,13500,-10,42419,3042,1,12.4,2014-12-01,2014-12-05,16000,18000,0.51,-0.01,470,0.4
555,알테오젠,409.2,14.4,0,20141212,26000,25150,-3.27,5527,1606,1,564.78,2014-11-27,2014-12-03,23000,26000,0.48,0.005,468,0.4
556,비씨월드제약,356.75,26.6,0,20141215,15700,18100,15.29,30375,3454,1,681,2014-11-26,2014-12-04,12000,15700,0.42,-0.012,469,0.4
557,에스케이씨코오롱피아이,23.01,9.6,0,20141208,8000,7800,-2.5,133705,25690,1,45.53,2014-11-19,2014-11-27,12500,15000,0.25,0.002,467,0.4
558,에프엔씨엔터테인먼트,185.35,9.91,0,20141204,28000,25200,-10,24838,1691,1,577.37,2014-11-18,2014-11-25,24000,28000,0.26,0.004,465,0.4
559,대창스틸,219.91,42.9,0,20141205,2500,3605,44.2,334289,4310,1,568,2014-11-18,2014-11-26,2000,2500,0.42,-0.001,466,0.4
560,씨에스윈드,109.3,1.79,1,20141127,43500,39150,-10,296488,26861,1,66.4,2014-11-13,2014-11-20,31000,43500,0.27,0.006,464,0.4
561,텔콘,162.88,5.53,0,20141124,14500,13800,-4.83,46462,8207,1,482.06,2014-11-10,2014-11-14,12500,14500,0.32,0.002,463,0.4
562,디에이테크놀로지,55.28,1.81,0,20141119,6600,7800,18.18,28863,2081,1,488.77,2014-11-05,2014-11-11,6600,8500,0.31,0.007,461,0.4
563,파티게임즈,224.12,24.62,0,20141121,13000,26000,100,27040,8748,1,735.99,2014-11-04,2014-11-12,10500,13000,0.24,0.006,462,0.4
564,삼성SDS,651.5,48.11,1,20141114,190000,380000,100,7046833,325983,1,134.19,2014-10-29,2014-11-06,150000,190000,0.42,0.001,460,0.4
565,테고사이언스,591.09,30.5,0,20141106,13500,27000,100,6307,1596,1,622.14,2014-10-22,2014-10-29,10500,12500,0.22,-0.001,459,0.4
566,슈피겐코리아,255.6,30.86,0,20141105,27500,37100,34.91,54240,9495,1,360.12,2014-10-20,2014-10-28,22500,27500,0.34,-0.003,458,0.4
567,테라셈,18.41,8.51,0,20141030,3000,3200,6.67,32384,5075,1,54.22,2014-10-14,2014-10-21,3600,4100,0.38,-0.003,457,0.4
568,영우디에스피,17.07,40.19,0,20141029,5000,5500,10,89650,10239,1,32.32,2014-10-13,2014-10-17,8000,9500,0.87,0.017,456,0.4
569,데브시스터즈,651.66,29.98,0,20141006,53000,71000,33.96,61303,22326,1,285.28,2014-09-18,2014-09-25,43000,50000,0.67,0.01,454,0.4
570,메디아나,86,11,0,20141007,6200,6370,2.74,33262,3038,1,12.88,2014-09-17,2014-09-25,5500,6500,0.38,-0.005,455,0.4
571,감마누,608.66,27.56,0,20140814,11000,22000,100,29198,2732,1,1389.86,2014-07-28,2014-08-05,10000,11500,0.38,0.01,453,1
572,쿠쿠전자,598.86,65.18,1,20140806,104000,180000,73.08,508758,57440,1,175.1,2014-07-23,2014-07-30,80000,104000,0.3,-0.007,451,1
573,신화콘텍,441.99,10.37,0,20140808,9100,8190,-10,51059,6446,1,99.3,2014-07-21,2014-07-31,8100,9100,0.67,-0.005,452,1
574,덕신하우징,650.72,59.86,0,20140801,13000,21650,66.54,104434,11718,1,899.07,2014-07-15,2014-07-24,9600,11000,0.38,-0.021,449,1
575,파버나인,264.04,36.36,0,20140804,12500,12300,-1.6,119801,6658,1,173.89,2014-07-15,2014-07-24,12100,13600,0.3,-0.004,450,1
576,창해에탄올,578.2,59.5,0,20140730,8300,16600,100,69032,14887,1,675.79,2014-07-14,2014-07-22,6000,6900,0.48,0,448,1
577,윈하이텍,444.1,55.6,0,20140725,8300,13300,60.24,57400,7122,1,589.58,2014-07-10,2014-07-17,6600,7500,0.38,0,447,1
578,아진엑스텍,478.65,6.78,0,20140724,7000,7900,12.86,18913,3278,1,876.27,2014-07-08,2014-07-15,5000,6000,0.31,0.004,446,1
579,화인베스틸,85.45,9.48,1,20140722,4700,4490,-4.47,224271,16948,1,248.12,2014-06-30,2014-07-10,4500,5100,0.57,-0.002,445,1
580,트루윈,749.79,27.87,0,20140711,10500,17000,61.9,51041,7759,1,1018.09,2014-06-24,2014-07-02,8000,9400,0.51,-0.005,444,1
581,캐스텍코리아,786.73,5.1,0,20140527,6500,11500,76.92,187926,6822,1,807.11,2014-05-08,2014-05-16,5000,5800,0.48,0.008,443,1
582,오이솔루션,876.72,50.84,0,20140227,10000,20000,100,66598,5092,1,1253.41,2014-02-12,2014-02-18,8500,9800,0.51,0.001,441,0.429
583,인터파크INT,766.05,14.5,0,20140206,7700,15400,100,346651,12531,1,492.5,2014-01-16,2014-01-24,5700,6700,0.7,-0.005,440,0.429
584,한국정보인증,39.38,25.05,0,20140204,1800,2900,61.11,31844,4005,1,922,2014-01-14,2014-01-22,1600,1800,0.36,-0.026,439,0.429
585,솔루에타,918.99,9.1,0,20131227,24000,21600,-10,62834,5287,1,20.79,2013-12-11,2013-12-17,28000,32000,0.67,0.003,438,1
586,이지웰페어,79.33,25.9,0,20131227,4400,7000,59.09,26985,2938,1,568.42,2013-12-11,2013-12-18,3300,4000,0.81,0.003,437,1
587,인트로메딕,23.03,12.64,0,20131219,6000,6700,11.67,8569,451,1,256.35,2013-12-03,2013-12-12,4500,6000,0.89,0.012,435,1
588,알티캐스트,928.44,37.02,0,20131206,8500,8500,0,65274,4499,1,572.09,2013-11-20,2013-11-28,7500,8500,0.64,-0.001,434,1
589,엔브이에이치코리아,751.89,8,0,20131203,4500,4440,-1.33,315240,15714,1,18.37,2013-11-20,2013-11-26,4000,4600,0.42,-0.004,432,1
590,현대공업,148.39,12.64,0,20131204,7500,8850,18,107227,7346,1,697,2013-11-19,2013-11-26,6500,7500,0.31,-0.002,433,1
591,우리기업인수목적2호,174.79,4.72,0,20131121,2000,2005,0.25,509568.1,13099.60952,1,1.55,2013-11-07,2013-11-14,2000,2000,0,-0.003,430,1
592,디엠티,861.66,13.3,0,20131126,5700,5210,-8.6,90299,8142,1,535.94,2013-11-06,2013-11-15,5200,6200,0.81,0.001,431,1
593,신송홀딩스,20.99,8.7,0,20131121,6500,10900,67.69,166000,9600,1,548.34,2013-11-05,2013-11-12,5200,6000,0.46,-0.003,429,1
594,램테크놀러지,132.07,1.86,0,20131118,3900,6250,60.26,42339,2661,1,640.94,2013-10-30,2013-11-07,3500,3900,0.27,0.003,427,1
595,라이온켐텍,5.97,12.64,0,20131119,12500,14200,13.6,93342,14826,1,606.37,2013-10-30,2013-11-08,10000,12000,0.55,-0.009,428,1
596,미동전자통신,979.06,4.07,0,20131113,20000,19400,-3,42342,7459,1,585.2,2013-10-28,2013-11-05,18500,21000,0.37,0,426,1
597,에이씨티,4.54,10.52,0,20131108,8100,12000,48.15,17769,5080,1,472.29,2013-10-23,2013-10-31,11000,14000,0.81,-0.019,425,1
598,해성옵틱스,745.56,10.84,0,20131106,6600,7800,18.18,63283,4937,1,249.01,2013-10-22,2013-10-29,6000,6800,0.54,0.001,424,1
599,내츄럴엔도텍,129.06,86.16,0,20131031,40000,80000,100,21632,4393,1,609.82,2013-10-16,2013-10-22,32000,38000,0.39,-0.005,423,1
600,현대로템,946.89,3.95,1,20131030,23000,33700,46.52,3067678,78435,1,54.53,2013-10-15,2013-10-23,17000,23000,0.29,0.003,422,1
601,테스나,379.38,12.64,0,20131022,13500,15300,13.33,55251,7942,1,643.73,2013-10-01,2013-10-11,12000,13500,0.61,0.001,421,1
602,파수닷컴,371.63,11,0,20131018,5800,6000,3.45,20257,4343,1,449.72,2013-09-30,2013-10-08,5400,6200,0.38,0.006,420,1
603,엘티씨,63.17,11.46,0,20131008,20500,25000,21.95,92876,9478,1,702.54,2013-09-23,2013-09-27,17500,19500,0.56,-0.01,419,1
604,지엔씨에너지,101.5,82.44,0,20131002,6000,12000,100,60453,3700,1,1251,2013-09-12,2013-09-24,5000,5800,0.69,0.012,418,1
605,아미코젠,118.78,27.56,0,20130912,25000,50000,100,16309,4601,1,641.43,2013-08-29,2013-09-05,20800,23800,0.51,-0.001,417,1
606,파이오링크,7.89,23.27,0,20130801,10500,18500,76.19,20156,4887,1,720.3,2013-07-18,2013-07-25,9500,10500,0.43,0.003,415,1
607,금호N.T,791.08,73.8,0,20130802,3100,6200,100,42405,2824,1,987.83,2013-07-17,2013-07-25,2700,3100,0.29,0.014,416,1
608,KG이티에스,942.85,37.53,0,20130724,3800,4000,5.26,93990,10098,1,390.88,2013-07-08,2013-07-16,3000,3900,0.54,-0.006,414,1
609,나스미디어,958.6,37.1,0,20130717,8800,15050,71.02,23462,6454,1,781,2013-07-02,2013-07-09,7500,9000,0.61,-0.002,413,1
610,엑세스바이오,94.57,11.6,0,20130530,4500,9000,100,35166,7080,1,692,2013-05-07,2013-05-14,3600,4100,0.28,-0.006,412,0.5
611,디에스알,524.8,11.46,1,20130515,4000,5000,25,159248,7933,1,406.3,2013-04-29,2013-05-07,4150,4650,0.08,0.007,411,0.5
612,레고켐바이오사이언스,66.32,8.48,0,20130510,15500,19900,28.39,78887,-3070,1,604.97,2013-04-23,2013-05-03,13800,15500,0.42,-0.001,410,0.5
613,삼목강업,937.08,15.97,0,20130430,2600,3440,32.31,61409,4658,1,276,2013-04-11,2013-04-19,3500,3900,0.36,0.008,409,0.5
614,세호로보트,22.42,71.5,0,20130403,7800,14000,79.49,19440,4495,1,514.5,2013-03-20,2013-03-27,6500,7500,0.48,0.005,408,0.5
615,윈팩,995.4,42.25,0,20130307,4000,4050,1.25,65494,5400,1,39.65,2013-02-19,2013-02-26,4200,5100,0.82,-0.001,407,0.111
616,코렌텍,698.98,12.53,0,20130305,16000,15950,-0.31,11881,-3942,1,586.12,2013-02-14,2013-02-22,13000,16000,0.57,0.004,406,0.111
617,제로투세븐,48.64,18.99,0,20130219,8300,13050,57.23,205072,5891,1,750.87,2013-01-30,2013-02-07,7200,8300,0.46,-0.002,405,0.111
618,지디,599.54,12,0,20130213,18000,25150,39.72,35683,9381,1,536.3,2013-01-23,2013-02-01,14500,16500,0.58,-0.002,404,0.111
619,아이원스,771.73,3.86,0,20130207,4500,5500,22.22,43595,5159,1,638.66,2013-01-22,2013-01-29,4300,4800,0.46,-0.001,403,0.111
620,우리이앤엘,256.3,9.48,0,20130205,4900,4410,-10,256246,23826,1,3.04,2013-01-17,2013-01-25,4900,5700,0.32,-0.015,402,0.111
621,아이센스,764.16,18.81,0,20130130,19000,29200,53.68,52347,7841,1,714.5,2013-01-15,2013-01-22,16000,19000,0.65,0,401,0.111
622,포티스,785.43,1.09,0,20130129,3900,5700,46.15,49498,3433,1,834.7,2013-01-10,2013-01-18,3500,3900,0.6,0.001,400,0.111
623,씨에스엘쏠라,40.55,11.31,0,20121227,10000,12500,25,16839,4273,1,12.15,2012-12-12,2012-12-18,10000,11000,0.55,-0.007,399,0.111
624,우리로광통신,608.85,0.7,0,20121127,10300,9270,-10,25780,8075,1,195,2012-11-07,2012-11-16,9000,10300,0.63,0.003,397,0.111
625,디젠스,822.09,6.14,0,20121122,1800,2800,55.56,109763,5154,1,710.64,2012-11-06,2012-11-14,1800,2300,0.57,0.003,396,0.111
626,맥스로텍,101.9,1,0,20121116,7000,10650,52.14,45944,5805,1,1132,2012-10-31,2012-11-08,6000,7000,0.93,-0.003,394,0.111
627,GMB코리아,20.66,9.48,1,20121120,6000,5990,-0.17,423277,23197,0.43,191.21,2012-10-31,2012-11-08,7600,9200,0.22,0.022,395,0.111
628,와이엠씨,338.01,0.89,0,20121115,6000,7090,18.17,42093,5336,1,557.18,2012-10-30,2012-11-06,5100,6000,0.75,-0.013,393,0.111
629,CJ헬로비전,472.57,0.24,1,20121109,16000,15100,-5.63,581943,76356,1,0.26,2012-10-24,2012-11-01,14000,19000,0.5,-0.014,392,0.111
630,아바텍,131.15,25.05,0,20121106,6300,10500,66.67,47990,6461,1,551.8,2012-10-16,2012-10-26,5100,5800,0.57,0.006,391,0.111
631,코이즈,56.9,0.4,0,20120927,7500,9000,20,27188,5542,1,609.99,2012-09-12,2012-09-19,6500,7400,0.86,-0.008,390,0
632,모다정보통신,24.81,0.4,0,20120925,7000,8900,27.14,54010,6526,1,499.89,2012-09-10,2012-09-14,7000,8500,0.91,-0.006,389,0
633,나노스,23.25,12,0,20120802,7000,9280,32.57,43150,4017,1,438.54,2012-07-17,2012-07-25,6000,7000,0.98,-0.007,388,0
634,우양에이치씨,299.23,0,0,20120726,5500,4950,-10,127213,10176,1,5.64,2012-07-10,2012-07-19,4000,6500,0.26,-0.003,386,0
635,엠씨넥스,0.68,9.48,0,20120725,15000,13500,-10,215298,11583,1,1.7,2012-07-09,2012-07-17,16200,18600,0.9,-0.009,385,0
636,네이블커뮤니케이션즈,11.52,12.64,0,20120719,9000,9920,10.22,20770,3690,1,241.42,2012-07-03,2012-07-11,7500,9000,0.39,0.011,384,0
637,디지탈옵틱,5.79,9.48,0,20120713,11500,10900,-5.22,58378,5986,1,596.87,2012-06-27,2012-07-05,9500,11500,0.51,-0.008,383,0
638,피엔티,7.95,12,0,20120706,17000,22300,31.18,76392,8902,1,1116.89,2012-06-21,2012-06-28,14000,16000,0.91,0,382,0
639,사조씨푸드,8.84,9.48,1,20120629,10600,10000,-5.66,219576,13087,0.7,218.3,2012-06-12,2012-06-20,8600,10050,0.61,-0.009,381,1
640,비아트론,5.37,25.05,0,20120504,15900,25500,60.38,21653,7245,1,834.68,2012-04-17,2012-04-26,12900,14600,0.81,-0.012,380,1
641,에스비아이모기지,771.42,3.4,0,20120430,7000,6300,-10,156124,26705,0.53,1.81,2012-04-05,2012-04-17,7700,9200,0.33,0.006,379,1
642,코오롱패션머티리얼,60.08,10.99,1,20120405,14500,20000,37.93,516245,18679,1,691.76,2012-03-19,2012-03-28,12000,14500,0.31,-0.015,378,1
643,빛샘전자,177.33,0.43,0,20120321,4400,8800,100,29170,4147,1,1000.47,2012-03-07,2012-03-13,4000,4400,0.67,-0.001,377,0.385
644,휴비스,597.2,18.63,1,20120223,12200,12250,0.41,1125337,24027,0.32,25.32,2012-02-06,2012-02-14,11700,13200,0.51,-0.005,376,0.385
645,사람인에이치알,3.82,27.56,0,20120221,5000,10000,100,31362,2029,1,1057.8,2012-02-02,2012-02-10,4000,5000,0.43,-0.003,375,0.385
646,뉴로스,74.62,25.05,0,20120215,8500,13600,60,30213,6531,1,1255.32,2012-01-26,2012-02-07,7500,8500,0.94,0,374,0.385
647,남화토건,7.45,12,0,20120131,3000,4000,33.33,49863,4137,1,1269.57,2012-01-09,2012-01-18,2600,3000,0.47,-0.002,373,0.385
648,동아팜텍,23.89,0.4,0,20120120,24000,35000,45.83,24379,16438,1,543,2012-01-05,2012-01-11,20000,24000,0.44,0.007,372,0.385
649,원익머트리얼즈,614,6.8,0,20111228,27000,40000,48.15,66599,11396,1,417.16,2011-12-08,2011-12-16,23000,26000,0.35,0.003,371,1
650,나이스디앤비,978.43,11.67,0,20111222,1700,2450,44.12,1874,1874,1,216.35,2011-12-07,2011-12-15,1400,1700,0.49,-0.01,368,1
651,디엔에이링크,891.1,15.8,0,20111226,7700,15400,100,6336,861,1,836.99,2011-12-05,2011-12-15,6000,7000,0.68,0.007,370,1
652,시큐브,778.77,10.49,0,20111221,4900,4410,-10,13075,3083,1,6.48,2011-12-05,2011-12-13,4200,4900,0.65,0.032,367,1
653,서암기계공업,988.49,1.19,0,20111219,3800,4000,5.26,32172,3322,1,183.36,2011-11-30,2011-12-08,3200,3800,0.78,0.006,366,1
654,씨유메디칼시스템,395.96,0.5,0,20111215,12000,16000,33.33,17350,4977,1,568.84,2011-11-29,2011-12-07,10000,11500,0.84,-0.015,364,1
655,인터지스,441.4,3.7,1,20111216,10000,9000,-10,350412,10888,0.76,3.14,2011-11-29,2011-12-07,10000,12200,0.6,0.001,365,1
656,넥스트리밍,301.73,9.48,0,20111202,6000,5400,-10,12486,4715,1,306.71,2011-11-16,2011-11-23,5000,6000,0.29,0.002,362,1
657,에스에프씨,4.53,9.48,0,20111130,14000,12600,-10,88933,8754,1,82.8,2011-11-15,2011-11-22,13500,17000,0.47,-0.005,360,1
658,티브이로직,1108.03,38.37,0,20111201,12000,10850,-9.58,17294,5244,1,652.7,2011-11-15,2011-11-23,10000,11200,0.28,0.042,361,1
659,사파이어테크놀로지,301.73,9.48,0,20111205,65000,58500,-10,75573,40438,1,300.33,2011-11-15,2011-11-24,55000,65000,0.94,0,363,1
660,신진에스엠,372,22.8,0,20111128,15000,15000,0,37817,6177,1,443.77,2011-11-10,2011-11-18,12500,15000,0.78,-0.008,359,1
661,이엠넷,164.22,3.05,0,20111125,6400,11400,78.13,20434,4123,1,862.5,2011-11-09,2011-11-18,5800,6400,0.29,-0.024,358,1
662,와이지엔터테인먼트,797.36,54.81,0,20111123,34000,68000,100,44772,9768,1,560,2011-11-07,2011-11-15,22100,28800,0.97,-0.001,357,1
663,쎄미시스코,1.95,12.64,0,20111118,9500,11100,16.84,10700,3914,1,781,2011-11-02,2011-11-10,7000,8000,0.73,-0.02,356,1
664,테크윙,2.42,12,0,20111110,23000,30000,30.43,74513,13984,1,801.89,2011-10-25,2011-11-02,18000,20000,0.83,-0.039,354,1
665,아이테스트,21.02,12.64,0,20111111,2400,2690,12.08,95583,13925,1,446.2,2011-10-24,2011-11-03,2000,2400,0.84,0.001,355,1
666,신흥기계,317.3,11.59,0,20111108,8500,16000,88.24,60532,4811,1,1014.97,2011-10-20,2011-10-28,7000,7700,0.66,0.003,353,1
667,씨큐브,2.23,11.46,0,20111108,5750,7000,21.74,18194,2340,1,791.35,2011-10-19,2011-10-28,4200,5000,0.59,0.003,352,1
668,씨엔플러스,75.21,3.01,0,20111102,11500,15200,32.17,41519,4681,1,1221.89,2011-10-17,2011-10-25,10000,11300,0.52,-0.029,351,1
669,테라세미콘,865.66,27.8,0,20111101,13500,23800,76.3,46766,5855,1,864,2011-10-13,2011-10-21,10000,12000,0.76,-0.019,350,1
670,케이맥,142.28,23.27,0,20111025,14500,24750,70.69,26503,5847,1,745,2011-10-05,2011-10-14,13000,15000,1.02,0.023,349,1
671,넥솔론,621.48,3.43,1,20111014,4000,6000,50,451337,35541,1,68.7,2011-09-28,2011-10-06,6700,8000,0.73,0.006,347,1
672,로보스타,109.84,12,0,20111017,5800,7800,34.48,83081,6938,1,184,2011-09-27,2011-10-06,4500,6000,1.04,0.018,348,1
673,대한과학,32.53,2.88,0,20111011,3000,5010,67,27864,2630,1,414,2011-09-22,2011-09-30,2400,3200,0.6,0.035,346,1
674,피앤이솔루션,856.41,30.5,0,20110927,8000,8110,1.38,38069,3980,1,867.62,2011-09-06,2011-09-16,7000,8000,0.8,0.013,345,0.176
675,화진,520.93,10.52,0,20110810,4300,6330,47.21,41622,4968,1,1166.02,2011-07-20,2011-07-29,3700,4300,0.7,0.053,344,0.176
676,제이씨케미칼,596.8,3,0,20110808,7200,10300,43.06,91186,9782,0.7,545.66,2011-07-20,2011-07-29,6000,7200,0.89,-0.009,343,0.176
677,제닉,466.3,0.2,0,20110803,22000,35600,61.82,81891,8908,1,330.49,2011-07-18,2011-07-26,19000,22000,0.69,-0.027,341,0.176
678,아이씨디,866.03,13.72,0,20110805,34000,62800,84.71,35471,2830,1,512.93,2011-07-18,2011-07-27,23000,27000,0.78,-0.051,342,0.176
679,경봉,5.75,14.41,0,20110729,7100,10900,53.52,49992,4359,1,965.5,2011-07-11,2011-07-20,6000,7100,0.56,0.001,340,0.176
680,상아프론테크,124.73,2.5,0,20110721,6000,7680,28,97190,5016,1,670.85,2011-07-06,2011-07-14,6300,6900,0.68,-0.004,338,0.176
681,삼원강재,708.41,27.56,1,20110722,4000,8000,100,283318,15860,1,707.07,2011-07-04,2011-07-12,3700,4200,0.54,0.007,339,0.176
682,옵티시스,1122,14.8,0,20110712,7600,11000,44.74,16191,3415,1,907.98,2011-06-29,2011-07-05,6700,7600,0.62,-0.02,335,0.176
683,나이벡,1133,22,0,20110713,10000,15000,50,5270,141,1,481.43,2011-06-29,2011-07-06,8400,10200,0.43,-0.007,336,0.176
684,신세계인터내셔날,614.25,3.56,1,20110714,65000,103000,58.46,583188,38120,1,290.07,2011-06-23,2011-07-01,50000,65000,0.82,0.005,337,0.176
685,대양전기공업,1103,15.6,0,20110708,9000,11200,24.44,87417,9950,1,18.3,2011-06-17,2011-06-29,8200,10000,0.3,0.014,334,0.176
686,한국항공우주산업,1082,18.18,1,20110630,15500,19300,24.52,1266710,78841,0.33,48.95,2011-06-16,2011-06-24,14000,16000,0.43,0.004,333,0.176
687,하이마트,1124,12.38,1,20110629,59000,53100,-10,3046678,106536,0.63,2.6,2011-06-15,2011-06-22,59000,67700,0.21,0.015,332,0.176
688,탑금속,10.71,11.46,0,20110624,6500,8120,24.92,86466,8168,0.5,531,2011-06-07,2011-06-16,5800,6500,0.82,0.007,331,0.176
689,쓰리피시스템,1087,8.4,0,20110617,5800,5800,0,23089,2502,1,0.45,2011-06-02,2011-06-10,4500,6000,0.51,-0.003,329,0.176
690,엠케이트렌드,348.6,7.17,1,20110621,11000,15500,40.91,211353,13107,1,352,2011-06-01,2011-06-09,9000,11000,0.55,0.005,330,0.176
691,완리인터내셔널홀딩스,863.94,5.48,0,20110613,4100,3850,-6.1,104939,20914,1,1.07,2011-05-27,2011-06-03,4100,5500,0.14,-0.015,325,0.176
692,리켐,163.5,2.9,0,20110614,14000,18200,30,42007,5142,1,444,2011-05-25,2011-06-03,11000,14000,0.79,-0.002,327,0.176
693,넥스트아이,1013,10.27,0,20110614,10000,9000,-10,17370,7027,1,4.59,2011-05-25,2011-06-02,9700,10800,0.85,-0.002,326,0.176
694,코오롱플라스틱,1116,13.06,1,20110615,4300,6900,60.47,166087,9024,1,579,2011-05-25,2011-06-03,3800,4300,0.47,0.015,328,0.176
695,엘티에스,793.61,0.5,0,20110602,34000,30600,-10,50320,8153,1,6.78,2011-05-19,2011-05-26,32500,34500,0.25,-0.023,323,0.176
696,KT스카이라이프,39.3,11,1,20110603,17000,17500,2.94,397400,24800,1,97.7,2011-05-16,2011-05-24,13500,18500,0.51,0.001,324,0.176
697,세아특수강,1056.91,5.32,1,20110601,28000,32500,16.07,369196,3609,0.67,363.9,2011-05-12,2011-05-24,24000,28000,0.48,0.014,322,0.176
698,케이엠에이치,96.6,9.48,0,20110525,9500,8550,-10,27858,7346,1,14.08,2011-05-11,2011-05-17,9500,11500,0.87,-0.005,321,0.176
699,골프존,540.2,0.5,0,20110520,85000,94400,11.06,133098,53666,1,209.64,2011-05-02,2011-05-12,65000,79000,0.59,0.003,320,0.176
700,한국종합기술,1117.61,8.19,1,20110428,7100,9300,30.99,194528,9552,1,184.33,2011-04-11,2011-04-19,6800,9200,0.68,0.008,319,0.176
701,이퓨쳐,841.91,27.56,0,20110427,6400,12800,100,10708,2215,1,573.64,2011-04-11,2011-04-19,5200,6400,0.49,0.008,318,0.176
702,티케이케미칼,51.68,9.48,0,20110426,5000,4850,-3,882043,46023,1,1.94,2011-04-07,2011-04-15,4500,5000,0.92,0.002,317,0.176
703,일진머티리얼즈,11.07,0.4,1,20110304,15800,15300,-3.16,203289,13292,1,2.917,2011-02-16,2011-02-24,14100,15800,0.59,0.018,316,0.455
704,현대위아,797.63,0.2,1,20110221,65000,76500,17.69,3118200,77200,1,103.66,2011-01-27,2011-02-10,53000,60000,0.67,0.001,314,0.455
705,부스타,778.51,0.4,0,20110223,4200,3780,-10,56728,4205,1,440.26,2011-01-26,2011-02-15,3500,4200,0.47,-0.027,315,0.455
706,나노신소재,657.93,3.17,0,20110209,17000,17550,3.24,19977,4649,1,673.1,2011-01-18,2011-01-27,14500,16500,0.64,0.005,313,0.455
707,케이아이엔엑스,614.86,0.3,0,20110208,8000,8000,0,14995,2243,1,588.1,2011-01-17,2011-01-25,6900,7500,0.63,0.005,312,0.455
708,티피씨,810.88,8.7,0,20110208,5200,7000,34.62,33170,3588,1,1413.24,2011-01-17,2011-01-25,4500,5200,0.8,0.005,311,0.455
709,제이엔케이히터,358.06,26.52,0,20110131,13600,12250,-9.93,84201,9787,1,621,2011-01-13,2011-01-21,10500,13600,0.51,-0.025,309,0.455
710,엘비세미콘,1035.53,6.28,0,20110131,4700,4650,-1.06,57299,12418,1,304,2011-01-12,2011-01-20,4000,4500,0.31,-0.025,310,0.455
711,딜리,330.36,0.5,0,20110131,8000,7600,-5,23058,4753,1,237.85,2011-01-12,2011-01-20,7000,8000,0.53,-0.025,308,0.455
712,블루콤,425.8,1.9,0,20110126,12000,18850,57.08,78762,9494,1,645.86,2011-01-11,2011-01-18,9000,12000,0.6,0.001,307,0.455
713,인트론바이오테크놀로지,562.29,27.56,0,20110126,6100,12200,100,7833,1205,1,943.9,2011-01-10,2011-01-18,4800,6100,0.83,0.001,306,0.455
714,씨그널정보통신,1144.3,5.3,0,20110124,8500,17000,100,40966,2618,1,1118.7,2011-01-07,2011-01-14,7500,8500,0.83,-0.005,304,0.455
715,중국고섬공고,576.27,1.88,1,20110125,7000,6300,-10,338641,76445,1,0.46,2011-01-07,2011-01-13,5970,5970,0.23,0.01,305,0.455
716,다나와,924.83,2.4,0,20110124,14000,25800,84.29,17075,5517,1,672.02,2011-01-06,2011-01-14,12000,14000,0.39,-0.005,303,0.455
717,티에스이,365.73,0.8,0,20110105,45000,66600,48,60302,4133,1,47.9,2010-12-16,2010-12-24,45000,52000,0.5,-0.004,301,0.455
718,인텍플러스,1240,11.5,0,20110105,7000,14000,100,16052,2605,1,57.87,2010-12-15,2010-12-22,6000,7000,0.52,-0.004,302,0.455
719,두산엔진,45.68,13.73,1,20110104,19300,22350,15.8,1772597,-249695,1,47.29,2010-12-15,2010-12-22,17200,20900,0.47,0.015,300,0.455
720,대구도시가스,307.08,11,1,20101224,5400,5560,2.96,234690,9546,1,356.78,2010-12-08,2010-12-16,4400,5400,0.28,-0.002,298,0.2
721,현대HCN,768.58,5.1,1,20101223,3800,3420,-10,206567,4681,1,21.1,2010-12-08,2010-12-15,3800,4500,0.15,0.001,297,0.2
722,액트,263.69,1.9,0,20101227,2700,2430,-10,65140,2213,1,12.93,2010-12-07,2010-12-16,2400,2700,0.26,-0.002,299,0.2
723,한전산업개발,1078,15.4,1,20101216,5500,5490,-0.18,238434,6140,1,127.26,2010-12-01,2010-12-09,4500,5500,0.27,-0.004,294,0.2
724,대정화금,202,8.69,0,20101220,9200,13100,42.39,37172,4928,1,697.93,2010-12-01,2010-12-09,8100,9200,0.71,0.002,296,0.2
725,세우테크,12.41,12.64,0,20101201,5500,6500,18.18,23364,3100,1,32.25,2010-11-15,2010-11-23,5500,6500,0.44,-0.011,293,0.2
726,대구방송,946.62,12.61,0,20101129,7500,7100,-5.33,31686,5235,1,4.3,2010-11-11,2010-11-19,7500,9500,0.11,-0.003,291,0.2
727,코라오홀딩스,1246.86,4.44,1,20101130,4800,7300,52.08,95366,13725,1,395,2010-11-10,2010-11-19,3800,4800,0.4,-0.004,292,0.2
728,케이티롤,945.66,2.25,0,20101126,6800,8210,20.74,26080,3883,1,42.82,2010-11-09,2010-11-18,6000,6800,0.36,0.019,290,0.2
729,시그네틱스,26.63,3.07,0,20101126,2600,2700,3.85,199552,11251,1,23.9,2010-11-09,2010-11-17,2300,2600,0.79,0.019,289,0.2
730,한국전자인증,37.3,12.64,0,20101119,1600,1800,12.5,11966,2359,1,303.38,2010-11-02,2010-11-11,1300,1500,0.74,0.016,288,0.2
731,코프라,1195,6.3,0,20101112,7000,14000,100,46989,2881,1,1464,2010-10-26,2010-11-05,5500,6500,0.76,-0.009,287,0.2
732,디케이락,699.46,0.59,0,20101112,7500,7480,-0.27,30521,4563,1,169.58,2010-10-25,2010-11-02,7000,8000,0.22,-0.009,286,0.2
733,케이엔엔,862.63,6.18,0,20101103,9000,8800,-2.22,45750,6767,1,170.13,2010-10-19,2010-10-26,8000,10000,0.39,0.011,283,0.2
734,아나패스,61.84,3.2,0,20101105,52000,54400,4.62,55321,17193,1,376.3,2010-10-18,2010-10-26,47000,52000,0.7,0.015,285,0.2
735,삼본정밀전자,711.65,42,0,20101105,8800,9300,5.68,83090,12044,1,452,2010-10-18,2010-10-28,7800,8800,0.68,0.015,284,0.2
736,아이텍반도체,37.77,6.04,0,20101026,9100,9150,0.55,14843,3405,1,548.21,2010-10-06,2010-10-15,8700,9100,0.69,0.005,282,0.2
737,누리플랜,113.29,0.8,0,20101026,5500,8400,52.73,3508,3508,1,843.62,2010-10-05,2010-10-14,4600,5500,0.32,0.005,281,0.2
738,인화정공,24.76,12.64,0,20101022,26000,30200,16.15,60629,10411,1,582.41,2010-10-04,2010-10-14,22000,26000,0.61,0.001,280,0.2
739,코렌,43.42,4.6,0,20101022,5800,6300,8.62,65341,4712,1,191.28,2010-10-04,2010-10-12,5800,6600,0.75,0.001,279,0.2
740,아이씨코리아,1024,2.53,0,20101019,2800,4500,60.71,31498,2424,1,1105.27,2010-09-30,2010-10-08,2400,3000,0.57,0.005,278,0.2
741,휠라코리아,149,0.4,1,20100928,35000,70000,100,357373,17214,1,330,2010-09-06,2010-09-15,30000,35000,0.41,-0.005,277,0.467
742,포메탈,69.81,9.48,0,20100917,6000,5710,-4.83,41155,2469,1,15.91,2010-09-02,2010-09-10,6000,6800,0.22,0.001,276,0.467
743,케이티씨에스(구.한국인포데이타,75.61,0.1,1,20100916,2600,3055,17.5,245155,12314,1,382.82,2010-09-01,2010-09-08,2600,3100,1.5,0.005,274,0.467
744,성융광전투자,52.92,11,0,20100915,2800,2920,4.29,91579,14239,1,1.32,2010-08-31,2010-09-07,2700,3300,0.3,0.002,273,0.467
745,다원시스,38,11,0,20100914,11000,11300,2.73,28425,3319,1,3.21,2010-08-30,2010-09-07,9000,12000,0.91,0.019,272,0.467
746,알파칩스,86.41,3.15,0,20100917,12000,15500,29.17,33435,3772,1,941.45,2010-08-30,2010-09-08,10500,12000,0.59,0.001,275,0.467
747,와이솔,20.9,9.48,0,20100910,8000,7200,-10,34050,6230,1,12.75,2010-08-26,2010-09-02,7000,9000,0.6,0.003,269,0.467
748,현대홈쇼핑,58.8,0.17,1,20100913,90000,124500,38.33,515693,95459,1,147.21,2010-08-26,2010-09-03,80000,90000,0.44,0.003,271,0.467
749,씨젠,1290,21.6,0,20100910,30500,27450,-10,13142,4698,1,3.42,2010-08-24,2010-09-02,28000,35000,0.85,0.003,270,0.467
750,대신증권그로쓰알파,26.18,9.48,0,20100824,2000,1990,-0.5,237069.12,25672.70202,1,0.77,2010-08-09,2010-08-13,2000,-,0.18,-0.009,268,0.467
751,도화종합기술공사,997,2.39,1,20100812,22000,19800,-10,308708,28779,1,24.96,2010-07-27,2010-08-04,20000,23000,0.28,-0.03,267,0.467
752,엠에스오토텍,54.6,27.56,0,20100806,5500,11000,100,70302,6589,1,1257.45,2010-07-19,2010-07-28,4500,5500,0.56,-0.005,266,0.467
753,이글루시큐리티,51.11,9.48,0,20100804,14000,12600,-10,22894,3880,1,59.2,2010-07-15,2010-07-27,11000,14000,0.71,-0.005,265,0.467
754,인터로조,38.32,9.48,0,20100728,12000,10800,-10,14092,5276,1,107.02,2010-07-14,2010-07-20,9000,12000,0.33,-0.004,263,0.467
755,아이마켓코리아,20.7,10.52,1,20100730,15300,22100,44.44,1182115,21104,1,245.4,2010-07-13,2010-07-23,12300,15300,0.74,-0.006,264,0.467
756,하이텍팜,1105.9,6.85,0,20100728,11500,16200,40.87,51162,9310,1,877.7,2010-07-12,2010-07-21,10000,11500,0.61,-0.004,262,0.467
757,우진,1228,4.87,1,20100726,15000,30000,100,50260,10618,1,723.42,2010-07-06,2010-07-16,13600,15200,0.4,0.01,261,0.467
758,크루셜텍,426,6.3,0,20100721,23500,31900,35.74,62168,7681,1,554.7,2010-07-05,2010-07-13,20000,23500,0.53,0.011,259,0.467
759,에스디시스템,120.75,2.55,0,20100716,14800,17500,18.24,49656,5070,1,491.68,2010-06-30,2010-07-08,13000,14800,0.46,0,258,0.467
760,웅진에너지,1077,6.72,1,20100630,9500,12000,26.32,118893,41033,1,162.69,2010-06-15,2010-06-22,7500,8500,0.5,-0.038,257,0.545
761,처음앤씨,1119,9.5,0,20100618,13000,12100,-6.92,7118,3220,1,497.28,2010-06-07,2010-06-11,10500,13000,0.35,0.001,255,0.545
762,유비벨록스,1270,7.32,0,20100618,11000,12250,11.36,44966,4511,1,1198.94,2010-06-03,2010-06-10,9500,10500,0.48,0.001,256,0.545
763,케이엔디티앤아이,307,8.78,0,20100615,8500,11000,29.41,37568,3769,1,1059.2,2010-05-26,2010-06-04,7000,8500,0.49,0,254,0.545
764,솔라시아,17.45,36.39,0,20100609,5000,9500,90,26031,2386,1,976.35,2010-05-25,2010-05-31,4600,5100,0.43,-0.002,252,0.545
765,이연제약,371.63,11,1,20100610,16500,16500,0,72932,8065,1,64.47,2010-05-24,2010-06-01,16500,18000,0.65,-0.005,253,0.545
766,실리콘웍스,46.45,9.48,0,20100608,67000,66900,-0.15,189205,38500,1,113.89,2010-05-19,2010-05-27,61000,67000,0.56,-0.02,251,0.545
767,투비소프트,1033.75,27.56,0,20100601,8000,16000,100,15183,2143,1,1259.04,2010-05-17,2010-05-25,6500,7500,0.5,-0.009,250,0.545
768,모바일리더,4.36,10.52,0,20100525,15000,21000,40,9900,3400,1,746.94,2010-05-06,2010-05-14,13000,15000,0.6,-0.007,248,0.545
769,만도,926,6.82,1,20100519,83000,97000,16.87,1574800,41272,1,124.63,2010-05-04,2010-05-12,75000,90000,0.3,-0.016,247,0.545
770,삼성생명,1032,6.8,1,20100512,110000,119500,8.64,25294898,113027,1,40.6,2010-04-22,2010-05-04,90000,115000,0.4,0,246,0.545
771,동아체육용품유한공사,8.33,9.48,0,20100423,5000,4500,-10,101123,16153,1,25.4,2010-04-06,2010-04-15,4600,5200,0.34,0.006,245,0.545
772,뉴프라이드,1255,25.3,0,20100421,7500,15000,100,56643,1872,1,322,2010-04-02,2010-04-13,6000,7700,0.19,0.008,244,0.545
773,케이씨에스,14.3,27.56,0,20100414,1600,3200,100,38233,2596,1,781.6,2010-03-26,2010-04-06,1200,1600,0.31,0.003,243,0.545
774,차이나킹하이웨이,77,12.64,0,20100331,3700,4100,10.81,95445,33803,1,301.75,2010-03-16,2010-03-23,3000,3500,0.32,0.003,242,0.52
775,동양밸류오션SPAC,87.09,4,1,20100325,10000,15000,50,98930.42,405,1,101.94,2010-03-11,2010-03-17,10000,-,0.19,-0.007,240,0.52
776,디지탈아리아,1056,19.39,0,20100326,11000,22000,100,9068,1938,1,897.4,2010-03-11,2010-03-18,8000,10000,0.57,-0.001,241,0.52
777,현대드림투게더,835.66,81.15,0,20100319,6000,6800,13.33,172870.4,4624.242424,1,2,2010-03-04,2010-03-11,6000,-,0.16,0.001,239,0.52
778,대한생명보험,1033,16.52,1,20100317,8200,8700,6.1,12080182,83015,1,23.7,2010-03-03,2010-03-10,9000,11000,0.26,0.007,238,0.52
779,대우증권그린코리아SPAC,69.46,11,1,20100303,3500,3705,5.86,509568.1,-53,1,86.9,2010-02-17,2010-02-23,2500,3500,0.08,0.003,237,0.52
780,이미지스테크놀로지,1272,13.76,0,20100226,6000,6000,0,13764,3001,1,195.36,2010-02-04,2010-02-18,6000,7500,0.82,-0.001,236,0.52
781,인포바인,76.24,6.6,0,20100209,33000,36000,9.09,8251,3512,1,791.12,2010-01-20,2010-01-29,26000,31000,0.66,-0.007,234,0.52
782,차이나하오란리사이클링,11,9.48,0,20100205,4700,4350,-7.45,132160,10840,1,42.5,2010-01-19,2010-01-27,4300,5600,0.16,-0.03,233,0.52
783,하이소닉,1090,10.46,0,20100209,13000,14200,9.23,36070,4002,1,525.81,2010-01-19,2010-01-29,11000,13000,0.32,-0.007,235,0.52
784,에스이티아이,1283,4.75,0,20100204,17500,15750,-10,70311,10657,1,52.2,2010-01-18,2010-01-27,16500,18000,0.19,0,232,0.52
785,모베이스,11,11.46,0,20100204,13200,17000,28.79,103341,7703,1,704,2010-01-18,2010-01-27,9000,12000,0.82,0,231,0.52
786,에이치디시에스,528,5.58,0,20100202,15000,18500,23.33,114876,13788,1,227.32,2010-01-14,2010-01-22,11000,15000,0.57,0.011,230,0.52
787,락앤락,97.21,8.46,1,20100128,15700,20000,27.39,158681,19862,1,24.85,2010-01-14,2010-01-21,14000,15700,0.18,0.008,228,0.52
788,지역난방공사,1161,21.36,1,20100129,45000,90000,100,1189916,9095,1,127.3,2010-01-13,2010-01-22,33400,40800,0.53,-0.019,229,0.52
789,우리넷,54.27,9,0,20100127,6700,9900,47.76,38428,6449,1,725.91,2010-01-12,2010-01-19,6000,7000,0.5,-0.003,227,0.52
790,아세아텍,61.7,1.6,0,20100126,4100,3985,-2.8,98114,6808,1,79.21,2010-01-08,2010-01-15,4700,5400,0.48,0.002,225,0.52
791,영흥철강,1168,8.57,1,20100125,12000,12400,3.33,136316,12778,1,491.86,2010-01-08,2010-01-18,12000,16000,0.56,-0.027,224,0.52
792,스타플렉스,0.92,11,0,20100127,15000,15700,4.67,69618,4203,1,216,2010-01-07,2010-01-19,13100,15600,0.75,-0.003,226,0.52
793,우노앤컴퍼니,407,8,0,20100115,6500,5850,-10,15677,4710,1,562.95,2009-12-28,2010-01-06,7000,10000,0.42,0.004,223,0.52
794,승화엘엠씨,18.48,10.86,0,20100106,6700,8800,31.34,29006,1818,1,611.88,2009-12-17,2009-12-24,6000,7000,0.48,0,222,0.52
795,코디에스,1316,7.8,0,20100105,6000,9300,55,18010,1493,1,953,2009-12-16,2009-12-23,5000,6000,0.64,0.017,221,0.52
796,아이티엑스시큐리티,1296,10.5,0,20091222,6000,7400,23.33,46568,4416,1,413,2009-12-08,2009-12-15,6500,8000,0.22,0.012,217,0.455
797,위메이드엔터테인먼트,1269,4.3,0,20091218,62000,57000,-8.06,73850,24600,1,5.63,2009-12-03,2009-12-10,60000,65000,0.31,-0.012,216,0.455
798,KPX라이프사이언스,524.8,11.46,0,20091222,6200,7600,22.58,46493,6609,1,252.62,2009-12-03,2009-12-11,5000,6500,0.41,0.012,219,0.455
799,멜파스,1114,1.35,0,20091218,43200,45000,4.17,34925,2855,1,2.47,2009-12-01,2009-12-10,43200,48800,0.58,-0.012,215,0.455
800,동양피엔에프,47,10.52,0,20091222,12000,17000,41.67,36691,4334,1,373.92,2009-12-01,2009-12-11,10000,12000,0.53,0.012,218,0.455
