cor_name,cor_rate,obligation,market_type,listed_date,offer_price,profit_percent,sales,profit,shares_to_pub,sub_rate,l_exp_offer_price,h_exp_offer_price,score
LG에너지솔루션,161869.59999999998,6190.4,80,1617610160,24000000,7920.0,116885440,-36141680.0,64.0,5547.200000000001,20560000,24000000,0.412
NS쇼핑,19668.35,1017.9,65,1309771255,15275000,-650.0,22563775,3550235.0,65.0,15393.3,13325000,15275000,0.292
SK바이오사이언스,102037.6,4793.6,80,1616825440,5200000,8000.0,14715040,1174160.0,53.6,26828.800000000003,3920000,5200000,0.238
SK바이오팜,66852.8,6492.0,80,1616056160,3920000,8000.0,85520,-11371120.0,54.400000000000006,25842.399999999998,2880000,3920000,0.288
SK아이이테크놀로지,137450.24000000002,4613.6,73,1475367303,7665000,7300.0,19201701,4648932.0,73.0,21036.41,5694000,7665000,0.37
가온칩스,86814.64,690.9,0,950364440,658000,3407.5,803606,87044.0,47.0,102614.63,517000,611000,0.34
경보제약,28326.239999999998,1859.7599999999998,54,1088133966,810000,5400.0,9168174,466344.0,54.0,14248.98,702000,810000,0.259
고바이오랩,3216.5,1.5,0,1010055900,750000,5000.0,28850,-2203350.0,50.0,28327.0,900000,1150000,0.3
공구우먼,2276.0,106.0,0,808812920,800000,320.0,1307320,173840.0,40.0,301.2,1040000,1240000,0.5
교촌에프앤비,55968.64,218.4,56,1131262272,688800,5258.400000000001,21285096,1653008.0,39.199999999999996,73824.23999999999,593600,688800,0.286
그린플러스,38877.3,263.25,0,908586315,450000,517.5,1896795,99585.0,45.0,31543.2,382500,450000,0.244
금호에이치티,1335.4499999999998,232.0,29,584382219,290000,-145.0,5081438,392080.0,29.0,953.2299999999999,368300,455300,0.724
까스텔바쟉,1496.38,177.56,0,928768060,552000,1916.8200000000002,3870992,292376.0,13.34,156.4,736000,874000,0.391
나노씨엠에스,41464.0,212.8,0,646729888,640000,2080.0,127296,-54112.0,32.0,39791.36,464000,592000,0.531
나래나노텍,4386.0,41.71,0,869468944,752500,-430.0,3560615,97739.0,33.11,1047.48,752500,881500,0.465
나무가,8667.2,289.6,0,1612088960,2960000,-778.4000000000001,17466480,145760.0,80.0,72.8,2560000,2960000,0.175
남화산업,19730.16,147.35999999999999,0,484347096,88800,1238.8799999999999,341136,205032.0,24.0,20601.6,74400,88800,0.583
네오오토,2713.92,84.96000000000001,0,483626832,288000,-40.08,2610624,163944.0,24.0,826.56,273600,307200,0.5
네오펙트,14196.42,37.38,0,847607376,462000,-420.0,306096,6720.0,42.0,16833.600000000002,420000,525000,0.286
네패스아크,26184.9,59.2,0,747441329,980500,1354.2,2024603,172161.0,37.0,30717.77,865800,980500,0.216
넥스트엔터테인먼트월드,13740.16,613.76,0,1289038272,1043200,-196.48,7811904,769792.0,64.0,2147.2,812800,1043200,0.078
넥스트칩,95781.19,683.22,0,1193021359,767000,1883.2800000000002,612597,-796264.0,59.0,101915.42000000001,584100,684400,0.576
넥스틴,1058.75,815.5,0,707035280,2639000,-199.5,328790,-91875.0,35.0,487.2,2152500,2639000,0.486
넷마블게임즈,18296.24,3579.6,76,1532958912,11932000,387.59999999999997,66778008,4620116.0,76.0,2216.92,9196000,11932000,0.316
노랑풍선,67511.67,856.98,0,1393118970,1380000,3570.75,5783718,720084.0,51.06,70738.8,1069500,1311000,0.304
노바렉스,2821.12,1101.4199999999998,0,1170504612,1102000,1969.1000000000001,4689532,496886.0,58.0,36622.36,1102000,1392000,0.431
노바텍,2785.4399999999996,1.26,0,847606284,420000,1722.0,893928,166950.0,29.4,13720.140000000001,525000,693000,0.476
노터스,30076.780000000002,25.369999999999997,0,868218461,860000,2096.25,1561244,161121.0,43.0,959.3299999999999,731000,860000,0.488
녹십자랩셀,51360.4,3616.2,0,1411243610,1295000,7000.0,2414230,158200.0,70.0,5598320.0,952000,1113000,0.4
녹십자웰빙,35528.219999999994,242.46,0,1090314756,610200,286.73999999999995,2909682,306612.0,54.0,35513.64,507600,610200,0.407
뉴트리바이오텍,4789.92,1444.32,0,1027712016,1071000,485.52,2315859,121788.0,51.0,121.38,1071000,1224000,0.392
뉴파워프라즈마,18544.399999999998,288.59999999999997,0,745961810,647500,0.0,1859805,302697.0,37.0,19287.73,555000,629000,0.568
대림씨엔에스,2387.0,445.2,28,564489240,775600,-278.03999999999996,7221368,540904.0,28.0,714.0,658000,775600,0.214
대명에너지,14265.44,66.08,0,1132348896,840000,168.0,8925616,455392.0,44.800000000000004,8488.480000000001,840000,1008000,0.446
대모,60670.49999999999,858.0,0,1110489820,286000,3712.5,2806430,171545.0,43.45,69769.15,264000,286000,0.236
대보마그네틱,33843.6,1543.9399999999998,0,686157604,1054000,3202.46,447610,127840.0,24.82,28477.72,765000,867000,0.294
대성하이텍,129637.63,306.19,0,1354795074,603000,0.0,7542793,496604.0,52.260000000000005,76138.8,495800,603000,0.537
대원,19780.0,16.0,0,1613696080,1200000,533.6,18135680,2951040.0,40.0,36819.2,1040000,1200000,0.35
더네이쳐홀딩스,3888.3999999999996,338.40000000000003,0,808029080,1840000,-400.0,9413760,645680.0,33.199999999999996,6076.0,1800000,2000000,0.175
더블유게임즈,27312.12,967.5600000000001,0,1329972864,4290000,9.9,4702962,1841928.0,66.0,15917.880000000001,3366000,4026000,0.848
덕산테코피아,17082.87,351.33,0,989349298,931000,-490.0,3475570,920367.0,38.71,96.03999999999999,833000,931000,0.714
덕신하우징,36440.32,3352.16,0,1127884856,728000,3726.2400000000002,5848304,656208.0,56.0,50347.920000000006,537600,616000,0.375
덕우전자,10742.22,431.3,0,766491464,589000,343.14,2900464,409830.0,22.8,22284.339999999997,513000,589000,0.526
데브시스터즈,43009.56,1978.68,0,1329306396,3498000,2241.36,4045998,1473516.0,66.0,18828.48,2838000,3300000,0.621
데이타솔루션,18999.84,1108.32,0,968198544,158400,4800.0,4839360,146592.0,33.599999999999994,35219.520000000004,129600,158400,0.396
덱스터,15318.6,1986.0,0,1209073320,840000,4628.4,1119900,171720.0,60.0,30045.6,660000,840000,0.267
동구바이오제약,46572.8,3418.24,0,1291533632,1024000,6400.0,5591232,699072.0,59.52,53546.88,768000,928000,0.5
동운아나텍,4778.96,332.76,0,947079610,470000,1175.0,2089291,270109.0,47.0,2244.72,470000,564000,0.319
동일제강,13626.8,136.4,44,886640656,132000,1276.0,5374952,277860.0,44.0,34737.56,118800,145200,0.523
드림씨아이에스,49083.83,361.46000000000004,0,1070627666,789700,4659.76,1017600,181101.0,53.0,35468.66,689000,789700,0.283
드림텍,15838.4,32.0,40,807612560,520000,1338.4,21104360,384280.0,21.6,22508.0,440000,520000,0.4
디아이티,3469.62,224.4,0,665966631,330000,181.5,2837802,392997.0,33.0,366.3,310200,343200,0.333
디알젬,32988.06,44.1,0,847607124,273000,1273.02,2071608,173544.0,42.0,34984.32,210000,294000,0.405
디앤씨미디어,26955.0,1675.0,0,1008540050,1000000,3075.0,944650,150600.0,50.0,28155.0,850000,1000000,0.22
디어유,140077.69999999998,2622.2000000000003,0,1414777700,1820000,7000.0,913360,-157500.0,70.0,111870.5,1260000,1680000,0.314
디에이테크놀로지,1768.96,57.92,0,644515808,211200,581.76,923616,66592.0,32.0,15640.64,211200,272000,0.312
디자인,61738.4,308.8,0,1614489200,808000,8000.0,2437760,178000.0,80.0,53203.2,720000,808000,0.05
디지캡,39162.399999999994,167.2,0,807236280,480000,416.8,652440,81800.0,24.8,37271.6,340000,420000,0.425
디케이티,23142.6,105.0,0,605436630,222000,2229.6,3511290,138330.0,30.0,23409.600000000002,180000,222000,0.533
디티앤씨,32982.18,4383.7,0,1188331803,1091500,3667.4399999999996,1193924,266621.0,59.0,36617.17,855500,1091500,0.475
딥노이드,68386.06,422.82,0,1172227386,2436000,4142.9400000000005,13630,-499148.0,58.0,48421.88,1827000,2436000,0.138
라온테크,59521.8,347.1,0,788214063,702000,487.5,492648,-55848.0,39.0,30384.9,499200,616200,0.385
라온피플,11892.960000000001,54.0,0,726876648,504000,-180.0,783504,225000.0,36.0,74.52,504000,612000,0.333
라이프시맨틱스,79923.69,215.45999999999998,0,1151988411,712500,5700.0,66234,-225891.0,57.0,101150.48999999999,513000,712500,0.368
래몽래인,119017.36,1366.75,0,1556264710,1155000,5646.41,2668050,242781.0,77.0,158206.51,885500,1001000,0.273
레몬,31098.0,459.9,0,1474616644,525600,1439.56,2294974,-173521.0,73.0,58405.11,452600,525600,0.178
레이,81055.20000000001,821.5999999999999,0,1615264640,1600000,2060.0,3805200,542320.0,80.0,62364.799999999996,1360000,1600000,0.212
레이언스,22806.43,1097.1,0,1068501783,1325000,-275.6,4130979,170501.0,53.0,17391.42,1166000,1325000,0.528
레이저쎌,95234.7,820.38,0,1334561184,1056000,1897.5,256014,-505890.0,66.0,121777.26,792000,924000,0.545
레인보우로보틱스,81944.5,1094.5,0,1111561165,550000,5500.0,93170,-302335.0,55.0,66069.3,385000,495000,0.527
로고스바이오시스템스,5894.96,16.43,0,624994193,790500,0.0,119970,-7750.0,31.0,6462.88,688200,790500,0.226
로보티즈,59433.200000000004,2467.6,0,1251223612,868000,6200.0,1110668,110422.0,62.0,64723.04000000001,570400,700600,0.306
로지시스,11753.12,451.52,0,685124786,85000,2284.8,1088884,59330.0,34.0,13491.88,68000,85000,0.353
롯데렌탈,16757.51,1128.05,77,1556233063,4543000,-195.58,161762293,1794639.0,38.5,5067.37,3619000,4543000,0.351
롯데정보통신,5235.78,1709.3999999999999,66,1331927982,1966800,166.32,45625602,1364550.0,66.0,2258.52,1867800,2230800,0.364
루닛,497.0,115.5,0,1415450470,2100000,186.9,100100,-5861730.0,70.0,629.3000000000001,3080000,3430000,0.357
리드,3431.2,560.0,0,1612089600,408000,-800.0,3238640,160320.0,80.0,3651.2,360000,408000,0.412
리파인,2695.98,135.24,0,848863218,882000,-420.0,2274888,674814.0,42.0,249.9,882000,1008000,0.381
린드먼아시아인베스트먼트,21787.199999999997,931.5999999999999,0,686130676,221000,3400.0,215390,95268.0,34.0,35343.34,170000,187000,0.206
마니커에프앤지,31707.300000000003,162.89999999999998,0,605724600,120000,3000.0,2982570,122310.0,30.0,36494.4,102000,120000,0.733
마이크로디지탈,21751.8,80.15,0,706671175,805000,2746.8,159390,-1050.0,35.0,39071.899999999994,700000,805000,0.486
마인즈랩,11457.900000000001,1144.9199999999998,0,1172245134,1740000,-67.86,654936,-1182388.0,58.0,5214.200000000001,1508000,1740000,0.207
마크로밀엠브레인,38044.799999999996,698.04,0,727225236,244800,3600.0,1406700,70272.0,36.0,31968.36,187200,230400,0.194
매직마이크로,2926.17,51.870000000000005,0,785893641,214500,-56.55,2077881,133107.0,39.0,1426.23,202800,249600,0.026
맥스트,90459.56999999999,2230.4100000000003,0,1152011439,855000,5700.0,113031,-508497.0,57.0,385476.75,627000,741000,0.421
머큐리,59965.600000000006,1068.0,0,1614497120,488000,4629.599999999999,11066400,355440.0,40.0,74431.2,416000,488000,0.025
메가엠디,500.1,225.0,0,604536540,90000,2019.8999999999999,1853250,154380.0,30.0,8424.6,108000,138000,0.633
메카로,54663.76,3197.32,0,1533011656,2508000,2302.8,3658184,222376.0,76.0,50516.44,1900000,2280000,0.197
메탈라이프,52816.61,920.86,0,827840184,533000,4100.0,790070,153422.0,41.0,57316.770000000004,430500,533000,0.244
명성티엔에스,28331.28,445.74,0,766874694,760000,380.0,2453850,222566.0,23.56,30582.019999999997,611800,710600,0.447
명신산업,81306.92,2080.8,68,1373682076,442000,6800.0,52750320,2301324.0,22.44,93359.92,333200,394400,0.647
모바일어플라이언스,21208.95,860.8499999999999,0,907660080,157500,3085.6499999999996,2417400,75555.0,12.600000000000001,28654.649999999998,135000,157500,0.178
모비릭스,85859.33,349.53000000000003,0,1232817808,854000,6100.0,2460740,377529.0,61.0,90616.11,640500,854000,0.475
모아데이타,3882.46,29.58,0,687490540,680000,-340.0,468690,71162.0,34.0,795.26,816000,952000,0.765
모트렉스,15713.28,494.56,0,887515376,1685200,-34.32,8815796,660792.0,37.4,18600.120000000003,1372800,1685200,0.136
미디어젠,20745.72,67.67999999999999,0,726879780,381600,220.68,481788,-19188.0,36.0,20633.76,338400,381600,0.5
미래에셋벤처투자,24718.399999999998,207.20000000000002,0,1130657640,252000,2053.52,3077144,353080.0,56.0,57219.119999999995,207200,252000,0.429
미래에셋생명보험,1007.4999999999999,51.74999999999999,25,503767700,187500,-33.25,98208725,3025750.0,25.0,950.25,205000,250000,0.36
미래테크놀로지,7859.099999999999,381.90000000000003,0,1350130467,1078700,-478.38,1164996,261099.0,67.0,100.5,958100,1078700,0.104
미코바이오메드,7957.5,1.0,0,1010051100,750000,366.5,204900,-658600.0,50.0,2087.0,600000,750000,0.48
민앤지,43729.200000000004,2724.0,0,1209037800,1680000,6000.0,1060620,317040.0,60.0,66468.59999999999,1272000,1440000,0.283
바이브컴퍼니,73287.0,477.6,0,1212061680,1680000,2571.6,977880,-46620.0,60.0,75973.2,1380000,1680000,0.35
바이오다인,61418.24999999999,396.00000000000006,0,909464265,1350000,1499.85,184005,-91170.0,45.0,2176.2,1012500,1291500,0.222
바이오리더스,17257.8,318.5,0,987874643,735000,686.0,57183,-266021.0,49.0,59906.42,539000,735000,0.367
바이오솔루션,8914.289999999999,257.04,0,1029221820,1479000,-140.76,255561,-92106.0,51.0,15433.62,1224000,1479000,0.549
바이오에프디엔씨,2590.3500000000004,413.0,0,707707735,980000,-350.0,302400,86135.0,35.0,165.9,805000,1015000,0.4
바이오플러스,75652.40000000001,483.59999999999997,0,1253077474,1953000,1574.8,1510754,601586.0,62.0,74811.06000000001,1767000,1953000,0.274
바이옵트로,8820.16,42.14,0,869078074,322500,-114.81,692945,96105.0,43.0,2928.73,322500,365500,0.465
배럴,23878.4,724.8000000000001,0,1614416080,760000,757.6,1939760,297040.0,80.0,29582.399999999998,640000,760000,1.375
범한퓨얼셀,42077.84,602.0,0,1132354552,2240000,140.0,1786400,193592.0,56.0,39780.72,1803200,2240000,0.554
보라티알,17843.52,425.6,0,645459456,457600,1029.44,222816,26528.0,32.0,32842.88,400000,457600,0.531
뷰노,72860.5,1190.0,0,1010511300,1050000,2833.5,8100,-295650.0,50.0,55135.0,750000,975000,0.24
브레인즈컴퍼니,88585.59999999999,553.04,0,1253070778,1550000,6200.0,919398,231508.0,41.54,73804.18000000001,1240000,1395000,0.29
브이씨,11625.99,1215.73,0,1233433664,915000,976.0,2157204,275293.0,61.0,2831.0099999999998,915000,1189500,0.525
브이원텍,20626.39,307.1,0,746316381,654900,501.72,904835,294853.0,29.6,27909.469999999998,562400,654900,0.351
비나텍,42825.899999999994,876.3299999999999,0,787835997,1287000,1299.87,1667757,171795.0,39.0,54087.149999999994,1053000,1248000,0.436
비비씨,46920.0,187.2,0,969644208,1473600,-476.64,915504,271344.0,37.92,22281.12,1300800,1473600,0.417
비씨엔씨,100717.65,1256.2,0,1112116665,715000,5500.0,2603865,110605.0,55.0,147742.09999999998,495000,632500,0.527
비씨월드제약,18907.75,1409.8000000000002,0,1067484395,832100,810.37,1609875,183062.0,53.0,36093.0,636000,832100,0.434
비즈니스온커뮤니케이션,19016.89,551.3000000000001,0,746331810,333000,3247.86,433307,97162.0,37.0,39808.670000000006,299700,333000,0.324
비트나인,76465.34,274.16,0,929711060,506000,1777.44,532496,-470396.0,46.0,27123.44,400200,446200,0.304
비플라이소프트,5885.65,40.28,0,1071692860,530000,265.0,1292458,-181472.0,47.7,1423.58,874500,1007000,0.66
삼성SDS,52120.0,3848.8,80,1611289120,15200000,8000.0,563746640,26078640.0,80.0,10735.2,12000000,15200000,0.388
삼성바이오로직스,21876.62,1822.62,74,1491922140,10064000,-54.76,6754572,140966004.0,49.580000000000005,3355.1600000000003,8362000,10064000,0.351
삼영에스앤씨,65208.43,564.99,0,747789277,407000,3700.0,536093,23421.0,37.0,88535.08,288600,370000,0.486
새빗켐,110279.40000000001,2488.2000000000003,0,1334573064,2310000,6600.0,2203674,291918.0,55.44,113847.36,1650000,1980000,0.424
샘씨엔에스,86109.52,1459.92,0,1131789120,364000,-86.24000000000001,1175160,31136.0,46.48,61840.24,280000,319200,0.286
샘코,943.7400000000001,47.04,0,988374835,539000,445.40999999999997,1411886,100156.0,49.0,10143.0,686000,882000,0.265
서남,93358.40000000001,395.96,0,1535216720,235600,1961.56,368904,-110124.0,76.0,67001.6,205200,235600,0.197
서울바이오시스,49236.0,462.0,0,888813464,330000,3226.52,16200536,257708.0,44.0,41478.8,286000,330000,0.545
서진시스템,20023.62,1246.1,0,685791118,850000,2040.0,1224714,220694.0,30.94,25230.039999999997,714000,850000,0.353
서플러스글로벌,4065.5,52.0,0,1008506250,400000,312.5,4705700,448750.0,48.5,27400.0,370000,470000,0.22
석경에이티,80636.81999999999,387.44,0,1171670934,580000,5800.0,371374,64438.0,58.0,101591.64,464000,580000,0.448
선진뷰티사이언스,80136.0,998.4799999999999,0,1131767112,644000,5600.0,2654568,242648.0,37.52,111313.44,565600,644000,0.536
성일하이텍,118023.35999999999,2010.3199999999997,0,1051477856,2600000,5189.599999999999,3428828,-155896.0,52.0,62769.2,2116400,2470000,0.385
세미콘라이트,7132.599999999999,171.0,0,765723750,429400,67.26,1829206,237348.0,38.0,5453.76,429400,520600,0.316
세아메카닉스,101518.48,376.88,0,1132338144,246400,5600.0,4630920,238224.0,37.52,138648.72,196000,224000,0.393
세종메디칼,35977.24,1709.25,0,867762747,645000,2322.0,549239,137256.0,25.8,39676.53,464400,589100,0.233
세진중공업,391.16,1166.0,44,886649720,154000,-6.16,24989140,788128.0,44.0,100.76,154000,171600,0.364
세틀뱅크,65076.0,858.4000000000001,0,1171061296,3190000,-580.0,3315512,695710.0,37.12,17956.800000000003,2552000,2842000,0.328
세화아이엠씨,10384.8,501.59999999999997,48,967215312,782400,529.92,10591920,197184.0,48.0,35125.92,696000,782400,0.458
센코,44963.61,116.60000000000001,0,1070654537,689000,142.57,1051255,-127783.0,43.46,19420.260000000002,530000,689000,0.415
셀레믹스,48136.4,216.4,0,808032840,800000,980.0,205640,-90240.0,40.0,47058.0,644000,800000,0.35
셀리버리,37744.92,907.2,0,1089779886,1350000,1512.0,149796,-810432.0,54.0,43656.3,1080000,1350000,0.593
셀트리온헬스케어,2816.44,925.0,0,1492633872,3034000,478.04,29776786,2119434.0,74.0,514.3000000000001,2405000,3034000,0.73
소룩스,42020.9,29.6,0,747440922,370000,3700.0,2630996,214378.0,30.34,61422.96,296000,370000,0.432
솔루엠,63047.7,1122.6599999999999,54,1091350908,918000,5400.0,49334778,2078082.0,54.0,61979.04,739800,837000,0.667
솔트룩스,30633.859999999997,323.64,0,1171641934,1450000,3480.0,889430,8410.0,58.0,55304.74,1392000,1740000,0.19
수산아이앤티,5514.25,22.400000000000002,0,705635385,402500,0.0,492870,150360.0,35.0,453.95000000000005,367500,402500,0.257
수산인더스트리,8082.9400000000005,1174.28,62,1253689662,2170000,-354.02,18234882,3305716.0,46.5,210.79999999999998,2170000,2672200,0.452
수젠텍,3459.66,144.9,0,928764288,552000,-325.68,158240,-964160.0,46.0,68.08,552000,644000,0.37
슈프리마아이디,41589.85,486.18,0,747059637,999000,1061.8999999999999,668997,132127.0,28.490000000000002,26168.62,851000,999000,0.162
슈피겐코리아,14313.6,1728.1599999999999,0,1127901880,1540000,1954.9599999999998,3037440,531720.0,56.0,20166.72,1260000,1540000,0.339
스코넥,94856.3,3297.25,0,1112111220,715000,5500.0,250690,-493405.0,55.0,96318.75,495000,660000,0.364
스튜디오드래곤,42934.399999999994,2176.0,0,1613689920,2800000,4640.0,10964160,620320.0,80.0,25608.800000000003,2472000,2800000,0.325
시스웍,3627.56,20.24,0,927876396,128800,1659.22,1112188,245962.0,46.0,38194.259999999995,151800,179400,0.261
신도기연,75101.1,856.09,0,1191841654,944000,5900.0,2882386,188151.0,59.0,56345.59,826000,944000,0.356
신신제약,1594.3200000000002,2.34,0,786638892,175500,1447.29,2012946,151554.0,39.0,2827.5,230100,261300,0.128
신테카바이오,4460.99,77.88000000000001,0,1191281803,708000,1450.2199999999998,16933,-221073.0,59.0,7268.8,885000,1121000,0.525
신화콘텍,19889.55,466.65,0,906336360,409500,-450.0,2297655,290070.0,45.0,4468.5,364500,409500,0.667
신흥에스이씨,17848.8,1224.7,0,746324299,592000,3098.75,3334144,205424.0,18.5,27062.539999999997,407000,518000,0.378
실리콘투,77632.02,451.97999999999996,0,1091390166,1468800,2243.16,5367492,308664.0,50.76,91854.0,1285200,1468800,0.481
싸이맥스,9310.08,114.27000000000001,0,785874063,635700,-263.25,2133846,233727.0,39.0,6943.17,557700,635700,0.256
싸이버원,66458.09999999999,494.7,0,1030725861,484500,4562.97,1140972,97053.0,22.44,95901.93000000001,387600,423300,0.392
싸이토젠,29833.65,34.3,0,988874978,833000,230.79,41650,-105301.0,49.0,34569.01,637000,833000,0.367
쏘카,4205.25,12.750000000000002,75,1516561650,2100000,0.0,19636800,-5080875.0,75.0,1080.0,2550000,3375000,0.68
씨앤씨인터내셔널,42194.740000000005,216.48000000000002,0,828631197,1947500,-21.73,3345518,272117.0,24.599999999999998,36818.0,1435000,1947500,0.39
씨앤투스성진,52521.04,88.39999999999999,0,1050926656,1664000,-48.879999999999995,2469012,-22360.0,52.0,35050.08,1352000,1664000,0.558
씨에스베어링,56108.7,209.25000000000003,0,908600445,378000,0.0,2266380,145440.0,27.0,31485.149999999998,333000,378000,0.6
씨에스윈드,5574.3,91.29,51,1027197477,2218500,-510.0,15120888,1369911.0,51.0,3386.4,1581000,2218500,0.235
씨엠에스에듀,10878.12,1037.8799999999999,0,725774652,835200,558.72,1377828,230688.0,36.0,6689.16,684000,835200,0.472
씨유테크,107987.06999999999,1570.44,0,1394559552,414000,6900.0,15297162,731262.0,46.230000000000004,97199.61,351900,386400,0.319
씨이랩,58968.909999999996,557.71,0,869039632,1505000,1425.02,304827,2666.0,43.0,8407.79,989000,1333000,0.209
씨트리,216.20000000000002,27.599999999999998,0,926956166,299000,1946.2600000000002,789544,14030.0,46.0,9198.16,381800,469200,0.217
씨티케이코스메틱스,7546.0,264.0,0,806848280,2200000,-400.0,5355520,933000.0,40.0,5830.0,1840000,2200000,0.325
아모그린텍,6404.58,118.94999999999999,0,787422831,386100,157.56,4340583,-204282.0,31.200000000000003,863.0699999999999,343200,386100,0.436
아모센스,5489.13,120.78999999999999,0,949899375,582800,-56.87,2915316,-56212.0,37.6,1247.8500000000001,582800,714400,0.277
아셈스,74439.96,354.66,0,930129522,368000,4600.0,1566254,48392.0,46.0,112013.22,322000,368000,0.413
아스트,4922.9400000000005,378.84000000000003,0,1329320784,627000,-660.0,4018410,-430122.0,66.0,271.26000000000005,462000,660000,0.364
아스플로,49282.1,278.3,0,464853161,575000,1012.0,1030032,160172.0,23.0,64815.84,437000,506000,0.609
아시아경제신문사,3370.2000000000003,189.84,0,241808772,43200,-120.0,391824,51900.0,12.0,147.72,38400,43200,0.0
아시아종묘,11736.480000000001,215.10999999999999,0,988830388,220500,21.56,1044337,118041.0,49.0,11916.8,205800,254800,0.163
아이디피,30396.0,251.60000000000002,0,686828016,333200,1179.46,789820,99144.0,26.86,39094.22,299200,333200,0.471
아이스크림에듀,5737.58,61.64,0,928772706,731400,-448.5,3983968,326968.0,46.0,262.2,731400,828000,0.261
아이쓰리시스템,45312.0,2218.4,0,1188893070,2124000,4425.0,1823926,313526.0,59.0,88887.62999999999,1681500,1858500,0.119
아이씨에이치,3379.52,735.73,0,1193023011,2006000,-590.0,1425853,143252.0,51.92,148.08999999999997,2006000,2596000,0.458
아이엠텍,5839.599999999999,1300.0,0,1048330556,390000,693.16,2420756,269360.0,52.0,7222.8,338000,390000,0.558
아이진,17140.2,315.0,0,846346872,567000,-186.48000000000002,1156932,-122892.0,42.0,11244.240000000002,504000,567000,0.214
아이콘트롤스,14739.839999999998,1571.4,54,1088149896,1728000,-58.86000000000001,7085988,247320.0,54.0,15125.94,1512000,1728000,0.333
아이퀘스트,66176.88,822.8,0,889249020,484000,4400.0,578732,160600.0,44.0,125546.96,404800,466400,0.432
아이큐어,38526.0,304.8,0,1210842720,3900000,-600.0,2140440,14400.0,60.0,19885.2,2640000,3300000,0.483
아이티아이즈,89663.84000000001,510.15999999999997,0,1131822216,800800,5600.0,2873584,168840.0,52.080000000000005,35482.16,700000,800800,0.286
아이티엠반도체,50689.5,742.6,0,948982029,1222000,135.35999999999999,10727139,853473.0,42.77,15091.23,1081000,1222000,0.404
아주스틸,90621.90000000001,832.8299999999999,51,1030751820,770100,5100.0,29059494,597159.0,29.58,72406.23,647700,770100,0.294
아진산업,429.57,321.9,0,745595214,240500,637.51,4967546,579605.0,37.0,17.39,240500,277500,0.459
아톤,34056.96,399.0,0,848022714,1806000,297.78,1177386,172032.0,33.6,27466.32,1260000,1806000,0.286
안트로젠,33459.3,1927.8000000000002,0,1270093545,1512000,3674.79,115542,-89208.0,63.0,90880.65,1071000,1386000,0.794
알리코제약,17906.42,431.48,0,928289752,552000,2338.18,2213842,103178.0,46.0,32075.8,460000,598000,0.283
알비더블유,94578.54999999999,878.9,0,1111611710,1177000,5500.0,2050235,204545.0,34.1,203873.45,1028500,1177000,0.2
알에스오토메이션,20363.59,1891.0,0,625295141,186000,3074.27,2191638,93124.0,31.0,32823.42,162750,186000,0.452
알체라,59202.45,174.6,0,909054945,450000,4500.0,148095,-513720.0,45.0,59516.1,360000,450000,0.4
알테오젠,24961.2,878.4,0,1228613932,1586000,-199.47,337147,97966.0,61.0,34451.58,1403000,1586000,0.443
압타머사이언스,50649.520000000004,199.47,0,1232255876,1525000,939.4,24888,-235033.0,61.0,76328.69,1220000,1525000,0.295
압타바이오,53097.42,2176.2000000000003,0,1251817944,1860000,4174.46,18600,-1929626.0,62.0,41107.86,1302000,1550000,0.532
애경산업,1482.3,519.11,61,1230999642,1775100,-230.57999999999998,30913580,1314306.0,43.309999999999995,410.53000000000003,1775100,2080100,0.377
액트로,2509.33,35.34,0,383435732,380000,66.5,962521,107426.0,19.0,10362.98,380000,456000,0.632
앤디포스,17461.87,455.8,0,866923516,623500,889.6700000000001,2470694,591594.0,30.529999999999998,22540.600000000002,559000,623500,0.349
앱코,76448.34,243.88,0,1353480534,1628100,1612.69,5646157,232758.0,53.6,65534.71,1433800,1628100,0.194
앱클론,24854.28,955.68,0,887520392,440000,4400.0,137280,-70268.0,44.0,35159.96,352000,440000,0.477
야스,1965.1999999999998,486.20000000000005,0,1371623172,1598000,-680.0,5642776,888352.0,50.32,35.36,1598000,1802000,0.338
에브리봇,27106.78,31.490000000000002,0,949904216,1724900,-467.65,2310755,-42394.0,35.25,7492.74,1532200,1724900,0.34
에스디바이오센서,68625.6,747.0,60,1212642960,3120000,577.1999999999999,4423680,83940.0,34.8,16441.199999999997,2700000,3120000,0.55
에스브이인베스트먼트,17308.06,103.4,0,443975532,154000,628.54,229900,46486.0,22.0,21433.06,123200,138600,0.136
에스씨엠생명과학,41286.8,308.0,0,808024680,680000,2941.2,1160,-1603800.0,40.0,32596.399999999998,560000,680000,0.275
에스앤디,9001.720000000001,0.52,0,1050968308,1456000,-520.0,2939924,382668.0,52.0,218.4,1560000,1664000,0.327
에스에스알,32495.4,1456.6999999999998,0,706328210,315000,3500.0,396410,88025.0,35.0,43108.100000000006,231000,262500,0.229
에스엔텍,7187.32,755.4399999999999,0,765723788,247000,2046.3,1233670,131974.0,38.0,870.1999999999999,212800,239400,0.421
에스엔피월드,16028.099999999999,149.1,0,605127840,153000,0.0,814920,115680.0,30.0,19845.0,129000,153000,0.433
에스제이그룹,24612.12,352.56,0,524969068,1003600,329.94,1784380,91806.0,26.0,13336.179999999998,832000,1003600,0.154
에스케이디앤디,15976.52,1027.6000000000001,28,564217444,728000,2800.0,4896052,535388.0,28.0,16091.039999999999,565600,680400,0.25
에스트래픽,30856.02,683.4,0,1028731455,510000,5100.0,4526148,418659.0,51.0,57537.18,408000,510000,0.51
에스티팜,43044.6,3601.8,0,1209637380,1740000,3724.2,8283120,1511340.0,60.0,14211.0,1440000,1620000,0.4
에스퓨얼셀,16971.3,729.0,0,363258270,297000,1800.0,365310,50202.0,12.06,15440.039999999999,190800,252000,1.0
에스피시스템스,33489.6,410.4,0,605724420,147000,3000.0,1406190,97050.0,20.400000000000002,23584.8,129000,147000,0.233
에어부산,1720.08,28.8,72,1453048344,259200,840.24,40439304,2049408.0,28.8,2628.0,259200,288000,0.417
에이디엠코리아,68219.1,555.75,0,909477135,171000,4500.0,459270,29385.0,45.0,105543.0,130500,148500,0.511
에이디테크놀로지,1228.03,278.61,0,745224992,555000,-370.0,1569503,112554.0,37.0,458.8,592000,666000,0.514
에이비엘바이오,2763.68,505.54,0,928336074,690000,-460.0,3266,-3437764.0,46.0,35.88,598000,782000,0.543
에이비온,6828.64,210.7,0,990334492,833000,-57.82,97706,-513324.0,49.0,1502.34,710500,833000,0.306
에이스토리,27641.25,160.2,0,908582355,643500,-440.54999999999995,2090070,104400.0,45.0,5917.95,522000,643500,0.422
에이에프더블류,42435.47,672.2800000000001,0,989344349,1102500,1197.5600000000002,1486170,426937.0,25.970000000000002,27058.780000000002,955500,1102500,0.49
에이제이네트웍스,2957.25,300.9,15,302262315,514500,-148.65,2912775,276915.0,15.0,1249.5,453000,514500,0.133
에이치시티,3731.13,452.4,0,786279663,663000,573.69,953706,190866.0,39.0,4963.92,748800,877500,0.359
에이치엘사이언스,9048.27,184.79999999999998,0,665313924,891000,1393.26,782265,116193.0,23.099999999999998,5742.0,788700,1013100,0.273
에이치와이티씨,88846.8,364.8,0,1213248540,900000,-120.0,2144700,448740.0,60.0,25954.8,780000,900000,0.35
에이치케이이노엔,102924.79999999999,741.95,0,1111594495,3245000,848.1,28340895,3688355.0,31.349999999999998,21389.5,2750000,3245000,0.145
에이치피에스피,72545.28,2041.92,0,970594320,1200000,4800.0,2936352,847584.0,48.0,55634.399999999994,1104000,1200000,0.396
에이치피오,12606.5,206.0,0,1010525700,1110000,-495.5,2930200,438050.0,37.5,4750.5,1110000,1270000,0.3
에이티젠,36872.100000000006,2151.8,0,1068004219,901000,5300.0,88934,-319643.0,53.0,61849.41,662500,768500,0.566
에이프로,66538.8,638.0600000000001,0,1232243676,1317600,6100.0,4108838,462258.0,61.0,96533.72,1159000,1317600,0.262
에이플러스에셋어드바이저,135.42000000000002,939.8,37,747441440,277500,296.0,9966801,569245.0,15.17,915.75,388500,455100,0.541
에이피위성통신,3801.7000000000003,109.2,0,282244256,135800,389.76,483994,98588.0,14.0,12175.24,121800,135800,0.0
에이피티씨,923.56,382.79999999999995,0,887956212,396000,151.35999999999999,1809368,477400.0,44.0,998.36,506000,572000,0.523
에치디프로,9796.679999999998,167.67,0,544077351,240300,206.28,1783701,71928.0,27.0,22770.72,210600,240300,0.111
에코프로비엠,40528.090000000004,1846.6399999999999,0,827802505,1968000,1118.8899999999999,11884670,621519.0,41.0,11224.98,1537500,1758900,0.512
에프앤가이드,95614.56,547.1999999999999,0,1454487624,504000,7200.0,1517976,250488.0,43.92,97480.8,374400,468000,0.569
에프엔씨엔터테인먼트,7784.7,416.22,0,845930568,1176000,-420.0,1043196,71022.0,42.0,24249.54,1008000,1176000,0.262
에프엔에스테크,21216.68,212.84,0,685787718,476000,740.86,1515652,94996.0,34.0,28582.78,374000,442000,0.353
엔바이오니아,21715.8,193.79999999999998,0,1029742224,418200,1554.99,435795,33048.0,51.0,46426.32,418200,525300,0.314
엔비티,75540.9,567.0999999999999,0,1071136413,1007000,5300.0,2388074,39432.0,53.0,233076.51,699600,932800,0.377
엔시스,71918.77,1064.77,0,990309649,931000,4900.0,1562316,93688.0,34.79,126106.4,637000,808500,0.306
엔에스,11495.04,1370.88,0,1289677248,512000,3960.32,1329920,103296.0,64.0,1888.0,403200,460800,0.453
엔에프씨,37237.72,233.70000000000002,0,767645676,509200,2070.24,1248680,249736.0,38.0,24466.3,387600,509200,0.237
엔젠바이오,44306.240000000005,146.52,0,888853240,616000,4400.0,65032,-302060.0,44.0,66105.6,462000,616000,0.364
엔지스테크널러지,15219.2,678.4,0,645143296,320000,2880.0,202496,56096.0,32.0,18014.08,284800,320000,0.125
엔지켐생명과학,16038.16,821.5,0,1251173702,3472000,3432.32,1353770,-392584.0,62.0,21223.22,2790000,4340000,0.419
엔켐,97196.6,3802.55,0,1192454959,2478000,5563.110000000001,8194392,29559.0,59.0,75265.71,1770000,2065000,0.475
엔피디,11685.0,333.64,0,767612008,205200,-380.0,9852108,325812.0,38.0,1240.7,205200,239400,0.605
엘비루셈,51092.28,161.28000000000003,0,727581996,504000,1028.52,7551720,615780.0,24.12,29682.36,432000,504000,0.556
엘아이지넥스원,1937.76,344.0,16,322416032,1216000,-160.0,22402624,808864.0,16.0,75.84,1056000,1216000,0.125
엘앤씨바이오,29049.48,535.37,0,625614131,744000,749.2700000000001,554931,116343.0,31.0,30553.29,558000,620000,0.419
엘이티,47724.200000000004,931.0,0,767623636,296400,3800.0,1555454,272536.0,38.0,58982.08,243200,296400,0.447
엠로,42507.200000000004,432.14,0,1253070406,1401200,2770.7799999999997,2498724,210118.0,62.0,15500.0,1246200,1401200,0.161
엠아이텍,25046.21,22.259999999999998,0,1069599837,238500,-530.0,1194673,108703.0,26.5,46819.67,206700,238500,0.509
엠지메드,35769.5,743.0,0,1007556000,2000000,125.0,234550,10400.0,50.0,67502.5,1650000,2000000,0.28
엠코르셋,25279.649999999998,541.1999999999999,0,665963859,379500,-129.03,4101900,255981.0,26.400000000000002,1698.51,333300,379500,0.212
엠투아이,2776.5,72.0,0,909032805,702000,937.3499999999999,1112175,270135.0,11.25,7957.35,702000,850500,0.2
엠플러스,20867.0,952.0,0,705982200,630000,2012.5,981085,123970.0,28.0,35113.4,490000,560000,0.486
연우,22507.0,3621.0,0,1430728242,1789200,831.4100000000001,11981889,615570.0,71.0,48280.0,1441300,1789200,0.169
영림원소프트랩,49502.7,167.7,0,787831668,448500,2068.56,1478061,160953.0,39.0,97249.23000000001,370500,448500,0.359
영창케미칼,85662.31,313.76,0,1071697842,985800,-57.24,3220280,132818.0,43.989999999999995,36152.89,795000,985800,0.472
예스티,1348.8999999999999,3005.2999999999997,0,826199856,594500,282.90000000000003,1657343,27470.0,41.0,401.8,594500,758500,0.415
오가닉티코스메틱,34945.04,587.6,0,1048377408,208000,3263.0,7081776,1802372.0,52.0,34965.84,166400,192400,0.577
오로스테크놀로지,46620.0,1373.4399999999998,0,747778288,777000,3700.0,995337,280090.0,37.0,38251.34,629000,777000,0.243
오비고,48320.82,330.24,0,869060659,614900,1473.6100000000001,439847,-229276.0,43.0,63861.450000000004,533200,614900,0.372
오션브릿지,14212.16,247.25,0,463707623,151800,393.76000000000005,583947,80408.0,23.0,26115.120000000003,124200,151800,0.522
오스테오닉,19006.0,73.1,0,867749546,331100,4300.0,285520,66263.0,43.0,42949.69,249400,322500,0.488
오토앤,102780.0,500.4,0,1213207200,318000,3962.4000000000005,2966220,206640.0,60.0,143737.80000000002,252000,288000,0.267
오파스넷,27573.12,455.04,0,645786368,352000,2036.48,2285312,98560.0,32.0,44843.52,272000,310400,0.656
올리패스,564.57,20.400000000000002,0,1029736920,1020000,2703.0,24888,-1419075.0,51.0,21389.399999999998,1887000,2295000,0.608
올릭스,54356.64,4589.86,0,1251204516,2232000,6200.0,15128,-320168.0,62.0,52519.58,1612000,1860000,0.629
옵토팩,11922.0,84.6,0,604821600,177000,157.5,949830,-10680.0,30.0,11136.3,150000,177000,0.233
옵티팜,3688.2299999999996,452.4,0,787060014,390000,-390.0,540423,-61113.0,29.25,18076.11,390000,468000,0.513
와이더플래닛,65214.9,431.55,0,909459135,720000,2503.35,1564200,-65340.0,45.0,61109.1,540000,675000,0.333
와이엠텍,94986.64,1769.04,0,1131810960,1568000,5600.0,954072,216496.0,56.0,164615.92,1176000,1400000,0.607
와이엠티,16947.84,1026.0,0,484090248,504000,1611.3600000000001,1198536,185808.0,21.36,20197.68,396000,444000,0.542
와이팜,18722.46,368.46,0,929233626,506000,1902.56,5769734,521364.0,23.0,32757.98,446200,506000,0.457
용평리조트,1938.9,6.9,69,1391076363,483000,1971.33,9217848,272964.0,69.0,20085.9,558900,634800,0.304
우리손에프앤지,14563.2,1292.8,0,645143264,70720,2592.0,4960704,479680.0,16.0,20447.04,61920,70720,0.406
우진아이엔에스,6453.0,38.5,50,1009045700,750000,50.0,7022300,842300.0,33.5,558.5,750000,850000,0.46
원방테크,16272.0,128.0,0,808036960,2172000,-397.59999999999997,4755280,583680.0,12.0,13950.8,1720000,2172000,0.35
원준,84917.79999999999,2569.3999999999996,0,1172238406,3770000,3301.36,3713740,255896.0,58.0,94150.24,3016000,3480000,0.155
원티드랩,75195.5,549.0,0,1010540550,1750000,5000.0,732400,-458700.0,36.0,86561.5,1400000,1750000,0.28
웹스,14481.39,1106.82,0,664977192,237600,1924.8899999999999,919974,109824.0,33.0,36768.93,214500,237600,0.242
웹케시,31928.0,353.59999999999997,0,1049886500,1352000,1139.8400000000001,4008472,191308.0,52.0,492601.2,1248000,1352000,0.442
위니아에이드,61120.0,88.96,0,1294119872,1036800,-632.32,26785728,1593280.0,64.0,7120.64,908800,1036800,0.422
위더스제약,59937.780000000006,1006.88,0,1171640774,922200,5800.0,3000456,502338.0,35.96,62757.74,806200,922200,0.155
위드텍,65488.01,1152.97,0,989850470,1225000,2371.6,2844989,545321.0,49.0,58089.99,1029000,1225000,0.469
위세아이텍,19906.74,125.10000000000001,0,363603780,216000,284.94,297882,27090.0,18.0,19379.159999999996,180000,201600,0.389
위지윅스튜디오,4787.910000000001,30.509999999999998,0,544892940,297000,61.29,350703,13473.0,27.0,184.68,243000,351000,0.556
윈하이텍,27978.300000000003,3502.8,0,1268865675,522900,3795.1200000000003,3616200,448686.0,63.0,37143.54,415800,472500,0.381
윌링스,54107.50000000001,909.0,0,1009536250,625000,4120.0,2716350,214700.0,35.0,26641.500000000004,500000,625000,0.36
유니트론텍,15953.0,759.5,0,705607070,490000,2824.85,3023265,197995.0,35.0,38946.6,430500,490000,0.257
유앤아이,26418.0,280.0,0,1410577840,2100000,-315.0,1094730,108710.0,70.0,44677.5,1750000,2100000,0.2
유일로보틱스,72014.45,652.72,0,829033038,410000,4100.0,1146032,102705.0,41.0,103947.3,311600,377200,0.78
유일에너테크,47113.770000000004,2014.98,0,666937425,528000,3300.0,1551495,269412.0,23.43,22557.149999999998,363000,462000,0.485
유지인트,25104.300000000003,1058.85,0,785866107,585000,3678.87,1691742,190476.0,39.0,33436.26,483600,546000,0.128
유테크,12288.5,300.65,0,705272050,315000,1380.3999999999999,1797670,146475.0,35.0,739.9,280000,315000,0.286
유티아이,191.9,15.200000000000001,0,766495226,950000,-380.0,1476376,495406.0,-646.3800000000001,130.72,1064000,1254000,0.5
유틸렉스,32248.800000000003,1006.02,0,1089786096,2700000,1090.8,7182,-518022.0,54.0,17439.84,2052000,2700000,0.444
이노뎁,80270.43000000001,308.55,0,1030741518,918000,1189.83,3098760,84303.0,51.0,35298.12,714000,918000,0.373
이노메트리,19130.5,284.75,0,504530300,650000,1346.25,351575,29425.0,25.0,19779.0,525000,625000,0.32
이노션,16385.399999999998,3144.0,60,1209043020,4080000,-132.6,44684040,5030100.0,60.0,12247.8,3840000,4260000,0.283
이노테라피,6023.16,110.37,0,787417839,702000,909.8699999999999,7020,-117468.0,39.0,18071.43,787800,982800,0.308
이더블유케이,24701.46,1089.8999999999999,0,847174524,210000,4200.0,1199940,137046.0,31.5,48726.3,176400,210000,0.429
이루다,63192.0,374.4,0,969638688,432000,4800.0,853392,97488.0,38.400000000000006,145898.40000000002,360000,432000,0.354
이삭엔지니어링,75638.95000000001,1098.69,0,1071152313,609500,5300.0,1736227,141987.0,53.0,119890.77,503500,609500,0.528
이에스브이,1187.79,121.38,0,1027712424,510000,4335.0,1670046,114189.0,51.0,28503.899999999998,663000,765000,0.314
이엔드디,53761.12,413.54,0,929233580,662400,1213.94,2682398,284924.0,46.0,37196.52,568100,662400,0.283
이엘피,23193.28,495.44,0,887497864,880000,440.0,707476,140976.0,44.0,32478.6,748000,880000,0.295
이원다이애그노믹스,30741.39,1142.67,0,827405666,266500,1576.8600000000001,59409,-147846.0,41.0,33223.53,192700,233700,0.317
이즈미디어,3747.38,40.019999999999996,0,584951054,217500,348.0,1154432,120843.0,26.68,402.22999999999996,217500,290000,0.276
이지케어텍,54293.47,1972.25,0,989325778,602700,4900.0,2713326,176694.0,49.0,62333.38999999999,494900,602700,0.327
이지트로닉스,65831.99,144.06,0,990789996,1078000,322.90999999999997,752101,174048.0,49.0,43482.6,931000,1078000,0.429
인바이오,59599.72,353.89000000000004,0,868652073,249400,4300.0,1450648,43860.0,43.0,60808.450000000004,219300,249400,0.512
인카금융서비스,506.53,155.03,0,748147992,666000,-154.29,11137925,417656.0,25.16,935.73,851000,999000,0.297
인크로스,18207.7,225.7,0,745958147,1591000,2125.2799999999997,981018,-8510.0,22.94,38757.5,1406000,1591000,0.486
인텔리안테크놀로지스,11165.0,45.5,0,705635630,665000,-46.2,1725360,172375.0,35.0,26062.05,630000,717500,0.314
인포마크,9545.6,456.0,0,765735074,532000,2985.66,2684966,128782.0,38.0,14478.0,456000,532000,0.342
일진하이솔루스,98557.67,4121.84,67,1354130367,2298100,6700.0,7606175,1043793.0,44.89,43851.5,1721900,2298100,0.642
잇츠스킨,760.9799999999999,574.1999999999999,66,1329981048,11220000,77.88,15964344,5037846.0,66.0,14471.820000000002,13761000,16698000,0.303
자이언트스텝,109957.25,1587.3000000000002,0,1313671060,715000,6500.0,834535,-287950.0,65.0,152230.0,585000,715000,0.4
자이에스앤디,43040.48,285.59999999999997,56,1130701936,291200,1561.28,11910976,600096.0,56.0,37262.96,235200,291200,0.25
장원테크,9734.4,508.50000000000006,0,907232175,787500,1221.3,9111825,962145.0,36.0,38452.05,675000,787500,0.467
전진바이오팜,675.74,1251.2,0,928335844,460000,713.0,144256,-139886.0,46.0,1140.8,690000,782000,0.739
제너셈,16665.27,211.65,0,1027697175,535500,242.76,1641843,256428.0,51.0,40663.83,459000,535500,0.373
제노레이,37191.92,1336.19,0,827401648,943000,4082.37,1454147,119105.0,31.16,42177.520000000004,717500,840500,0.415
제노코,79886.95,1218.25,0,1111567820,1980000,4430.8,1810985,120890.0,55.0,115249.74999999999,1485000,1815000,0.309
제노포커스,48881.82,2384.96,0,1168730682,638000,5800.0,127310,6496.0,58.0,69991.5,464000,522000,0.655
제놀루션,58054.49999999999,1068.0,0,1010036200,700000,5000.0,197550,-14350.0,50.0,44733.5,600000,700000,0.34
제이앤티씨,53894.00000000001,336.0,0,1010015200,550000,-363.5,11467850,1405700.0,50.0,174.0,425000,525000,0.56
제이에스코퍼레이션,22113.600000000002,1830.8999999999999,51,1028170404,1173000,3570.0,8293008,1024437.0,51.0,24365.76,969000,1173000,0.392
제일모직,37200.0,2811.2,80,1611297440,4240000,8000.0,241476320,7704160.0,80.0,15592.0,3600000,4240000,0.175
제일전기공업,52633.240000000005,389.84,0,888849544,748000,4400.0,6430512,621588.0,22.0,61428.399999999994,660000,748000,0.386
제일홀딩스,7864.62,198.72,0,1391773470,1428300,-683.1,427558362,25653027.0,69.0,1426.23,1428300,1566300,0.478
제주맥주,108514.40000000001,437.59999999999997,0,1616842080,256000,3950.4,585360,-1116400.0,80.0,139825.6,208000,232000,0.325
제주항공,26885.57,5537.29,71,1430728526,2130000,4615.0,36255156,2272497.0,71.0,31843.5,1633000,1988000,0.31
지노믹트리,16368.0,1003.2,0,888374388,1188000,399.08000000000004,19976,-92972.0,44.0,576.4,748000,1100000,0.273
지놈앤컴퍼니,76790.34,599.28,0,1333280718,2640000,6600.0,3036,-5588154.0,59.4,77556.59999999999,2376000,2640000,0.258
지누스,2146.96,645.3100000000001,47,948978410,3290000,235.0,29222908,2049623.0,34.31,29.61,3760000,4230000,0.383
지니너스,3301.5,5.0,0,1010555400,1000000,-500.0,189700,-457600.0,50.0,8125.0,1235000,1610000,0.3
지니언스,23561.519999999997,551.0,0,766490476,513000,1843.7600000000002,783370,139004.0,38.0,35062.98,456000,513000,0.237
지아이텍,93067.65000000001,1137.6000000000001,0,909495945,630000,4500.0,773505,187425.0,33.3,133575.75,517500,589500,0.156
지앤비에스엔지니어링,52179.64,201.02,0,929707334,800400,1744.78,1950032,209484.0,46.0,68074.01999999999,657800,800400,0.348
지오엘리먼트,82305.84,776.73,0,1030766661,510000,5100.0,672180,125307.0,51.0,78409.44,387600,443700,0.255
지투파워,105507.43000000001,680.76,0,1233444461,1000400,6100.0,1777235,131882.0,50.629999999999995,123791.56999999999,823500,1000400,0.525
지티지웰니스,30300.48,135.04,0,645789472,352000,1236.48,737696,78688.0,32.0,16453.12,288000,313600,0.438
진시스템,46703.5,75.0,0,1010526300,1000000,-225.0,56750,-202050.0,50.0,17729.0,800000,1000000,0.3
진에어,21689.45,576.6999999999999,79,1593525432,2512200,0.0,56854167,3107307.0,19.75,10589.95,2117200,2512200,0.215
차백신연구소,13611.179999999998,127.38,0,1333927452,726000,419.76000000000005,5148,-411840.0,66.0,2782.56,726000,990000,0.394
창해에탄올,30066.4,3094.0,0,1047317960,431600,5200.0,3589664,774124.0,52.0,35141.08,312000,358800,0.481
천보,45446.1,805.8000000000001,0,1029700761,2040000,1593.75,4467906,755922.0,40.800000000000004,21730.59,1785000,2040000,0.314
청담글로벌,1859.25,1235.25,0,1516545225,450000,624.75,5279025,63675.0,69.0,3157.5,630000,720000,0.267
체리부로,16188.18,24.400000000000002,0,1230443444,286700,415.40999999999997,17743558,977891.0,41.480000000000004,37612.6,262300,286700,0.557
카카오게임즈,112368.28,4452.84,0,1535269160,1824000,7600.0,24501792,2531940.0,76.0,115884.8,1520000,1824000,0.303
카카오뱅크,138626.4,3622.4,80,1616864480,3120000,3015.2,64332560,9090880.0,80.0,14488.0,2640000,3120000,0.288
카카오페이,137157.6,5635.2,80,1616888240,7200000,8000.0,22749680,-2004080.0,80.0,2368.0,4800000,7200000,0.162
카페24,46416.990000000005,2960.1,0,1392434352,3933000,3329.25,8147520,-87768.0,69.0,50479.020000000004,2967000,3933000,0.406
캐리소프트,48091.16,140.4,0,1049933508,468000,1790.8799999999999,518388,-113828.0,52.0,55484.0,364000,468000,0.404
컴퍼니케이파트너스,33760.74,1084.2,0,787430397,175500,3206.58,384774,130104.0,39.0,33167.94,140400,156000,0.333
케어랩스,45786.579999999994,1969.31,0,988836072,980000,4900.0,911253,94815.0,49.0,43420.86,735000,882000,0.143
케어젠,31671.480000000003,2356.0,0,765742446,4180000,-293.74,1086192,537890.0,38.0,10001.22,3040000,3420000,0.605
케이디켐,2052.2000000000003,93.0,0,624684689,496000,-222.89000000000001,1342145,136431.0,31.0,169.26,455700,551800,0.129
케이엔제이,60647.899999999994,291.5,0,1070124325,583000,2264.69,2708671,89994.0,53.0,58548.04,445200,583000,0.472
케이옥션,116323.56,2612.7999999999997,0,1435628804,1420000,7100.0,1717632,-148248.0,56.800000000000004,99991.43,1207000,1420000,0.465
케이티비네트워크,1254.75,173.5,0,505280400,145000,99.25,1674350,894125.0,25.0,8181.5,145000,180000,0.24
켄코아에어로스페이스,5313.0,112.19999999999999,0,888813332,440000,660.0,1273228,-413996.0,36.96,11293.92,572000,660000,0.227
코난테크놀로지,96369.0,459.55,0,1314345955,1625000,2678.0,910065,96720.0,65.0,90145.9,1365000,1625000,0.215
코디엠,1432.44,90.35999999999999,0,725444244,169200,2136.96,1371780,68904.0,36.0,21599.64,169200,208800,0.611
코리아센터,2341.7400000000002,374.48,0,1251849998,1116000,1722.3600000000001,11759540,302188.0,56.42,256.06,1488000,1686400,0.145
코리아에셋투자증권,40663.38,96.75,0,868218160,430000,-43.0,7136366,236801.0,43.0,9966.54,344000,430000,0.256
코리아오토글라스,2480.24,192.20999999999998,43,866502847,473000,234.35,18478175,1095640.0,43.0,18496.02,451500,516000,0.419
코미코,30195.359999999997,1607.32,0,1048856796,676000,6419.92,2010528,372164.0,20.8,38762.880000000005,572000,676000,0.308
코스메카코리아,21774.0,1170.4,0,766119064,2052000,1224.36,3767700,191026.0,38.0,14873.199999999999,1824000,2052000,0.553
코아스템,55591.68,2671.36,0,1289640064,1024000,6400.0,831232,-404800.0,64.0,48122.24,691200,844800,0.422
코윈테크,5723.9,31.5,0,706678175,1207500,-350.0,2689120,361865.0,35.0,16.8,994000,1207500,0.257
쿠콘,84514.33,1637.6999999999998,0,1071152684,2385000,4122.34,2094878,444246.0,42.93,84604.95999999999,1643000,2120000,0.302
쿠쿠전자,35931.6,3910.8,60,1208448360,6240000,4384.8,30525480,3446400.0,60.0,10506.0,4800000,6240000,0.3
퀀타매트릭스,9278.0,229.99999999999997,0,1010060450,1275000,-88.0,40550,-3190550.0,50.0,8393.5,985000,1275000,0.34
큐리언트,36166.65,1797.24,0,1028171679,1071000,3132.93,10965,-546006.0,51.0,48923.28,918000,1071000,0.392
크래프톤,19452.0,1764.0,80,1616864800,39840000,-795.1999999999999,133634160,44501360.0,52.0,623.2,32000000,39840000,0.375
클리노믹스,28169.399999999998,116.85,0,1151468628,792300,1886.13,233757,-328320.0,57.0,19463.219999999998,621300,792300,0.351
클리오,7654.000000000001,521.0,0,1008055450,2050000,-128.0,5345700,882550.0,25.0,284.0,1820000,2050000,0.26
타이거일렉,8970.78,53.040000000000006,0,785886075,234000,-182.13,987753,105066.0,39.0,9434.88,234000,269100,0.436
태웅로직스,42024.18,103.72999999999999,0,827839610,184500,3343.96,1000154,300038.0,41.0,25359.32,151700,184500,0.317
테고사이언스,24234.690000000002,1250.5,0,825785346,553500,4100.0,258587,65436.0,41.0,25507.739999999998,430500,512500,0.22
텔콘,4560.639999999999,154.84,0,563951472,406000,-135.24,1300936,229796.0,28.0,13497.68,350000,406000,0.286
토니모리,32255.780000000002,4029.6000000000004,73,1471001830,2336000,7300.0,14975950,847822.0,73.0,56288.840000000004,1927200,2204600,0.192
툴젠,1979.1799999999998,6.7,0,1354151070,4690000,1177.19,47771,-997094.0,67.0,10996.71,6700000,8040000,0.433
트윔,74857.64,423.2,0,929711382,1012000,4600.0,839960,134136.0,46.0,104274.64000000001,818800,938400,0.196
티라유텍,47154.200000000004,452.2,0,767259178,457900,3800.0,865298,57950.0,38.0,44238.08,400900,457900,0.342
티앤알바이오팹,4891.200000000001,48.0,0,968694144,864000,-480.0,19488,-194784.0,48.0,24016.800000000003,864000,1104000,0.333
티앤엘,15589.86,18.86,0,929251520,1656000,4600.0,1502130,335156.0,46.0,51022.740000000005,1564000,1748000,0.413
티에스아이,64186.5,248.5,0,1010036100,500000,5000.0,3045900,-608750.0,37.5,81055.0,375000,475000,0.28
티엘비,60665.719999999994,280.59999999999997,0,929255844,1748000,4588.04,6860256,435758.0,40.94,71354.74,1527200,1748000,0.37
파마리서치프로덕트,37131.06,2952.9,0,1027686924,2805000,5100.0,1263015,450738.0,51.0,28611.0,2040000,2397000,0.588
파멥신,44321.28,1090.98,0,1170505018,3480000,-183.85999999999999,12122,-376014.0,58.0,18721.239999999998,2494000,3190000,0.328
파워넷,19489.8,252.78,0,665960031,214500,1827.5400000000002,4545123,201762.0,16.5,37752.0,181500,214500,0.485
파인텍,24106.32,2877.84,0,1269501471,661500,6300.0,8943984,744975.0,63.0,65628.99,567000,661500,0.667
파크시스템스,1709.86,1948.1999999999998,0,685141378,306000,755.48,519962,-24378.0,34.0,256.7,306000,374000,0.235
파티게임즈,14791.92,1624.92,0,1329313986,858000,6600.0,1784640,577368.0,66.0,48575.340000000004,693000,858000,0.242
팍스넷,32382.010000000002,223.17000000000002,0,866914443,223600,4300.0,885284,156133.0,43.0,40699.93,197800,223600,0.256
팜스빌,40385.67,274.95,0,787449858,546000,780.0,773487,187785.0,33.93,26287.559999999998,429000,546000,0.333
팬젠,17204.88,393.12,0,564488708,462000,1425.48,95200,-59360.0,28.0,30044.0,350000,462000,0.286
펄어비스,4118.4,410.52,0,1331280324,6798000,-660.0,2223540,1612050.0,66.0,28.38,5280000,6798000,0.455
펩트론,32880.73,3167.8,0,947083934,752000,4700.0,145841,-96773.0,47.0,51371.47,423000,564000,0.66
포바이포,123703.44,3719.84,0,1354768676,1139000,6700.0,937531,90718.0,60.300000000000004,252145.78999999998,737000,938000,0.358
포인트모바일,86824.2,1091.4,0,1212072180,900000,6000.0,3730860,509640.0,51.0,110578.2,780000,900000,0.283
푸드나무,40345.08,841.5,0,1029231204,1224000,4112.13,1776126,200022.0,44.37,46616.549999999996,953700,1157700,0.294
풍원정밀,87165.68,616.0,0,1132332768,851200,1841.8400000000001,2078552,33152.0,56.0,125214.88,739200,851200,0.554
퓨런티어,85983.52,620.48,0,1132332488,840000,5600.0,844592,-122080.0,56.0,150248.0,638400,767200,0.446
퓨전데이타,16922.64,590.45,0,987899829,563500,3941.07,920416,135534.0,49.0,28055.44,490000,563500,0.429
프레스티지바이오로직스,24044.15,422.5,0,1313670215,806000,-157.29999999999998,12025,-1433705.0,65.0,8193.9,565500,806000,0.508
프롬바이오,5399.73,91.35,0,1273288464,1134000,437.22,6806835,-492219.0,51.66,3039.1200000000003,1354500,1543500,0.413
프리시젼바이오,76336.26,100.44000000000001,0,1252475764,775000,6200.0,149358,-43772.0,62.0,96551.98,651000,775000,0.274
플래티어,107646.0,1207.1399999999999,0,1333913592,726000,6600.0,2598816,177210.0,66.0,164920.80000000002,561000,660000,0.288
플레이디,76242.0,453.0,0,1212018720,510000,1941.0,2082660,362280.0,60.0,51888.0,408000,462000,0.967
플리토,71379.0,1386.0,0,1272015171,1638000,1357.02,220815,-236943.0,42.84,44774.73,1197000,1449000,0.238
피씨엘,251.18,17.48,0,766468474,304000,-95.0,9234,-70832.0,38.0,76.38,399000,494000,0.421
피앤씨테크,13481.16,479.16,0,887070976,448800,344.96,1053800,215116.0,44.0,29909.879999999997,396000,448800,0.523
피엔에이치테크,66905.62,440.68,0,929669936,828000,638.94,327842,-350842.0,33.58,70322.96,644000,782000,0.261
피엔케이피부임상연구센타,54900.4,684.0,0,808036360,732000,2120.4,499960,215040.0,24.0,69084.4,644000,732000,0.475
피코그램,73609.5,648.0,0,1010555150,625000,5000.0,1213650,97850.0,50.0,76017.5,550000,625000,0.44
피피아이,38895.87,96.33000000000001,0,787457814,273000,2228.46,1486680,99411.0,39.0,44760.3,234000,273000,0.385
픽셀플러스,6451.829999999999,110.25,0,987379988,1470000,-490.0,6072913,986223.0,49.0,3336.4100000000003,1617000,1813000,0.531
필옵틱스,25240.019999999997,516.75,0,786653439,1872000,16.38,6911580,577980.0,39.0,22969.440000000002,1599000,1872000,0.615
핌스,55672.88,201.94,0,929242228,874000,484.38,1738018,255024.0,32.199999999999996,53444.64,690000,874000,0.37
핑거,98812.15999999999,859.52,0,1374288772,1088000,6800.0,4081020,215832.0,52.36,63878.52,884000,1020000,0.265
하나기술,57153.18,690.03,0,828246125,1435000,4100.0,2431054,176997.0,41.0,73886.09999999999,1271000,1435000,0.537
하나머티리얼즈,31045.5,2237.85,0,907669260,540000,2062.35,2372085,342360.0,45.0,42989.85,450000,540000,0.511
하나제약,4466.0,4.4,44,887964088,1144000,693.88,6130564,1069640.0,44.0,6490.0,1078000,1232000,0.364
하이로닉,32035.84,1452.8,0,1289037888,3264000,1606.4,858880,198144.0,64.0,14077.44,2752000,3033600,0.5
하이브,35752.0,1403.2,32,646432480,4320000,3200.0,18791168,2317568.0,32.0,19423.04,3360000,4320000,0.062
하이즈항공,2599.8500000000004,48.95,0,1108311875,990000,-550.0,1721005,170995.0,55.0,169.4,1265000,1430000,0.564
한국맥널티,3690.5,12.200000000000001,0,1229224603,488000,6100.0,1184681,325740.0,61.0,29267.190000000002,640500,701500,0.475
한국유니온제약,44111.520000000004,451.20000000000005,0,968674848,864000,1333.44,2278560,212160.0,48.0,48726.24,648000,768000,0.562
한국자산신탁,10338.27,439.53000000000003,69,1391089197,710700,-267.71999999999997,5754048,2504148.0,69.0,458.85,627900,710700,0.188
한독크린텍,60350.939999999995,473.58,0,1090308870,815400,3361.5,2139858,224910.0,54.0,39327.119999999995,718200,815400,0.426
한솔씨앤피,6163.65,268.65,0,907205715,585000,2059.65,2289285,168525.0,45.0,35542.8,585000,756000,0.222
한컴라이프케어,25558.39,199.47,61,1232859837,835700,1046.1499999999999,9262362,1689090.0,20.130000000000003,6697.8,652700,835700,0.213
한화시스템,1534.6499999999999,275.6,65,1312422345,796250,-345.15,73380125,2680730.0,16.25,1094.6,796250,910000,0.246
해성디에스,11132.71,719.8,59,1189476816,708000,2311.03,14516537,866533.0,59.0,9346.19,708000,885000,0.322
해성티피씨,76956.45,818.5500000000001,0,1030731471,663000,5100.0,781677,-77418.0,51.0,104716.77,484500,586500,0.196
해태제과식품,18521.46,1330.02,54,1088667594,815400,1380.24,37258002,230850.0,54.0,14304.599999999999,664200,815400,0.481
핸즈코퍼레이션,2017.4,60.55,35,705642070,420000,-350.0,21746830,289205.0,31.85,244.65,420000,490000,0.371
현대사료,36923.04,1404.48,0,887946444,290400,4400.0,4687408,154572.0,44.0,74360.0,250800,290400,0.341
현대에너지솔루션,1091.83,125.86999999999999,41,827835879,738000,45.510000000000005,14252543,763174.0,41.0,5193.88,984000,1148000,0.317
현대오토에버,47044.24,3409.61,59,1191229352,2832000,3380.11,86929184,0.0,5.9,20369.16,2360000,2596000,0.322
현대중공업,146869.59999999998,4247.200000000001,80,1616873360,4800000,6800.0,664814480,-34517040.0,80.0,32343.2,4160000,4800000,0.188
호전실업,1617.2,100.0,40,806808080,1000000,-80.0,11564720,901400.0,27.200000000000003,13252.0,1200000,1400000,0.625
휴네시온,35338.83,418.3,0,948497694,470000,2350.0,620071,140765.0,40.42,38903.78,408900,470000,0.234
휴메딕스,33062.399999999994,1688.6399999999999,0,966778848,1344000,2674.08,1130112,438576.0,48.0,27434.399999999998,1089600,1224000,0.208
휴젤,415.40000000000003,533.8199999999999,0,1249375888,9300000,2046.0,1442678,666996.0,62.0,5681.0599999999995,11780000,13020000,0.516
흥국에프엔비,31343.36,3001.89,0,947087929,940000,4700.0,1648948,294784.0,47.0,47075.67,681500,822500,0.574
힘스,27726.32,1044.24,0,766487360,760000,2375.0,1933288,188138.0,38.0,30245.72,589000,714400,0.342
