,cor_name,cor_rate,obligation,market_type,listed_date,offer_price,sicho_p,profit_percent,sales,profit,shares_to_pub,sub_rate,pre_demand_day,subs_day,l_exp_offer_price,h_exp_offer_price,avail_for_circul,nasdaq_score,search_amt,Trend,score
0,대성하이텍,1934.89,4.57,0,20220822,9000,-,,112579,7412,0.78,1136.4,2022-08-04,2022-08-10,7400,9000,33.45,0.008,0.024353056,0.6,0.537
1,쏘카,56.07,0.17,1,20220822,28000,-,,261824,-67745,1,14.4,2022-08-04,2022-08-11,34000,45000,14.5,0.008,0.024353056,0.6,0.68
2,에이치와이티씨,1480.78,6.08,0,20220809,15000,14700,-2,35745,7479,1,432.58,2022-07-21,2022-07-29,13000,15000,37.97,-0.001,0.024353056,0.6,0.35
3,새빗켐,1670.9,37.7,0,20220804,35000,70000,100,33389,4423,0.84,1724.96,2022-07-20,2022-07-27,25000,30000,27.88,0.026,0.024353056,0.6,0.424
4,수산인더스트리,130.37,18.94,1,20220801,35000,33000,-5.71,294111,53318,0.75,3.4,2022-07-14,2022-07-21,35000,43100,27.84,0.019,0.024353056,0.6,0.452
5,아이씨에이치,57.28,12.47,0,20220729,34000,30600,-10,24167,2428,0.88,2.51,2022-07-13,2022-07-20,34000,44000,33.73,0.011,0.024353056,0.6,0.458
6,성일하이텍,2269.68,38.66,0,20220728,50000,99900,99.8,65939,-2998,1,1207.1,2022-07-11,2022-07-19,40700,47500,29.79,0.041,0.024353056,0.6,0.385
7,루닛,7.1,1.65,0,20220721,30000,30800,2.67,1430,-83739,1,8.99,2022-07-07,2022-07-13,44000,49000,49.07,0.016,0.024353056,0.6,0.357
8,에이치피에스피,1511.36,42.54,0,20220715,25000,50000,100,61174,17658,1,1159.05,2022-06-29,2022-07-07,23000,25000,12.13,0,0.097,0.6,0.396
9,영창케미칼,1616.27,5.92,0,20220714,18600,18400,-1.08,60760,2506,0.83,682.13,2022-06-27,2022-07-05,15000,18600,35.07,-0.002,-0.001,0.6,0.472
10,코난테크놀로지,1482.6,7.07,0,20220707,25000,35300,41.2,14001,1488,1,1386.86,2022-06-21,2022-06-28,21000,25000,22.64,0.003,0.024353056,0.6,0.215
11,넥스트칩,1623.41,11.58,0,20220701,13000,17150,31.92,10383,-13496,1,1727.38,2022-06-16,2022-06-22,9900,11600,34.47,-0.013,-0.113,0.6,0.576
12,위니아에이드,955,1.39,0,20220623,16200,14600,-9.88,418527,24895,1,111.26,2022-06-09,2022-06-15,14200,16200,32.94,-0.001,-0.11,0.3,0.422
13,레이저쎌,1442.95,12.43,0,20220624,16000,20600,28.75,3879,-7665,1,1845.11,2022-06-09,2022-06-15,12000,14000,42.42,0.016,-0.137,0.3,0.545
14,범한퓨얼셀,751.39,10.75,0,20220617,40000,41000,2.5,31900,3457,1,710.37,2022-06-02,2022-06-09,32200,40000,34.01,-0.041,-0.058,0.3,0.554
15,비플라이소프트,111.05,0.76,0,20220620,10000,10500,5,24386,-3424,0.9,26.86,2022-06-02,2022-06-10,16500,19000,65.36,0.014,0.11,0.3,0.66
16,청담글로벌,24.79,16.47,0,20220603,6000,6500,8.33,70387,849,0.92,42.1,2022-05-17,2022-05-25,8400,9600,37.77,0.027,-0.043,0.3,0.267
17,가온칩스,1847.12,14.7,0,20220520,14000,24150,72.5,17098,1852,1,2183.29,2022-05-02,2022-05-12,11000,13000,26.73,-0.003,-0.134,0.3,0.34
18,대명에너지,254.74,1.18,0,20220516,15000,15450,3,159386,8132,0.8,151.58,2022-04-27,2022-05-04,15000,18000,14.51,0.038,0.269,0.3,0.446
19,포바이포,1846.32,55.52,0,20220428,17000,34000,100,13993,1354,0.9,3763.37,2022-04-14,2022-04-20,11000,14000,13.43,0,-0.01,0.3,0.358
20,지투파워,1729.63,11.16,0,20220401,16400,32800,100,29135,2162,0.83,2029.37,2022-03-17,2022-03-23,13500,16400,24.95,-0.015,0.091,0.3,0.525
21,세아메카닉스,1812.83,6.73,0,20220324,4400,8800,100,82695,4254,0.67,2475.87,2022-03-10,2022-03-16,3500,4000,27.52,-0.013,0.02,0.583,0.393
22,공구우먼,56.9,2.65,0,20220323,20000,21600,8,32683,4346,1,7.53,2022-03-07,2022-03-15,26000,31000,34.9,0.02,-0.013,0.583,0.5
23,유일로보틱스,1756.45,15.92,0,20220318,10000,20000,100,27952,2505,1,2535.3,2022-02-24,2022-03-08,7600,9200,24.68,0.013,0.504,0.583,0.78
24,모아데이타,114.19,0.87,0,20220310,20000,18000,-10,13785,2093,1,23.39,2022-02-21,2022-02-28,24000,28000,43.08,0.036,-0.062,0.583,0.765
25,비씨엔씨,1831.23,22.84,0,20220303,13000,26000,100,47343,2011,1,2686.22,2022-02-16,2022-02-22,9000,11500,20.93,0.016,0.037,0.583,0.527
26,브이씨,190.59,19.93,0,20220224,15000,17400,16,35364,4513,1,46.41,2022-02-10,2022-02-16,15000,19500,38.48,-0.026,-0.132,0.583,0.525
27,풍원정밀,1556.53,11,0,20220228,15200,20200,32.89,37117,592,1,2235.98,2022-02-10,2022-02-18,13200,15200,17.8,0.016,0.024353056,0.583,0.554
28,퓨런티어,1535.42,11.08,0,20220223,15000,30000,100,15082,-2180,1,2683,2022-02-07,2022-02-15,11400,13700,22.84,-0.012,0.284,0.583,0.446
29,바이오에프디엔씨,74.01,11.8,0,20220221,28000,25200,-10,8640,2461,1,4.74,2022-01-24,2022-02-10,23000,29000,36.22,-0.012,-0.149,0.583,0.4
30,인카금융서비스,13.69,4.19,0,20220216,18000,17250,-4.17,301025,11288,0.68,25.29,2022-01-24,2022-02-08,23000,27000,42.93,0.025,-0.172,0.583,0.297
31,나래나노텍,102,0.97,0,20220208,17500,15750,-10,82805,2273,0.77,24.36,2022-01-17,2022-01-25,17500,20500,53.64,-0.006,-0.114,0.583,0.465
32,아셈스,1618.26,7.71,0,20220207,8000,16000,100,34049,1052,1,2435.07,2022-01-17,2022-01-25,7000,8000,38.76,0.016,-0.071,0.583,0.413
33,스코넥,1724.66,59.95,0,20220204,13000,26000,100,4558,-8971,1,1751.25,2022-01-13,2022-01-21,9000,12000,27.81,-0.037,0.194,0.583,0.364
34,이지트로닉스,1343.51,2.94,0,20220204,22000,23450,6.59,15349,3552,1,887.4,2022-01-13,2022-01-21,19000,22000,44.28,-0.037,0.609,0.583,0.429
35,LG에너지솔루션,2023.37,77.38,1,20220127,300000,597000,99,1461068,-451771,0.8,69.34,2022-01-11,2022-01-19,257000,300000,6.8,0,0.024353056,0.583,0.412
36,케이옥션,1638.36,36.8,0,20220124,20000,40000,100,24192,-2088,0.8,1408.33,2022-01-06,2022-01-13,17000,20000,17.81,-0.027,0.065,0.583,0.465
37,오토앤,1713,8.34,0,20220120,5300,8800,66.04,49437,3444,1,2395.63,2022-01-05,2022-01-12,4200,4800,28.24,-0.011,0,0.583,0.267
38,래몽래인,1545.68,17.75,0,20211230,15000,26000,73.33,34650,3153,1,2054.63,2021-12-15,2021-12-21,11500,13000,44.28,-0.001,-0.037,0.6,0.273
39,케이티비네트워크,50.19,6.94,0,20211216,5800,6030,3.97,66974,35765,1,327.26,2021-11-29,2021-12-07,5800,7200,18.96,0.022,-0.177,0.6,0.24
40,툴젠,29.54,0.1,0,20211210,70000,82300,17.57,713,-14882,1,164.13,2021-11-25,2021-12-03,100000,120000,57.65,-0.017,0.301,0.6,0.433
41,마인즈랩,197.55,19.74,0,20211123,30000,29650,-1.17,11292,-20386,1,89.9,2021-11-08,2021-11-12,26000,30000,43.47,-0.013,0.015,0.6,0.207
42,알비더블유,1719.61,15.98,0,20211122,21400,42800,100,37277,3719,0.62,3706.79,2021-11-05,2021-11-12,18700,21400,30.47,0.004,-0.104,0.6,0.2
43,바이옵트로,205.12,0.98,0,20211118,7500,7300,-2.67,16115,2235,1,68.11,2021-11-03,2021-11-10,7500,8500,60.89,-0.003,-0.185,0.6,0.465
44,트윔,1627.34,9.2,0,20211117,22000,44000,100,18260,2916,1,2266.84,2021-11-02,2021-11-09,17800,20400,30.31,0.008,-0.017,0.6,0.196
45,지오엘리먼트,1613.84,15.23,0,20211111,10000,20000,100,13180,2457,1,1537.44,2021-10-28,2021-11-03,7600,8700,21.52,-0.017,0.143,0.6,0.255
46,비트나인,1662.29,5.96,0,20211110,11000,15250,38.64,11576,-10226,1,589.64,2021-10-25,2021-11-02,8700,9700,41.01,-0.006,-0.147,0.6,0.304
47,디어유,2001.11,37.46,0,20211110,26000,52000,100,13048,-2250,1,1598.15,2021-10-25,2021-11-02,18000,24000,20.19,-0.006,0.06,0.6,0.314
48,아이티아이즈,1601.14,9.11,0,20211111,14300,28600,100,51314,3015,0.93,633.61,2021-10-25,2021-11-02,12500,14300,22.29,-0.017,-0.076,0.6,0.286
49,지니너스,66.03,0.1,0,20211108,20000,18000,-10,3794,-9152,1,162.5,2021-10-21,2021-10-28,24700,32200,31.73,0.002,0.106,0.6,0.3
50,카카오페이,1714.47,70.44,1,20211103,90000,180000,100,284371,-25051,1,29.6,2021-10-20,2021-10-26,60000,90000,33.85,0.003,0.024353056,0.6,0.162
51,피코그램,1472.19,12.96,0,20211103,12500,25000,100,24273,1957,1,1520.35,2021-10-19,2021-10-26,11000,12500,30.94,0.003,0.105,0.6,0.44
52,엔켐,1647.4,64.45,0,20211101,42000,81600,94.29,138888,501,1,1275.69,2021-10-15,2021-10-22,30000,35000,33.11,0.003,-0.132,0.6,0.475
53,리파인,64.19,3.22,0,20211029,21000,18900,-10,54164,16067,1,5.95,2021-10-14,2021-10-21,21000,24000,45.86,0.014,-0.099,0.6,0.381
54,지앤비에스엔지니어링,1134.34,4.37,0,20211029,17400,24000,37.93,42392,4554,1,1479.87,2021-10-14,2021-10-20,14300,17400,48.81,0.014,-0.169,0.6,0.348
55,차백신연구소,206.23,1.93,0,20211022,11000,11700,6.36,78,-6240,1,42.16,2021-10-05,2021-10-13,11000,15000,42.07,0.006,-0.027,0.6,0.394
56,지아이텍,2068.17,25.28,0,20211021,14000,28000,100,17189,4165,0.74,2968.35,2021-10-05,2021-10-13,11500,13100,25.2,0,0.03,0.6,0.156
57,씨유테크,1565.03,22.76,0,20211008,6000,12000,100,221698,10598,0.67,1408.69,2021-09-23,2021-09-29,5100,5600,24.66,0.01,0,0.6,0.319
58,아스플로,2142.7,12.1,0,20211007,25000,36000,44,44784,6964,1,2818.08,2021-09-16,2021-09-28,19000,22000,41.73,0.005,0.333,0.6,0.609
59,원준,1464.1,44.3,0,20211007,65000,102000,56.92,64030,4412,1,1623.28,2021-09-15,2021-09-28,52000,60000,32.53,0.005,0.024353056,0.6,0.155
60,실리콘투,1437.63,8.37,0,20210929,27200,38500,41.54,99398,5716,0.94,1701,2021-09-09,2021-09-15,23800,27200,26.41,-0.028,0.034,0.375,0.481
61,프롬바이오,85.71,1.45,0,20210928,18000,19250,6.94,108045,-7813,0.82,48.24,2021-09-09,2021-09-15,21500,24500,42.33,-0.005,0,0.375,0.413
62,바이오플러스,1220.2,7.8,0,20210927,31500,39500,25.4,24367,9703,1,1206.63,2021-09-08,2021-09-14,28500,31500,52.71,0,0.076,0.375,0.274
63,에스앤디,173.11,0.01,0,20210929,28000,25200,-10,56537,7359,1,4.2,2021-09-07,2021-09-15,30000,32000,57.56,-0.028,-0.095,0.375,0.327
64,현대중공업,1835.87,53.09,1,20210917,60000,111000,85,8310181,-431463,1,404.29,2021-09-02,2021-09-08,52000,60000,10.3,0.001,0.024353056,0.375,0.188
65,와이엠텍,1696.19,31.59,0,20210910,28000,56000,100,17037,3866,1,2939.57,2021-08-25,2021-09-01,21000,25000,39.71,-0.003,-0.027,0.375,0.607
66,에이비온,139.36,4.3,0,20210908,17000,16800,-1.18,1994,-10476,1,30.66,2021-08-24,2021-08-31,14500,17000,59.59,0.001,0.327,0.375,0.306
67,일진하이솔루스,1471.01,61.52,1,20210901,34300,68600,100,113525,15579,0.67,654.5,2021-08-19,2021-08-25,25700,34300,13.85,0,0.024353056,0.375,0.642
68,브레인즈컴퍼니,1428.8,8.92,0,20210819,25000,50000,100,14829,3734,0.67,1190.39,2021-08-03,2021-08-10,20000,22500,33.56,-0.009,-0.163,0.375,0.29
69,롯데렌탈,217.63,14.65,1,20210819,59000,57500,-2.54,2100809,23307,0.5,65.81,2021-08-03,2021-08-10,47000,59000,28.32,-0.009,0.024353056,0.375,0.351
70,딥노이드,1179.07,7.29,0,20210817,42000,72000,71.43,235,-8606,1,834.86,2021-08-02,2021-08-06,31500,42000,44.21,-0.002,0.334,0.375,0.138
71,아주스틸,1776.9,16.33,1,20210820,15100,30200,100,569794,11709,0.58,1419.73,2021-08-02,2021-08-10,12700,15100,20.55,0.001,0.024353056,0.375,0.294
72,플래티어,1631,18.29,0,20210812,11000,22000,100,39376,2685,1,2498.8,2021-07-30,2021-08-05,8500,10000,28.79,-0.002,-0.048,0.375,0.288
73,엠로,685.6,6.97,0,20210813,22600,32700,44.69,40302,3389,1,250,2021-07-29,2021-08-05,20100,22600,55.55,0.003,-0.018,0.375,0.161
74,한컴라이프케어,418.99,3.27,1,20210817,13700,16050,17.15,151842,27690,0.33,109.8,2021-07-29,2021-08-06,10700,13700,29.26,-0.002,0.024353056,0.375,0.213
75,원티드랩,1503.91,10.98,0,20210811,35000,70000,100,14648,-9174,0.72,1731.23,2021-07-26,2021-08-03,28000,35000,24.75,-0.005,0.024353056,0.375,0.28
76,에이치케이이노엔,1871.36,13.49,0,20210809,59000,68100,15.42,515289,67061,0.57,388.9,2021-07-22,2021-07-30,50000,59000,25.4,-0.004,-0.201,0.375,0.145
77,카카오뱅크,1732.83,45.28,1,20210806,39000,53700,37.69,804157,113636,1,181.1,2021-07-20,2021-07-27,33000,39000,23.58,0.008,0.024353056,0.375,0.288
78,크래프톤,243.15,22.05,1,20210810,498000,448500,-9.94,1670427,556267,0.65,7.79,2021-07-14,2021-08-03,400000,498000,39.32,0.002,0.024353056,0.375,0.375
79,에브리봇,576.74,0.67,0,20210728,36700,33050,-9.95,49165,-902,0.75,159.42,2021-07-13,2021-07-20,32600,36700,34.63,-0.012,-0.008,0.375,0.34
80,맥스트,1587.01,39.13,0,20210727,15000,30000,100,1983,-8921,1,6762.75,2021-07-12,2021-07-19,11000,13000,29.77,0,0.272,0.375,0.421
81,에스디바이오센서,1143.76,12.45,1,20210716,52000,57000,9.62,73728,1399,0.58,274.02,2021-07-05,2021-07-09,45000,52000,30.56,-0.007,0.024353056,0.375,0.55
82,오비고,1123.74,7.68,0,20210713,14300,19200,34.27,10229,-5332,1,1485.15,2021-06-28,2021-07-02,12400,14300,49.45,0.002,0.168,0.375,0.372
83,아모센스,116.79,2.57,0,20210625,12400,12250,-1.21,62028,-1196,0.8,26.55,2021-06-10,2021-06-16,12400,15200,32.06,0.007,0.126,0.75,0.277
84,이노뎁,1573.93,6.05,0,20210618,18000,22200,23.33,60760,1653,1,692.12,2021-06-03,2021-06-10,14000,18000,54.28,0.009,-0.089,0.75,0.373
85,라온테크,1526.2,8.9,0,20210617,18000,20250,12.5,12632,-1432,1,779.1,2021-05-31,2021-06-08,12800,15800,54.24,-0.002,0.163,0.75,0.385
86,엘비루셈,1419.23,4.48,0,20210611,14000,18000,28.57,209770,17105,0.67,824.51,2021-05-26,2021-06-03,12000,14000,15.71,0.008,-0.142,0.75,0.556
87,에이디엠코리아,1515.98,12.35,0,20210603,3800,7600,100,10206,653,1,2345.4,2021-05-17,2021-05-26,2900,3300,19.96,0.001,-0.102,0.75,0.511
88,제주맥주,1356.43,5.47,0,20210526,3200,4780,49.38,7317,-13955,1,1747.82,2021-05-10,2021-05-14,2600,2900,31.55,0,0.204,0.75,0.325
89,삼영에스앤씨,1762.39,15.27,0,20210521,11000,22000,100,14489,633,1,2392.84,2021-05-06,2021-05-12,7800,10000,33.45,0.018,0.245,0.75,0.486
90,진시스템,934.07,1.5,0,20210526,20000,19100,-4.5,1135,-4041,1,354.58,2021-05-06,2021-05-14,16000,20000,40.82,0,-0.229,0.75,0.3
91,샘씨엔에스,1537.67,26.07,0,20210520,6500,6400,-1.54,20985,556,0.83,1104.29,2021-05-03,2021-05-11,5000,5700,22.17,0,-0.106,0.75,0.286
92,씨앤씨인터내셔널,1029.14,5.28,0,20210517,47500,47250,-0.53,81598,6637,0.6,898,2021-04-28,2021-05-07,35000,47500,23.34,0.023,-0.194,0.75,0.39
93,에이치피오,252.13,4.12,0,20210514,22200,20000,-9.91,58604,8761,0.75,95.01,2021-04-27,2021-05-04,22200,25400,25.91,0.007,0.721,0.75,0.3
94,SK아이이테크놀로지,1882.88,63.2,1,20210511,105000,210000,100,263037,63684,1,288.17,2021-04-22,2021-04-29,78000,105000,13.57,-0.025,0.024353056,0.75,0.37
95,쿠콘,1594.61,30.9,0,20210428,45000,80000,77.78,39526,8382,0.81,1596.32,2021-04-13,2021-04-20,31000,40000,40.98,-0.003,-0.067,0.75,0.302
96,해성티피씨,1508.95,16.05,0,20210421,13000,26000,100,15327,-1518,1,2053.27,2021-04-06,2021-04-13,9500,11500,19,-0.009,0.451,0.75,0.196
97,이삭엔지니어링,1427.15,20.73,0,20210421,11500,23000,100,32759,2679,1,2262.09,2021-04-06,2021-04-13,9500,11500,22.32,-0.009,-0.031,0.75,0.528
98,엔시스,1467.73,21.73,0,20210401,19000,38000,100,31884,1912,0.71,2573.6,2021-03-16,2021-03-23,13000,16500,25.65,0.015,-0.069,0.75,0.306
99,자이언트스텝,1691.65,24.42,0,20210324,11000,22000,100,12839,-4430,1,2342,2021-03-09,2021-03-16,9000,11000,28.46,-0.011,0.196,0.793,0.4
100,제노코,1452.49,22.15,0,20210324,36000,65000,80.56,32927,2198,1,2095.45,2021-03-09,2021-03-16,27000,33000,34.72,-0.011,0.121,0.793,0.309
101,라이프시맨틱스,1402.17,3.78,0,20210323,12500,25000,100,1162,-3963,1,1774.57,2021-03-08,2021-03-12,9000,12500,47.39,0.012,-0.048,0.793,0.368
102,SK바이오사이언스,1275.47,59.92,1,20210318,65000,130000,100,183938,14677,0.67,335.36,2021-03-04,2021-03-10,49000,65000,15.68,0.004,0.024353056,0.793,0.238
103,바이오다인,1364.85,8.8,0,20210317,30000,40000,33.33,4089,-2026,1,48.36,2021-03-02,2021-03-09,22500,28700,28.17,0.001,-0.072,0.793,0.222
104,싸이버원,1303.1,9.7,0,20210311,9500,18000,89.47,22372,1903,0.44,1880.43,2021-02-24,2021-03-03,7600,8300,32.86,0,0.024353056,0.793,0.392
105,프레스티지바이오로직스,369.91,6.5,0,20210311,12400,12100,-2.42,185,-22057,1,126.06,2021-02-23,2021-03-03,8700,12400,45.45,0,0.573,0.793,0.508
106,나노씨엠에스,1295.75,6.65,0,20210309,20000,33000,65,3978,-1691,1,1243.48,2021-02-22,2021-02-26,14500,18500,40.16,-0.024,-0.031,0.793,0.531
107,뷰노,1457.21,23.8,0,20210226,21000,32900,56.67,162,-5913,1,1102.7,2021-02-08,2021-02-17,15000,19500,35.52,-0.035,0.153,0.793,0.24
108,씨이랩,1371.37,12.97,0,20210224,35000,46600,33.14,7089,62,1,195.53,2021-02-08,2021-02-16,23000,31000,40.65,-0.005,0.062,0.793,0.209
109,오로스테크놀로지,1260,37.12,0,20210224,21000,42000,100,26901,7570,1,1033.82,2021-02-08,2021-02-16,17000,21000,14.3,-0.005,-0.098,0.793,0.243
110,유일에너테크,1427.69,61.06,0,20210225,16000,32000,100,47015,8164,0.71,683.55,2021-02-04,2021-02-16,11000,14000,20.95,0.01,-0.021,0.793,0.485
111,피엔에이치테크,1454.47,9.58,0,20210216,18000,20500,13.89,7127,-7627,0.73,1528.76,2021-01-28,2021-02-04,14000,17000,45.87,0.005,0.09,0.793,0.261
112,아이퀘스트,1504.02,18.7,0,20210205,11000,22000,100,13153,3650,1,2853.34,2021-01-20,2021-01-28,9200,10600,24.17,0.012,-0.024,0.793,0.432
113,와이더플래닛,1449.22,9.59,0,20210203,16000,24900,55.63,34760,-1452,1,1357.98,2021-01-18,2021-01-26,12000,15000,55.14,0.016,-0.178,0.793,0.333
114,레인보우로보틱스,1489.9,19.9,0,20210203,10000,20000,100,1694,-5497,1,1201.26,2021-01-18,2021-01-26,7000,9000,33.51,0.016,0.137,0.793,0.527
115,솔루엠,1167.55,20.79,1,20210202,17000,34000,100,913607,38483,1,1147.76,2021-01-14,2021-01-22,13700,15500,57.58,0.025,0.024353056,0.793,0.667
116,모비릭스,1407.53,5.73,0,20210128,14000,28000,100,40340,6189,1,1485.51,2021-01-14,2021-01-20,10500,14000,31.66,-0.026,-0.025,0.793,0.475
117,핑거,1453.12,12.64,0,20210129,16000,32000,100,60015,3174,0.77,939.39,2021-01-14,2021-01-22,13000,15000,48.95,0.005,-0.062,0.793,0.265
118,씨앤투스성진,1010.02,1.7,0,20210128,32000,31700,-0.94,47481,-430,1,674.04,2021-01-12,2021-01-20,26000,32000,58.41,-0.026,-0.066,0.793,0.558
119,선진뷰티사이언스,1431,17.83,0,20210127,11500,23000,100,47403,4333,0.67,1987.74,2021-01-12,2021-01-19,10100,11500,28.72,-0.001,-0.035,0.793,0.536
120,엔비티,1425.3,10.7,0,20210121,19000,38000,100,45058,744,1,4397.67,2021-01-06,2021-01-13,13200,17600,38.19,0.02,-0.025,0.793,0.377
121,석경에이티,1390.29,6.68,0,20201223,10000,20000,100,6403,1111,1,1751.58,2020-12-10,2020-12-16,8000,10000,57.57,0.005,0.075,0.655,0.448
122,프리시젼바이오,1231.23,1.62,0,20201222,12500,25000,100,2409,-706,1,1557.29,2020-12-08,2020-12-15,10500,12500,53.65,-0.001,-0.112,0.655,0.274
123,지놈앤컴퍼니,1163.49,9.08,0,20201223,40000,80000,100,46,-84669,0.9,1175.1,2020-12-07,2020-12-15,36000,40000,39.87,0.005,0.094,0.655,0.258
124,알체라,1315.61,3.88,0,20201221,10000,20000,100,3291,-11416,1,1322.58,2020-12-03,2020-12-11,8000,10000,36.66,-0.001,-0.109,0.655,0.4
125,에프앤가이드,1327.98,7.6,0,20201217,7000,14000,100,21083,3479,0.61,1353.9,2020-12-02,2020-12-09,5200,6500,39.27,0.005,-0.064,0.655,0.569
126,티엘비,1318.82,6.1,0,20201214,38000,75900,99.74,149136,9473,0.89,1551.19,2020-11-30,2020-12-04,33200,38000,23.17,-0.002,-0.07,0.655,0.37
127,인바이오,1386.04,8.23,0,20201211,5800,11600,100,33736,1020,1,1414.15,2020-11-25,2020-12-03,5100,5800,43.26,0.005,-0.066,0.655,0.512
128,퀀타매트릭스,185.56,4.6,0,20201209,25500,25050,-1.76,811,-63811,1,167.87,2020-11-25,2020-12-01,19700,25500,40.03,0.005,-0.17,0.655,0.34
129,명신산업,1195.69,30.6,1,20201207,6500,13000,100,775740,33843,0.33,1372.94,2020-11-24,2020-11-30,4900,5800,18.48,0.007,0.024353056,0.655,0.647
130,엔젠바이오,1006.96,3.33,0,20201210,14000,28000,100,1478,-6865,1,1502.4,2020-11-23,2020-12-02,10500,14000,30.35,-0.019,0.751,0.655,0.364
131,앱코,1141.02,3.64,0,20201202,24300,30150,24.07,84271,3474,0.8,978.13,2020-11-17,2020-11-24,21400,24300,42.34,0.013,-0.12,0.655,0.194
132,클리노믹스,494.2,2.05,0,20201204,13900,18500,33.09,4101,-5760,1,341.46,2020-11-17,2020-11-24,10900,13900,30.1,0.002,0.021,0.655,0.351
133,엔에프씨,979.94,6.15,0,20201202,13400,20700,54.48,32860,6572,1,643.85,2020-11-16,2020-11-24,10200,13400,35.67,0.013,-0.052,0.655,0.237
134,포인트모바일,1447.07,18.19,0,20201203,15000,30000,100,62181,8494,0.85,1842.97,2020-11-16,2020-11-24,13000,15000,33.95,0,-0.125,0.655,0.283
135,제일전기공업,1196.21,8.86,0,20201126,17000,34000,100,146148,14127,0.5,1396.1,2020-11-10,2020-11-18,15000,17000,24.24,0.005,-0.08,0.655,0.386
136,티앤엘,338.91,0.41,0,20201120,36000,72000,100,32655,7286,1,1109.19,2020-11-09,2020-11-13,34000,38000,40.75,0.009,-0.104,0.655,0.413
137,하나기술,1393.98,16.83,0,20201125,35000,70000,100,59294,4317,1,1802.1,2020-11-09,2020-11-16,31000,35000,64.34,0.013,0.024,0.655,0.537
138,에이플러스에셋어드바이저,3.66,25.4,1,20201120,7500,8100,8,269373,15385,0.41,24.75,2020-11-05,2020-11-11,10500,12300,63.51,0.009,0.024353056,0.655,0.541
139,고바이오랩,64.33,0.03,0,20201118,15000,30000,100,577,-44067,1,566.54,2020-11-03,2020-11-10,18000,23000,29.42,-0.002,-0.033,0.655,0.3
140,네패스아크,707.7,1.6,0,20201117,26500,36200,36.6,54719,4653,1,830.21,2020-11-02,2020-11-10,23400,26500,29.3,0.008,-0.138,0.655,0.216
141,교촌에프앤비,999.44,3.9,1,20201112,12300,23850,93.9,380091,29518,0.7,1318.29,2020-10-28,2020-11-04,10600,12300,17.97,0.02,0.024353056,0.655,0.286
142,소룩스,1135.7,0.8,0,20201106,10000,20000,100,71108,5794,0.82,1660.08,2020-10-23,2020-10-30,8000,10000,24.16,0.026,-0.193,0.655,0.432
143,위드텍,1336.49,23.53,0,20201030,25000,37100,48.4,58061,11129,1,1185.51,2020-10-14,2020-10-21,21000,25000,16.31,0.016,-0.147,0.655,0.469
144,센코,848.37,2.2,0,20201029,13000,13350,2.69,19835,-2411,0.82,366.42,2020-10-13,2020-10-21,10000,13000,34.56,-0.037,-0.128,0.655,0.415
145,바이브컴퍼니,1221.45,7.96,0,20201028,28000,40000,42.86,16298,-777,1,1266.22,2020-10-12,2020-10-20,23000,28000,42.98,0.006,-0.059,0.655,0.35
146,미코바이오메드,159.15,0.02,0,20201022,15000,16100,7.33,4098,-13172,1,41.74,2020-10-06,2020-10-14,12000,15000,62,-0.003,-0.007,0.655,0.48
147,하이브,1117.25,43.85,1,20201015,135000,270000,100,587224,72424,1,606.97,2020-09-24,2020-10-06,105000,135000,24.16,-0.008,0.024353056,0.655,0.062
148,넥스틴,30.25,23.3,0,20201008,75400,71100,-5.7,9394,-2625,1,13.92,2020-09-18,2020-09-25,61500,75400,42.29,0.019,-0.1,0.655,0.486
149,원방테크,406.8,3.2,0,20200924,54300,48900,-9.94,118882,14592,0.3,348.77,2020-09-08,2020-09-16,43000,54300,37.16,-0.03,0.024353056,1,0.35
150,비나텍,1098.1,22.47,0,20200923,33000,44000,33.33,42763,4405,1,1386.85,2020-09-07,2020-09-15,27000,32000,42.95,0.017,0.029,1,0.436
151,압타머사이언스,830.32,3.27,0,20200916,25000,28850,15.4,408,-3853,1,1251.29,2020-09-02,2020-09-08,20000,25000,44.82,0.012,0.359,1,0.295
152,비비씨,977.5,3.9,0,20200921,30700,27650,-9.93,19073,5653,0.79,464.19,2020-09-02,2020-09-10,27100,30700,45.1,-0.011,-0.002,1,0.417
153,핌스,1210.28,4.39,0,20200918,19000,21000,10.53,37783,5544,0.7,1161.84,2020-09-02,2020-09-10,15000,19000,49.12,-0.013,-0.166,1,0.37
154,카카오게임즈,1478.53,58.59,0,20200910,24000,48000,100,322392,33315,1,1524.8,2020-08-26,2020-09-02,20000,24000,22.66,0.027,0.53,1,0.303
155,피엔케이피부임상연구센타,1372.51,17.1,0,20200909,18300,28000,53.01,12499,5376,0.6,1727.11,2020-08-25,2020-09-01,16100,18300,25.69,-0.041,0.323,1,0.475
156,아이디피,894,7.4,0,20200824,9800,13200,34.69,23230,2916,0.79,1149.83,2020-08-06,2020-08-12,8800,9800,29.12,0.004,0.021,1,0.471
157,셀레믹스,1203.41,5.41,0,20200821,20000,24900,24.5,5141,-2256,1,1176.45,2020-08-03,2020-08-11,16100,20000,43.59,0.011,0.127,1,0.35
158,영림원소프트랩,1269.3,4.3,0,20200812,11500,17600,53.04,37899,4127,1,2493.57,2020-07-27,2020-08-04,9500,11500,60.19,-0.017,0.024353056,1,0.359
159,이루다,1316.5,7.8,0,20200806,9000,18000,100,17779,2031,0.8,3039.55,2020-07-20,2020-07-28,7500,9000,48.29,0.005,0.111,1,0.354
160,와이팜,407.01,8.01,0,20200731,11000,15550,41.36,125429,11334,0.5,712.13,2020-07-16,2020-07-22,9700,11000,23.26,0.004,0.143,1,0.457
161,이엔드디,1168.72,8.99,0,20200730,14400,18200,26.39,58313,6194,1,808.62,2020-07-14,2020-07-22,12350,14400,69.37,0.014,-0.035,1,0.283
162,엠투아이,61.7,1.6,0,20200729,15600,18850,20.83,24715,6003,0.25,176.83,2020-07-09,2020-07-17,15600,18900,38.07,-0.013,0.131,1,0.2
163,더네이쳐홀딩스,97.21,8.46,0,20200727,46000,41400,-10,235344,16142,0.83,151.9,2020-07-08,2020-07-16,45000,50000,52.24,-0.009,-0.175,1,0.175
164,제놀루션,1161.09,21.36,0,20200724,14000,28000,100,3951,-287,1,894.67,2020-07-08,2020-07-15,12000,14000,59.43,-0.023,0.033,1,0.34
165,솔트룩스,528.17,5.58,0,20200723,25000,40000,60,15335,145,1,953.53,2020-07-07,2020-07-14,24000,30000,40.14,0.002,-0.003,1,0.19
166,티에스아이,1283.73,4.97,0,20200722,10000,20000,100,60918,-12175,0.75,1621.1,2020-07-06,2020-07-14,7500,9500,37.68,-0.008,-0.048,1,0.28
167,에이프로,1090.8,10.46,0,20200716,21600,43200,100,67358,7578,1,1582.52,2020-07-02,2020-07-09,19000,21600,42.84,0.006,-0.13,1,0.262
168,신도기연,1272.9,14.51,0,20200706,16000,32000,100,48854,3189,1,955.01,2020-06-22,2020-06-26,14000,16000,35.62,0.005,-0.156,1,0.356
169,위더스제약,1033.41,17.36,0,20200703,15900,31800,100,51732,8661,0.62,1082.03,2020-06-18,2020-06-26,13900,15900,30.11,0.005,-0.245,1,0.155
170,SK바이오팜,835.66,81.15,1,20200702,49000,98000,100,1069,-142139,0.68,323.03,2020-06-17,2020-06-24,36000,49000,7.83,0.01,0.024353056,1,0.288
171,마크로밀엠브레인,1056.8,19.39,0,20200701,6800,13600,100,39075,1952,1,888.01,2020-06-15,2020-06-19,5200,6400,28.07,0.019,-0.112,1,0.194
172,엘이티,1255.9,24.5,0,20200622,7800,15600,100,40933,7172,1,1552.16,2020-06-04,2020-06-12,6400,7800,16.2,0,-0.055,0.5,0.447
173,에스씨엠생명과학,1032.17,7.7,0,20200617,17000,29500,73.53,29,-40095,1,814.91,2020-06-02,2020-06-09,14000,17000,36.63,0.017,0.44,0.5,0.275
174,드림씨아이에스,926.11,6.82,0,20200522,14900,28000,87.92,19200,3417,1,669.22,2020-05-07,2020-05-13,13000,14900,24.86,-0.01,-0.021,0.5,0.283
175,엔피디,307.5,8.78,0,20200316,5400,4860,-10,259266,8574,1,32.65,2020-02-25,2020-03-04,5400,6300,26.44,0.093,-0.032,0.455,0.605
176,플레이디,1270.7,7.55,0,20200312,8500,11250,32.35,34711,6038,1,864.8,2020-02-24,2020-03-03,6800,7700,21.73,-0.047,0.108,0.455,0.967
177,서울바이오시스,1119,10.5,0,20200306,7500,13000,73.33,368194,5857,1,942.7,2020-02-20,2020-02-27,6500,7500,34.59,-0.031,-0.06,0.455,0.545
178,제이앤티씨,1077.88,6.72,0,20200304,11000,10200,-7.27,229357,28114,1,3.48,2020-02-19,2020-02-25,8500,10500,26.9,-0.03,-0.121,0.455,0.56
179,켄코아에어로스페이스,120.75,2.55,0,20200303,10000,11500,15,28937,-9409,0.84,256.68,2020-02-17,2020-02-21,13000,15000,32.29,0.045,-0.117,0.455,0.227
180,레몬,426,6.3,0,20200228,7200,8620,19.72,31438,-2377,1,800.07,2020-02-12,2020-02-20,6200,7200,36.34,-0.046,0.192,0.455,0.178
181,서남,1228.4,5.21,0,20200220,3100,3900,25.81,4854,-1449,1,881.6,2020-02-04,2020-02-11,2700,3100,57.01,0.009,0.173,0.455,0.197
182,위세아이텍,1105.93,6.95,0,20200210,12000,13900,15.83,16549,1505,1,1076.62,2020-01-20,2020-01-30,10000,11200,57.17,-0.005,0.026,0.455,0.389
183,피피아이,997.33,2.47,0,20191226,7000,11000,57.14,38120,2549,1,1147.7,2019-12-10,2019-12-17,6000,7000,73.57,0.001,-0.033,0.273,0.385
184,메탈라이프,1288.21,22.46,0,20191224,13000,26000,100,19270,3742,1,1397.97,2019-12-09,2019-12-13,10500,13000,17.16,0.002,-0.096,0.273,0.244
185,신테카바이오,75.61,1.32,0,20191217,12000,14950,24.58,287,-3747,1,123.2,2019-12-02,2019-12-10,15000,19000,49.8,0.009,0.314,0.273,0.525
186,태웅로직스,1024.98,2.53,0,20191210,4500,8170,81.56,24394,7318,1,618.52,2019-11-21,2019-11-27,3700,4500,22.23,-0.004,-0.047,0.273,0.317
187,코리아센터,37.77,6.04,0,20191129,18000,23000,27.78,189670,4874,0.91,4.13,2019-11-18,2019-11-22,24000,27200,9.97,0.007,-0.134,0.273,0.145
188,노터스,699.46,0.59,0,20191127,20000,29750,48.75,36308,3747,1,22.31,2019-11-07,2019-11-15,17000,20000,36.22,0.002,-0.122,0.273,0.488
189,코리아에셋투자증권,945.66,2.25,0,20191120,10000,9900,-1,165962,5507,1,231.78,2019-11-04,2019-11-12,8000,10000,23.33,0.002,0.7,0.273,0.256
190,현대에너지솔루션,26.63,3.07,1,20191119,18000,18200,1.11,347623,18614,1,126.68,2019-11-04,2019-11-08,24000,28000,22.33,0.001,0.024353056,0.273,0.317
191,씨에스베어링,1246.86,4.65,0,20191121,8400,8400,0,50364,3232,0.6,699.67,2019-11-04,2019-11-12,7400,8400,26.14,-0.005,0.137,0.273,0.6
192,에스제이그룹,946.62,13.56,0,20191118,38600,43500,12.69,68630,3531,1,512.93,2019-10-31,2019-11-08,32000,38600,30.66,0.007,-0.219,0.273,0.154
193,아이티엠반도체,1078.5,15.8,0,20191107,26000,26750,2.88,228237,18159,0.91,321.09,2019-10-24,2019-10-31,23000,26000,27.65,-0.003,-0.034,0.273,0.404
194,자이에스앤디,768.58,5.1,1,20191106,5200,6650,27.88,212696,10716,1,665.41,2019-10-21,2019-10-29,4200,5200,25.65,0,0.024353056,0.273,0.25
195,한화시스템,23.61,4.24,1,20191113,12250,11600,-5.31,1128925,41242,0.25,16.84,2019-10-21,2019-11-05,12250,14000,23.09,0.003,0.024353056,0.273,0.246
196,지누스,45.68,13.73,1,20191030,70000,73500,5,621764,43609,0.73,0.63,2019-10-16,2019-10-22,80000,90000,53.61,-0.006,0.024353056,0.273,0.383
197,티라유텍,1240.9,11.9,0,20191031,12050,24100,100,22771,1525,1,1164.16,2019-10-16,2019-10-24,10550,12050,18.39,0.003,0.191,0.273,0.342
198,미디어젠,576.27,1.88,0,20191105,10600,11250,6.13,13383,-533,1,573.16,2019-10-14,2019-10-22,9400,10600,73.51,0.006,-0.101,0.273,0.5
199,캐리소프트,924.83,2.7,0,20191029,9000,12100,34.44,9969,-2189,1,1067,2019-10-14,2019-10-22,7000,9000,35.52,0.01,0.069,0.273,0.404
200,케이엔제이,1144.3,5.5,0,20191025,11000,15700,42.73,51107,1698,1,1104.68,2019-10-10,2019-10-17,8400,11000,45.73,0.008,-0.024,0.273,0.472
201,엔바이오니아,425.8,3.8,0,20191024,8200,10700,30.49,8545,648,1,910.32,2019-10-07,2019-10-15,8200,10300,49.47,0.002,-0.097,0.273,0.314
202,팜스빌,1035.53,7.05,0,20191022,14000,16800,20,19833,4815,0.87,674.04,2019-10-01,2019-10-11,11000,14000,26.53,0.009,-0.005,0.273,0.333
203,라온피플,330.36,1.5,0,20191018,14000,13300,-5,21764,6250,1,2.07,2019-10-01,2019-10-11,14000,17000,42.74,0.004,-0.162,0.273,0.333
204,아톤,810.88,9.5,0,20191017,43000,46050,7.09,28033,4096,0.8,653.96,2019-09-30,2019-10-08,30000,43000,44.06,-0.003,-0.162,0.273,0.286
205,녹십자웰빙,657.93,4.49,0,20191014,11300,11900,5.31,53883,5678,1,657.66,2019-09-24,2019-10-02,9400,11300,48.23,0.013,-0.132,0.273,0.407
206,올리패스,11.07,0.4,0,20190920,20000,30600,53,488,-27825,1,419.4,2019-08-30,2019-09-06,37000,45000,49.05,0.001,-0.102,0.333,0.608
207,한독크린텍,1117.61,8.77,0,20190905,15100,24500,62.25,39627,4165,1,728.28,2019-08-22,2019-08-28,13300,15100,43.14,0.013,-0.014,0.333,0.426
208,마니커에프앤지,1056.91,5.43,0,20190820,4000,8000,100,99419,4077,1,1216.48,2019-08-01,2019-08-08,3400,4000,23.96,0.014,0.024353056,0.333,0.733
209,에스피시스템스,1116.32,13.68,0,20190814,4900,9800,100,46873,3235,0.68,786.16,2019-07-29,2019-08-06,4300,4900,43.51,0.019,0.107,0.333,0.233
210,레이,1013.19,10.27,0,20190808,20000,25150,25.75,47565,6779,1,779.56,2019-07-22,2019-07-30,17000,20000,63.1,0.004,0.012,0.333,0.212
211,코윈테크,163.54,0.9,0,20190805,34500,31050,-10,76832,10339,1,0.48,2019-07-18,2019-07-26,28400,34500,31.33,-0.013,0.193,0.333,0.257
212,그린플러스,863.94,5.85,0,20190807,10000,11150,11.5,42151,2213,1,700.96,2019-07-18,2019-07-26,8500,10000,45.78,0.014,-0.052,0.333,0.244
213,덕산테코피아,348.63,7.17,0,20190802,19000,17100,-10,70930,18783,0.79,1.96,2019-07-17,2019-07-24,17000,19000,23.5,-0.008,-0.011,0.333,0.714
214,슈프리마아이디,1124.05,13.14,0,20190801,27000,34750,28.7,18081,3571,0.77,707.26,2019-07-16,2019-07-24,23000,27000,25.84,-0.012,0.155,0.333,0.162
215,윌링스,1082.15,18.18,0,20190725,12500,22800,82.4,54327,4294,0.7,532.83,2019-07-10,2019-07-17,10000,12500,20.8,0.008,0.01,0.333,0.36
216,대모,1103.1,15.6,0,20190724,5200,8710,67.5,51026,3119,0.79,1268.53,2019-07-09,2019-07-16,4800,5200,28.96,0.006,0.024353056,0.333,0.236
217,에이스토리,614.25,3.56,0,20190719,14300,12900,-9.79,46446,2320,1,131.51,2019-07-03,2019-07-10,11600,14300,53.25,0.003,-0.019,0.333,0.422
218,플리토,1133,22,0,20190717,26000,31600,21.54,3505,-3761,0.68,710.71,2019-07-01,2019-07-09,19000,23000,34.58,-0.004,0.033,0.333,0.238
219,세틀뱅크,1122,14.8,0,20190712,55000,49500,-10,57164,11995,0.64,309.6,2019-06-27,2019-07-05,44000,49000,51.86,-0.001,-0.087,0.333,0.328
220,아이스크림에듀,124.73,1.34,0,20190711,15900,14350,-9.75,86608,7108,1,5.7,2019-06-25,2019-07-02,15900,18000,37.06,0.007,0.26,0.333,0.261
221,에이에프더블류,866.03,13.72,0,20190701,22500,28000,24.44,30330,8713,0.53,552.22,2019-06-12,2019-06-20,19500,22500,33.63,0.005,-0.038,0.333,0.49
222,압타바이오,856.41,35.1,0,20190612,30000,50200,67.33,300,-31123,1,663.03,2019-05-28,2019-06-04,21000,25000,49.86,0,0.227,1,0.532
223,까스텔바쟉,32.53,3.86,0,20190610,12000,17000,41.67,84152,6356,0.29,3.4,2019-05-27,2019-05-31,16000,19000,47.44,0.017,-0.228,1,0.391
224,마이크로디지탈,621.48,2.29,0,20190605,23000,41050,78.48,4554,-30,1,1116.34,2019-05-20,2019-05-28,20000,23000,36.35,0.026,0.033,1,0.486
225,컴퍼니케이파트너스,865.66,27.8,0,20190523,4500,8200,82.22,9866,3336,1,850.46,2019-05-08,2019-05-14,3600,4000,19.93,-0.004,-0.083,1,0.333
226,수젠텍,75.21,3.15,0,20190528,12000,11150,-7.08,3440,-20960,1,1.48,2019-05-07,2019-05-16,12000,14000,71.16,0.001,0.017,1,0.37
227,현대오토에버,797.36,57.79,1,20190328,48000,75500,57.29,1473376,,0.1,345.24,2019-03-13,2019-03-20,40000,44000,7.58,-0.006,0.024353056,0.263,0.322
228,아모그린텍,164.22,3.05,0,20190329,9900,10300,4.04,111297,-5238,0.8,22.13,2019-03-12,2019-03-20,8800,9900,35.15,0.003,-0.017,0.263,0.436
229,지노믹트리,372,22.8,0,20190327,27000,29450,9.07,454,-2113,1,13.1,2019-03-11,2019-03-19,17000,25000,37.95,0.007,0.027,0.263,0.273
230,이지케어텍,1108.03,40.25,0,20190322,12300,24600,100,55374,3606,1,1272.11,2019-03-05,2019-03-13,10100,12300,51.05,0.014,-0.046,0.263,0.327
231,미래에셋벤처투자,441.4,3.7,0,20190315,4500,6150,36.67,54949,6305,1,1021.77,2019-02-27,2019-03-08,3700,4500,30.32,-0.002,-0.145,0.263,0.429
232,드림텍,395.96,0.8,1,20190314,13000,17350,33.46,527609,9607,0.54,562.7,2019-02-25,2019-03-05,11000,13000,14.97,0.007,0.024353056,0.263,0.4
233,에코프로비엠,988.49,45.04,0,20190305,48000,61100,27.29,289870,15159,1,273.78,2019-02-14,2019-02-22,37500,42900,32.6,-0.002,-0.037,0.263,0.512
234,천보,891.1,15.8,0,20190211,40000,52500,31.25,87606,14822,0.8,426.09,2019-01-21,2019-01-29,35000,40000,32.91,0.001,-0.013,0.263,0.314
235,이노테라피,154.44,2.83,0,20190201,18000,22200,23.33,180,-3012,1,463.37,2019-01-16,2019-01-24,20200,25200,52.13,0.014,-0.092,0.263,0.308
236,노랑풍선,978.43,12.42,0,20190130,20000,30350,51.75,83822,10436,0.74,1025.2,2019-01-15,2019-01-22,15500,19000,26,-0.008,0.039,0.263,0.304
237,웹케시,614,6.8,0,20190125,26000,31700,21.92,77086,3679,1,9473.1,2019-01-09,2019-01-17,24000,26000,59.24,0.007,0.127,0.263,0.442
238,에어부산,23.89,0.4,1,20181227,3600,4020,11.67,561657,28464,0.4,36.5,2018-12-13,2018-12-19,3600,4000,53.6,0.058,0.024353056,0.579,0.417
239,유틸렉스,597.2,18.63,0,20181224,50000,60100,20.2,133,-9593,1,322.96,2018-12-10,2018-12-14,38000,50000,42.5,-0.03,0.314,0.579,0.444
240,디케이티,771.42,3.5,0,20181221,7400,12900,74.32,117043,4611,1,780.32,2018-12-06,2018-12-13,6000,7400,28.52,-0.016,-0.062,0.579,0.533
241,에이비엘바이오,60.08,10.99,0,20181219,15000,13500,-10,71,-74734,1,0.78,2018-12-06,2018-12-12,13000,17000,49.83,0.004,0.02,0.579,0.543
242,위지윅스튜디오,177.33,1.13,0,20181220,11000,11250,2.27,12989,499,1,6.84,2018-12-06,2018-12-13,9000,13000,45,-0.022,0.244,0.579,0.556
243,머큐리,749.57,13.35,0,20181214,6100,9630,57.87,138330,4443,0.5,930.39,2018-11-29,2018-12-06,5200,6100,29.17,-0.004,0.027,0.579,0.025
244,전진바이오팜,14.69,27.2,0,20181214,10000,11550,15.5,3136,-3041,1,24.8,2018-11-28,2018-12-05,15000,17000,67.95,-0.004,-0.023,0.579,0.739
245,이노메트리,765.22,11.39,0,20181212,26000,40000,53.85,14063,1177,1,791.16,2018-11-27,2018-12-04,21000,25000,23.65,0.002,-0.069,0.579,0.32
246,티앤알바이오팹,101.9,1,0,20181128,18000,16200,-10,406,-4058,1,500.35,2018-11-12,2018-11-16,18000,23000,37.39,0,0.295,0.579,0.333
247,엠아이텍,472.57,0.42,0,20181129,4500,4050,-10,22541,2051,0.5,883.39,2018-11-12,2018-11-20,3900,4500,28.46,0.029,-0.052,0.579,0.509
248,네오펙트,338.01,0.89,0,20181128,11000,9900,-10,7288,160,1,400.8,2018-11-12,2018-11-20,10000,12500,60.82,0,-0.084,0.579,0.286
249,남화산업,822.09,6.14,0,20181129,3700,5610,51.62,14214,8543,1,858.4,2018-11-08,2018-11-16,3100,3700,11.45,0.029,-0.142,0.579,0.583
250,싸이토젠,608.85,0.7,0,20181122,17000,17800,4.71,850,-2149,1,705.49,2018-11-08,2018-11-14,13000,17000,54.92,0.009,-0.024,0.579,0.367
251,디알젬,785.43,1.05,0,20181122,6500,8470,30.31,49324,4132,1,832.96,2018-11-05,2018-11-13,5000,7000,28.57,0.009,-0.109,0.579,0.405
252,파멥신,764.16,18.81,0,20181121,60000,58100,-3.17,209,-6483,1,322.78,2018-11-05,2018-11-13,43000,55000,52.01,-0.017,-0.095,0.579,0.328
253,디자인,771.73,3.86,0,20181115,10100,20200,100,30472,2225,1,665.04,2018-11-01,2018-11-08,9000,10100,41.81,-0.009,-0.009,0.579,0.05
254,노바렉스,48.64,18.99,0,20181114,19000,25450,33.95,80854,8567,1,631.42,2018-10-30,2018-11-06,19000,24000,39.43,0,-0.081,0.579,0.431
255,셀리버리,698.98,16.8,0,20181109,25000,32000,28,2774,-15008,1,808.45,2018-10-22,2018-10-30,20000,25000,54.97,-0.005,-0.05,0.579,0.593
256,대보마그네틱,995.4,45.41,0,20181106,31000,60200,94.19,13165,3760,0.73,837.58,2018-10-18,2018-10-26,22500,25500,16.15,-0.004,-0.034,0.579,0.294
257,엘앤씨바이오,937.08,17.27,0,20181101,24000,29800,24.17,17901,3753,1,985.59,2018-10-16,2018-10-24,18000,20000,47.06,0.02,-0.122,0.579,0.419
258,노바텍,66.32,0.03,0,20181102,10000,14100,41,21284,3975,0.7,326.67,2018-10-16,2018-10-24,12500,16500,24.81,0.018,0.359,0.579,0.476
259,옵티팜,94.57,11.6,0,20181026,10000,9000,-10,13857,-1567,0.75,463.49,2018-10-11,2018-10-17,10000,12000,49.57,0.03,0.075,0.579,0.513
260,로보티즈,958.6,39.8,0,20181026,14000,28000,100,17914,1781,1,1043.92,2018-10-10,2018-10-18,9200,11300,16.79,0.03,0.22,0.579,0.306
261,에스퓨얼셀,942.85,40.5,0,20181015,16500,33000,100,20295,2789,0.67,857.78,2018-09-18,2018-10-02,10600,14000,26.42,0.023,0.098,0.579,1
262,푸드나무,791.08,16.5,0,20181004,24000,43350,80.63,34826,3922,0.87,914.05,2018-09-11,2018-09-19,18700,22700,19.27,0.003,0.065,0.579,0.294
263,하나제약,101.5,0.1,1,20181002,26000,30100,15.77,139331,24310,1,147.5,2018-09-10,2018-09-18,24500,28000,35.78,-0.001,0.024353056,0.579,0.364
264,지티지웰니스,946.89,4.22,0,20180921,11000,15250,38.64,23053,2459,1,514.16,2018-09-04,2018-09-13,9000,9800,43.03,0.01,0.07,1,0.438
265,우진아이엔에스,129.06,0.77,1,20180914,15000,15150,1,140446,16846,0.67,11.17,2018-08-30,2018-09-06,15000,17000,39.55,0.007,0.024353056,1,0.46
266,명성티엔에스,745.56,11.73,0,20180913,20000,22000,10,64575,5857,0.62,804.79,2018-08-29,2018-09-05,16100,18700,26.4,-0.002,-0.061,1,0.447
267,디지캡,979.06,4.18,0,20180907,12000,13250,10.42,16311,2045,0.62,931.79,2018-08-22,2018-08-29,8500,10500,51.35,-0.009,0.061,1,0.425
268,액트로,132.07,1.86,0,20180828,20000,20700,3.5,50659,5654,1,545.42,2018-08-09,2018-08-17,20000,24000,52.42,0.009,-0.125,1,0.632
269,에이피티씨,20.99,8.7,0,20180823,9000,9310,3.44,41122,10850,1,22.69,2018-08-07,2018-08-14,11500,13000,55.84,0.004,-0.09,1,0.523
270,오파스넷,861.66,14.22,0,20180824,11000,18000,63.64,71416,3080,1,1401.36,2018-08-06,2018-08-14,8500,9700,38.53,-0.001,0.168,1,0.656
271,바이오솔루션,174.79,5.04,0,20180820,29000,28200,-2.76,5011,-1806,1,302.62,2018-08-02,2018-08-10,24000,29000,72.3,0.001,0.156,1,0.549
272,에스에스알,928.44,41.62,0,20180806,9000,18000,100,11326,2515,1,1231.66,2018-07-19,2018-07-27,6600,7500,16.73,0.001,-0.048,1,0.229
273,휴네시온,751.89,8.9,0,20180802,10000,15000,50,13193,2995,0.86,827.74,2018-07-19,2018-07-26,8700,10000,30.53,0.005,-0.037,1,0.234
274,디아이티,105.14,6.8,0,20180807,10000,10550,5.5,85994,11909,1,11.1,2018-07-18,2018-07-26,9400,10400,24.42,0.006,-0.065,1,0.333
275,롯데정보통신,79.33,25.9,1,20180727,29800,30550,2.52,691297,20675,1,34.22,2018-07-11,2018-07-18,28300,33800,19.34,-0.01,0.024353056,1,0.364
276,한국유니온제약,918.99,9.4,0,20180726,18000,23000,27.78,47470,4420,1,1015.13,2018-07-09,2018-07-18,13500,16000,55.34,0.012,-0.044,1,0.562
277,엠코르셋,766.05,16.4,0,20180723,11500,11050,-3.91,124300,7757,0.8,51.47,2018-07-05,2018-07-13,10100,11500,52.92,-0.001,-0.214,1,0.212
278,올릭스,876.72,74.03,0,20180718,36000,72000,100,244,-5164,1,847.09,2018-07-02,2018-07-10,26000,30000,38.55,0.006,0.102,1,0.629
279,아이큐어,642.1,5.08,0,20180712,65000,58500,-10,35674,240,1,331.42,2018-06-28,2018-07-05,44000,55000,62.93,-0.005,0.024,1,0.483
280,에스브이인베스트먼트,786.73,4.7,0,20180706,7000,9000,28.57,10450,2113,1,974.23,2018-06-21,2018-06-28,5600,6300,51.71,0.011,0.014,1,0.136
281,이원다이애그노믹스,749.79,27.87,0,20180626,6500,9000,38.46,1449,-3606,1,810.33,2018-06-11,2018-06-19,4700,5700,44.62,-0.021,0.024353056,0.714,0.317
282,파워넷,590.6,7.66,0,20180607,6500,10100,55.38,137731,6114,0.5,1144,2018-05-24,2018-05-30,5500,6500,33.59,0.007,0.718,0.714,0.485
283,현대사료,839.16,31.92,0,20180601,6600,13200,100,106532,3513,1,1690,2018-05-16,2018-05-24,5700,6600,21.41,-0.003,0.061,0.714,0.341
284,세종메디칼,836.68,39.75,0,20180529,15000,23100,54,12773,3192,0.6,922.71,2018-05-14,2018-05-21,10800,13700,21.57,0.001,-0.061,0.714,0.233
285,제노레이,907.12,32.59,0,20180528,23000,45900,99.57,35467,2905,0.76,1028.72,2018-05-09,2018-05-17,17500,20500,57.2,0.001,0.165,0.714,0.415
286,케어랩스,934.42,40.19,0,20180328,20000,40000,100,18597,1935,1,886.14,2018-03-12,2018-03-20,15000,18000,12.15,-0.029,0.652,0.333,0.143
287,애경산업,24.3,8.51,1,20180322,29100,28000,-3.78,506780,21546,0.71,6.73,2018-03-07,2018-03-14,29100,34100,22.47,-0.003,0.024353056,0.333,0.377
288,린드먼아시아인베스트먼트,640.8,27.4,0,20180314,6500,13000,100,6335,2802,1,1039.51,2018-02-26,2018-03-06,5000,5500,13.21,-0.01,0.157,0.333,0.206
289,엔지켐생명과학,258.68,13.25,0,20180221,56000,87000,55.36,21835,-6332,1,342.31,2018-02-05,2018-02-09,45000,70000,77.62,-0.001,-0.033,0.333,0.419
290,오스테오닉,442,1.7,0,20180222,7700,15400,100,6640,1541,1,998.83,2018-02-01,2018-02-09,5800,7500,56.87,-0.002,0.065,0.333,0.488
291,동구바이오제약,727.7,53.41,0,20180213,16000,32000,100,87363,10923,0.93,836.67,2018-01-30,2018-02-06,12000,14500,43.99,0.016,0.038,0.333,0.5
292,아시아종묘,239.52,4.39,0,20180212,4500,4520,0.44,21313,2409,1,243.2,2018-01-29,2018-02-02,4200,5200,64.77,0.014,0.059,0.333,0.163
293,알리코제약,389.27,9.38,0,20180212,12000,18100,50.83,48127,2243,1,697.3,2018-01-25,2018-02-02,10000,13000,26.49,0.014,-0.043,0.333,0.283
294,카페24,672.71,42.9,0,20180208,57000,84500,48.25,118080,-1272,1,731.58,2018-01-23,2018-01-31,43000,57000,45.73,-0.009,-0.016,0.333,0.406
295,배럴,298.48,9.06,0,20180201,9500,10400,9.47,24247,3713,1,369.78,2018-01-15,2018-01-23,8000,9500,23.05,0.001,-0.018,0.333,1.375
296,시스웍,78.86,0.44,0,20171226,2800,3810,36.07,24178,5347,1,830.31,2017-12-08,2017-12-15,3300,3900,32.34,-0.001,-0.151,0.217,0.261
297,진에어,274.55,7.3,1,20171208,31800,31800,0,719673,39333,0.25,134.05,2017-11-23,2017-11-30,26800,31800,30.25,0.005,0.024353056,0.217,0.215
298,메카로,719.26,42.07,0,20171206,33000,43000,30.3,48134,2926,1,664.69,2017-11-21,2017-11-28,25000,30000,31.26,-0.002,-0.043,0.217,0.197
299,씨티케이코스메틱스,188.65,6.6,0,20171207,55000,49500,-10,133888,23325,1,145.75,2017-11-21,2017-11-28,46000,55000,29.43,0.002,-0.123,0.217,0.325
300,에스트래픽,605.02,13.4,0,20171205,10000,20000,100,88748,8209,1,1128.18,2017-11-20,2017-11-24,8000,10000,39.32,-0.011,0.372,0.217,0.51
301,대원,247.25,0.2,0,20171201,15000,16000,6.67,226696,36888,0.5,460.24,2017-11-16,2017-11-24,13000,15000,16.26,0.007,0.024353056,0.217,0.35
302,체리부로,265.38,0.4,0,20171204,4700,5020,6.81,290878,16031,0.68,616.6,2017-11-16,2017-11-23,4300,4700,32.69,-0.004,-0.064,0.217,0.557
303,비즈니스온커뮤니케이션,513.97,14.9,0,20171130,9000,16900,87.78,11711,2626,1,1075.91,2017-11-15,2017-11-22,8100,9000,42.69,-0.013,0,0.217,0.324
304,스튜디오드래곤,536.68,27.2,0,20171124,35000,55300,58,137052,7754,1,320.11,2017-11-09,2017-11-17,30900,35000,16.43,0.001,0.024353056,0.217,0.325
305,에스엔피월드,534.27,4.97,0,20170928,5100,5100,0,27164,3856,1,661.5,2017-09-14,2017-09-20,4300,5100,23.78,0.011,0.026408946,0.333,0.433
306,야스,28.9,7.15,0,20170929,23500,21150,-10,82982,13064,0.74,0.52,2017-09-14,2017-09-22,23500,26500,50.6,0,-0.118,0.333,0.338
307,유티아이,5.05,0.4,0,20170927,25000,22500,-10,38852,13037,-17.01,3.44,2017-09-11,2017-09-19,28000,33000,56.64,0.002,0.088,0.333,0.5
308,신흥에스이씨,482.4,33.1,0,20170927,16000,29400,83.75,90112,5552,0.5,731.42,2017-09-11,2017-09-19,11000,14000,20.22,0.002,0.005,0.333,0.378
309,엠플러스,596.2,27.2,0,20170920,18000,28350,57.5,28031,3542,0.8,1003.24,2017-09-06,2017-09-12,14000,16000,45.11,0.001,-0.032,0.333,0.486
310,샘코,19.26,0.96,0,20170915,11000,12000,9.09,28814,2044,1,207,2017-08-31,2017-09-08,14000,18000,36.31,-0.005,-0.185,0.333,0.265
311,앱클론,564.87,21.72,0,20170918,10000,20000,100,3120,-1597,1,799.09,2017-08-31,2017-09-08,8000,10000,51.27,0.003,0.426,0.333,0.477
312,펄어비스,62.4,6.22,0,20170914,103000,92700,-10,33690,24425,1,0.43,2017-08-29,2017-09-06,80000,103000,27.31,0.001,0.505,0.333,0.455
313,덕우전자,282.69,11.35,0,20170828,15500,16900,9.03,76328,10785,0.6,586.43,2017-08-09,2017-08-18,13500,15500,26.25,-0.001,-0.054,0.333,0.526
314,이더블유케이,588.13,25.95,0,20170822,5000,10000,100,28570,3263,0.75,1160.15,2017-08-03,2017-08-10,4200,5000,24.71,-0.001,-0.023,0.333,0.429
315,알에스오토메이션,656.89,61,0,20170811,6000,11950,99.17,70698,3004,1,1058.82,2017-07-24,2017-08-01,5250,6000,20.12,-0.021,0.465,0.333,0.452
316,모트렉스,357.12,11.24,0,20170804,38300,38000,-0.78,200359,15018,0.85,422.73,2017-07-20,2017-07-28,31200,38300,28.15,-0.004,-0.083,0.333,0.136
317,디앤씨미디어,539.1,33.5,0,20170801,20000,32300,61.5,18893,3012,1,563.1,2017-07-19,2017-07-25,17000,20000,12.18,-0.004,0.153,0.333,0.22
318,데이타솔루션,395.83,23.09,0,20170803,3300,6600,100,100820,3054,0.7,733.74,2017-07-18,2017-07-25,2700,3300,20.39,0,-0.002,0.333,0.396
319,지니언스,620.04,14.5,0,20170802,13500,20050,48.52,20615,3658,1,922.71,2017-07-17,2017-07-25,12000,13500,36.65,0.002,0.352,0.333,0.237
320,셀트리온헬스케어,38.06,12.5,0,20170728,41000,43650,6.46,402389,28641,1,6.95,2017-07-13,2017-07-20,32500,41000,27.35,-0.006,-0.08,0.333,0.73
321,이즈미디어,129.22,1.38,0,20170726,7500,8400,12,39808,4167,0.92,13.87,2017-07-10,2017-07-18,7500,10000,42.33,0,-0.092,0.333,0.276
322,힘스,729.64,27.48,0,20170720,20000,32500,62.5,50876,4951,1,795.94,2017-07-04,2017-07-12,15500,18800,36.71,0.006,0.046,0.333,0.342
323,브이원텍,557.47,8.3,0,20170713,17700,20100,13.56,24455,7969,0.8,754.31,2017-06-26,2017-07-04,15200,17700,34.79,0.011,0.024353056,0.333,0.351
324,제일홀딩스,113.98,2.88,0,20170630,20700,18650,-9.9,6196498,371783,1,20.67,2017-06-12,2017-06-20,20700,22700,32.84,-0.014,-0.01,0.5,0.478
325,보라티알,557.61,13.3,0,20170608,14300,18900,32.17,6963,829,1,1026.34,2017-05-23,2017-05-30,12500,14300,22.34,0.004,-0.015,0.5,0.531
326,필옵틱스,647.18,13.25,0,20170601,48000,48200,0.42,177220,14820,1,588.96,2017-05-17,2017-05-24,41000,48000,53.64,-0.001,0.063,0.5,0.615
327,하나머티리얼즈,689.9,49.73,0,20170428,12000,17500,45.83,52713,7608,1,955.33,2017-04-12,2017-04-19,10000,12000,29.71,0.004,0.002,0.5,0.511
328,넷마블게임즈,240.74,47.1,1,20170512,157000,165000,5.1,878658,60791,1,29.17,2017-04-11,2017-04-26,121000,157000,13.18,-0.002,0.024353056,0.5,0.316
329,와이엠티,706.16,42.75,0,20170427,21000,35100,67.14,49939,7742,0.89,841.57,2017-04-11,2017-04-19,16500,18500,33.3,0,0.489,0.5,0.542
330,이엘피,527.12,11.26,0,20170406,20000,22000,10,16079,3204,1,738.15,2017-03-23,2017-03-29,17000,20000,67.38,-0.006,-0.037,0.5,0.295
331,서진시스템,588.93,36.65,0,20170327,25000,40000,60,36021,6491,0.91,742.06,2017-03-13,2017-03-17,21000,25000,26.87,0.002,-0.101,0.091,0.353
332,코미코,580.68,30.91,0,20170323,13000,29050,123.46,38664,7157,0.4,745.44,2017-03-07,2017-03-15,11000,13000,29.17,0.005,-0.007,0.091,0.308
333,모바일어플라이언스,471.31,19.13,0,20170224,3500,5900,68.57,53720,1679,0.28,636.77,2017-02-13,2017-02-17,3000,3500,50.61,-0.004,0.396,0.091,0.178
334,에프엔에스테크,624.02,6.26,0,20170227,14000,17050,21.79,44578,2794,1,840.67,2017-02-09,2017-02-17,11000,13000,63.77,0.002,-0.12,0.091,0.353
335,신신제약,40.88,0.06,0,20170228,4500,6170,37.11,51614,3886,1,72.5,2017-02-08,2017-02-17,5900,6700,33.55,0.003,-0.107,0.091,0.128
336,피씨엘,6.61,0.46,0,20170223,8000,7800,-2.5,243,-1864,1,2.01,2017-02-08,2017-02-14,10500,13000,39.43,-0.001,0.004,0.091,0.421
337,호전실업,40.43,2.5,1,20170202,25000,24500,-2,289118,22535,0.68,331.3,2017-01-16,2017-01-20,30000,35000,49.67,0.005,0.024353056,0.091,0.625
338,서플러스글로벌,81.31,1.04,0,20170125,8000,8500,6.25,94114,8975,0.97,548,2017-01-12,2017-01-18,7400,9400,32.43,0.009,-0.054,0.091,0.22
339,퓨전데이타,345.36,12.05,0,20161221,11500,20750,80.43,18784,2766,1,572.56,2016-12-06,2016-12-13,10000,11500,24.82,0.005,-0.011,0.467,0.429
340,뉴파워프라즈마,501.2,7.8,0,20161130,17500,17500,0,50265,8181,1,521.29,2016-11-16,2016-11-22,15000,17000,52.15,0.002,0.007,0.467,0.568
341,핸즈코퍼레이션,57.64,1.73,1,20161202,12000,10800,-10,621338,8263,0.91,6.99,2016-11-15,2016-11-23,12000,14000,20,-0.014,0.024353056,0.467,0.371
342,오션브릿지,617.92,10.75,0,20161201,6600,7730,17.12,25389,3496,1,1135.44,2016-11-15,2016-11-22,5400,6600,32.13,-0.01,-0.062,0.467,0.522
343,삼성바이오로직스,295.63,24.63,1,20161110,136000,135000,-0.74,91278,1904946,0.67,45.34,2016-10-26,2016-11-03,113000,136000,16.37,0.011,0.024353056,0.467,0.351
344,클리오,153.08,10.42,0,20161109,41000,39950,-2.56,106914,17651,0.5,5.68,2016-10-25,2016-11-01,36400,41000,24.17,0.005,-0.019,0.467,0.26
345,오가닉티코스메틱,672.02,11.3,0,20161104,4000,6510,62.75,136188,34661,1,672.42,2016-10-20,2016-10-27,3200,3700,22.85,-0.009,-0.033,0.467,0.577
346,로고스바이오시스템스,190.16,0.53,0,20161103,25500,25500,0,3870,-250,1,208.48,2016-10-19,2016-10-27,22200,25500,34.39,-0.009,-0.139,0.467,0.226
347,인크로스,492.1,6.1,0,20161031,43000,67700,57.44,26514,-230,0.62,1047.5,2016-10-13,2016-10-21,38000,43000,30.78,-0.005,0.102,0.467,0.486
348,에이치엘사이언스,274.19,5.6,0,20161028,27000,38400,42.22,23705,3521,0.7,174,2016-10-12,2016-10-20,23900,30700,26.31,-0.007,0.024353056,0.467,0.273
349,코스메카코리아,573,30.8,0,20161028,54000,71400,32.22,99150,5027,1,391.4,2016-10-11,2016-10-19,48000,54000,28.05,-0.007,-0.068,0.467,0.553
350,인텔리안테크놀로지스,319,1.3,0,20161018,19000,18750,-1.32,49296,4925,1,744.63,2016-09-28,2016-10-07,18000,20500,45.56,-0.003,-0.124,0.467,0.314
351,에이치시티,95.67,11.6,0,20161017,17000,19500,14.71,24454,4894,1,127.28,2016-09-28,2016-10-07,19200,22500,52.87,0,-0.066,0.467,0.359
352,앤디포스,406.09,10.6,0,20161012,14500,17500,20.69,57458,13758,0.71,524.2,2016-09-26,2016-10-05,13000,14500,26.03,-0.015,-0.102,0.467,0.349
353,수산아이앤티,157.55,0.64,0,20161011,11500,11500,0,14082,4296,1,12.97,2016-09-22,2016-09-30,10500,11500,50.92,0.007,0.024353056,0.467,0.257
354,엔지스테크널러지,475.6,21.2,0,20160728,10000,19000,90,6328,1753,1,562.94,2016-07-13,2016-07-20,8900,10000,34.98,0.006,0.015,0.6,0.125
355,팍스넷,753.07,5.19,0,20160801,5200,10400,100,20588,3631,1,946.51,2016-07-11,2016-07-20,4600,5200,51.17,0.001,0.011,0.6,0.256
356,우리손에프앤지,455.1,40.4,0,20160727,2210,4000,81,155022,14990,0.5,638.97,2016-07-11,2016-07-19,1935,2210,18.46,0.002,0.049,0.6,0.406
357,옵토팩,397.4,2.82,0,20160720,5900,6210,5.25,31661,-356,1,371.21,2016-07-05,2016-07-12,5000,5900,63.46,-0.004,-0.139,0.6,0.233
358,장원테크,216.32,11.3,0,20160715,17500,22250,27.14,202485,21381,0.8,854.49,2016-07-04,2016-07-08,15000,17500,33.6,0.006,0.024353056,0.6,0.467
359,한국자산신탁,149.83,6.37,1,20160713,10300,9900,-3.88,83392,36292,1,6.65,2016-06-23,2016-07-01,9100,10300,29.31,0.007,0.024353056,0.6,0.188
360,바이오리더스,352.2,6.5,0,20160707,15000,17100,14,1167,-5429,1,1222.58,2016-06-22,2016-06-28,11000,15000,66.99,0.008,-0.094,0.6,0.367
361,피앤씨테크,306.39,10.89,0,20160704,10200,11000,7.84,23950,4889,1,679.77,2016-06-16,2016-06-23,9000,10200,41.19,0.004,0.043,0.6,0.523
362,해성디에스,188.69,12.2,1,20160624,12000,16700,39.17,246043,14687,1,158.41,2016-06-09,2016-06-16,12000,15000,55.72,0.016,0.024353056,0.8,0.322
363,에스티팜,717.41,60.03,0,20160623,29000,47000,62.07,138052,25189,1,236.85,2016-06-09,2016-06-16,24000,27000,32.58,-0.002,0.07,0.8,0.4
364,녹십자랩셀,733.72,51.66,0,20160623,18500,37000,100,34489,2260,1,79976,2016-06-08,2016-06-16,13600,15900,33.96,-0.002,0.102,0.8,0.4
365,용평리조트,28.1,0.1,1,20160527,7000,9000,28.57,133592,3956,1,291.1,2016-05-10,2016-05-18,8100,9200,30.26,0.001,0.024353056,0.8,0.304
366,해태제과식품,342.99,24.63,1,20160511,15100,18960,25.56,689963,4275,1,264.9,2016-04-21,2016-04-28,12300,15100,23.24,0.013,0.024353056,0.8,0.481
367,레이언스,430.31,20.7,0,20160411,25000,23700,-5.2,77943,3217,1,328.14,2016-03-24,2016-03-31,22000,25000,30.84,0,-0.033,0.8,0.528
368,씨엠에스에듀,302.17,28.83,0,20160407,23200,26800,15.52,38273,6408,1,185.81,2016-03-24,2016-03-30,19000,23200,22.76,0.016,-0.095,0.8,0.472
369,대림씨엔에스,85.25,15.9,1,20160330,27700,24950,-9.93,257906,19318,1,25.5,2016-03-15,2016-03-22,23500,27700,27.15,0.017,0.024353056,0.282,0.214
370,팬젠,614.46,14.04,0,20160311,16500,24900,50.91,3400,-2120,1,1073,2016-02-23,2016-03-03,12500,16500,56.55,-0.003,0.092,0.282,0.286
371,에이피위성통신,271.55,7.8,0,20160304,9700,12400,27.84,34571,7042,1,869.66,2016-02-15,2016-02-24,8700,9700,40.9,0.001,0.024353056,0.282,0
372,큐리언트,709.15,35.24,0,20160229,21000,33900,61.43,215,-10706,1,959.28,2016-02-15,2016-02-19,18000,21000,39.1,0.002,-0.179,0.282,0.392
373,안트로젠,531.1,30.6,0,20160215,24000,38000,58.33,1834,-1416,1,1442.55,2016-01-27,2016-02-02,17000,22000,41.82,0.017,0.04,0.282,0.794
374,제이에스코퍼레이션,433.6,35.9,1,20160204,23000,39100,70,162608,20087,1,477.76,2016-01-20,2016-01-27,19000,23000,16.22,-0.003,0.024353056,0.282,0.392
375,아이엠텍,112.3,25,0,20160203,7500,8500,13.33,46553,5180,1,138.9,2016-01-20,2016-01-27,6500,7500,41.27,-0.022,-0.025,0.282,0.558
376,유니트론텍,455.8,21.7,0,20160202,14000,25300,80.71,86379,5657,1,1112.76,2016-01-14,2016-01-22,12300,14000,55.94,0.001,0.093,0.282,0.257
377,한솔씨앤피,136.97,5.97,0,20160127,13000,18950,45.77,50873,3745,1,789.84,2016-01-13,2016-01-20,13000,16800,38.66,0.011,0.026408946,0.282,0.222
378,코리아오토글라스,57.68,4.47,1,20151229,11000,11600,5.45,429725,25480,1,430.14,2015-12-14,2015-12-22,10500,12000,31.08,-0.001,0.024353056,0.333,0.419
379,코디엠,39.79,2.51,0,20151229,4700,7490,59.36,38105,1914,1,599.99,2015-12-10,2015-12-16,4700,5800,27.64,-0.001,0.026408946,0.333,0.611
380,이에스브이,23.29,2.38,0,20151224,10000,18500,85,32746,2239,1,558.9,2015-12-10,2015-12-16,13000,15000,28.58,0.009,0.026408946,0.333,0.314
381,잇츠스킨,11.53,8.7,1,20151228,170000,172000,1.18,241884,76331,1,219.27,2015-12-10,2015-12-18,208500,253000,9.35,0.001,0.024353056,0.333,0.303
382,아진산업,11.61,8.7,0,20151222,6500,7620,17.23,134258,15665,1,0.47,2015-12-09,2015-12-15,6500,7500,42.36,0.009,0.026408946,0.333,0.459
383,휴젤,6.7,8.61,0,20151224,150000,199500,33,23269,10758,1,91.63,2015-12-09,2015-12-16,190000,210000,46.1,0.009,0.026408946,0.333,0.516
384,한국맥널티,60.5,0.2,0,20151223,8000,16000,100,19421,5340,1,479.79,2015-12-08,2015-12-15,10500,11500,23.83,0.006,0.026408946,0.333,0.475
385,덱스터,255.31,33.1,0,20151222,14000,24800,77.14,18665,2862,1,500.76,2015-12-08,2015-12-15,11000,14000,29.13,0.009,0.026408946,0.333,0.267
386,메가엠디,16.67,7.5,0,20151218,3000,5020,67.33,61775,5146,1,280.82,2015-12-07,2015-12-11,3600,4600,30.54,-0.014,0.026408946,0.333,0.633
387,씨트리,4.7,0.6,0,20151221,6500,9250,42.31,17164,305,1,199.96,2015-12-07,2015-12-11,8300,10200,71.75,-0.016,0.026408946,0.333,0.217
388,파크시스템스,50.29,57.3,0,20151217,9000,11000,22.22,15293,-717,1,7.55,2015-12-03,2015-12-10,9000,11000,52.79,0.015,0.026408946,0.333,0.235
389,예스티,32.9,73.3,0,20151216,14500,15500,6.9,40423,670,1,9.8,2015-12-02,2015-12-09,14500,18500,40.47,0.009,0.026408946,0.333,0.415
390,뉴트리바이오텍,93.92,28.32,0,20151216,21000,23000,9.52,45409,2388,1,2.38,2015-12-01,2015-12-08,21000,24000,41.41,0.009,0.026408946,0.333,0.392
391,엔에스,179.61,21.42,0,20151207,8000,12950,61.88,20780,1614,1,29.5,2015-11-16,2015-11-25,6300,7200,36.84,0.021,0.026408946,0.333,0.453
392,세진중공업,8.89,26.5,1,20151130,3500,3495,-0.14,567935,17912,1,2.29,2015-11-12,2015-11-20,3500,3900,30.43,0.002,0.024353056,0.333,0.364
393,미래테크놀로지,117.3,5.7,0,20151201,16100,14950,-7.14,17388,3897,1,1.5,2015-11-12,2015-11-20,14300,16100,25.36,-0.004,0.026408946,0.333,0.104
394,엠지메드,715.39,14.86,0,20151120,40000,41000,2.5,4691,208,1,1350.05,2015-11-05,2015-11-12,33000,40000,38.95,0,0.026408946,0.333,0.28
395,매직마이크로,75.03,1.33,0,20151119,5500,5420,-1.45,53279,3413,1,36.57,2015-11-05,2015-11-11,5200,6400,45.49,0.018,0.026408946,0.333,0.026
396,케이디켐,66.2,3,0,20151119,16000,14850,-7.19,43295,4401,1,5.46,2015-11-04,2015-11-11,14700,17800,28.06,0.018,0.026408946,0.333,0.129
397,하이즈항공,47.27,0.89,0,20151125,18000,16200,-10,31291,3109,1,3.08,2015-11-04,2015-11-13,23000,26000,44.36,0,0.026408946,0.333,0.564
398,리드,42.89,7,0,20151120,5100,4590,-10,40483,2004,1,45.64,2015-11-04,2015-11-12,4500,5100,67.33,0,0.026408946,0.333,0.412
399,네오오토,113.08,3.54,0,20151118,12000,11800,-1.67,108776,6831,1,34.44,2015-11-02,2015-11-10,11400,12800,25.24,0,0.026408946,0.333,0.5
400,아이진,408.1,7.5,0,20151116,13500,12900,-4.44,27546,-2926,1,267.72,2015-10-29,2015-11-05,12000,13500,64.5,-0.015,0.026408946,0.333,0.214
401,나무가,108.34,3.62,0,20151112,37000,33400,-9.73,218331,1822,1,0.91,2015-10-28,2015-11-04,32000,37000,26.53,-0.003,0.026408946,0.333,0.175
402,유앤아이,377.4,4,0,20151112,30000,28650,-4.5,15639,1553,1,638.25,2015-10-28,2015-11-03,25000,30000,60.47,-0.003,0.026408946,0.333,0.2
403,케어젠,833.46,62,0,20151117,110000,101500,-7.73,28584,14155,1,263.19,2015-10-27,2015-11-05,80000,90000,17.78,0.012,0.026408946,0.333,0.605
404,금호에이치티,46.05,8,1,20151111,10000,9500,-5,175222,13520,1,32.87,2015-10-27,2015-11-03,12700,15700,51.58,-0.002,0.024353056,0.333,0.724
405,제주항공,378.67,77.99,1,20151106,30000,49500,65,510636,32007,1,448.5,2015-10-21,2015-10-29,23000,28000,16.74,-0.003,0.024353056,0.333,0.31
406,더블유게임즈,413.82,14.66,0,20151104,65000,65100,0.15,71257,27908,1,241.18,2015-10-19,2015-10-27,51000,61000,37.43,0.004,0.026408946,0.333,0.848
407,연우,317,51,0,20151102,25200,28150,11.71,168759,8670,1,680,2015-10-15,2015-10-23,20300,25200,24.13,-0.004,0.026408946,0.333,0.169
408,에이티젠,695.7,40.6,0,20151023,17000,34000,100,1678,-6031,1,1166.97,2015-10-07,2015-10-15,12500,14500,54.57,0.017,0.026408946,0.333,0.566
409,에치디프로,362.84,6.21,0,20151013,8900,9580,7.64,66063,2664,1,843.36,2015-09-23,2015-10-02,7800,8900,27.56,0.002,0.026408946,0.333,0.111
410,엘아이지넥스원,121.11,21.5,1,20151002,76000,68400,-10,1400164,50554,1,4.74,2015-09-17,2015-09-23,66000,76000,21.05,0.001,0.024353056,0.333,0.125
411,타이거일렉,230.02,1.36,0,20150925,6000,5720,-4.67,25327,2694,1,241.92,2015-09-10,2015-09-17,6000,6900,25.4,-0.004,0.026408946,0.692,0.436
412,동일제강,309.7,3.1,1,20150924,3000,3870,29,122158,6315,1,789.49,2015-09-10,2015-09-18,2700,3300,31.38,-0.001,0.024353056,0.692,0.523
413,제너셈,326.77,4.15,0,20150925,10500,11000,4.76,32193,5028,1,797.33,2015-09-09,2015-09-16,9000,10500,44.68,-0.004,0.026408946,0.692,0.373
414,인포마크,251.2,12,0,20150923,14000,25000,78.57,70657,3389,1,381,2015-09-09,2015-09-16,12000,14000,41.8,-0.015,0.026408946,0.692,0.342
415,아이콘트롤스,272.96,29.1,1,20150924,32000,31650,-1.09,131222,4580,1,280.11,2015-09-08,2015-09-16,28000,32000,29.64,-0.001,0.024353056,0.692,0.333
416,웹스,438.83,33.54,0,20150824,7200,11400,58.33,27878,3328,1,1114.21,2015-08-05,2015-08-13,6500,7200,38.03,-0.035,0.026408946,0.692,0.242
417,에이제이네트웍스,197.15,20.06,1,20150821,34300,30900,-9.91,194185,18461,1,83.3,2015-08-04,2015-08-11,30200,34300,16.97,-0.028,0.024353056,0.692,0.133
418,파인텍,382.64,45.68,0,20150817,10500,21000,100,141968,11825,1,1041.73,2015-07-28,2015-08-05,9000,10500,46.58,0.003,0.026408946,0.692,0.667
419,흥국에프엔비,666.88,63.87,0,20150807,20000,40000,100,35084,6272,1,1001.61,2015-07-22,2015-07-30,14500,17500,24.23,-0.016,0.026408946,0.692,0.574
420,아시아경제신문사,280.85,15.82,0,20150731,3600,3240,-10,32652,4325,1,12.31,2015-07-15,2015-07-23,3200,3600,35.51,0.003,0.026408946,0.692,0
421,아이쓰리시스템,768,37.6,0,20150730,36000,63000,75,30914,5314,1,1506.57,2015-07-14,2015-07-21,28500,31500,29.74,0.004,0.026408946,0.692,0.119
422,로지시스,345.68,13.28,0,20150729,2500,4180,67.2,32026,1745,1,396.82,2015-07-13,2015-07-21,2000,2500,27.95,0.01,0.026408946,0.692,0.353
423,파마리서치프로덕트,728.06,57.9,0,20150724,55000,110000,100,24765,8838,1,561,2015-07-08,2015-07-16,40000,47000,23.81,-0.005,0.026408946,0.692,0.588
424,펩트론,699.59,67.4,0,20150722,16000,32000,100,3103,-2059,1,1093.01,2015-07-06,2015-07-14,9000,12000,57.8,-0.002,0.026408946,0.692,0.66
425,이노션,273.09,52.4,1,20150717,68000,66500,-2.21,744734,83835,1,204.13,2015-07-01,2015-07-09,64000,71000,21.14,0.013,0.024353056,0.692,0.283
426,토니모리,441.86,55.2,1,20150710,32000,64000,100,205150,11614,1,771.08,2015-06-24,2015-07-02,26400,30200,11.72,0.003,0.024353056,0.692,0.192
427,미래에셋생명보험,40.3,2.07,1,20150708,7500,7400,-1.33,3928349,121030,1,38.01,2015-06-22,2015-06-30,8200,10000,47.32,0.001,0.024353056,0.692,0.36
428,민앤지,728.82,45.4,0,20150630,28000,56000,100,17677,5284,1,1107.81,2015-06-17,2015-06-23,21200,24000,45.68,-0.024,0.026408946,0.333,0.283
429,동운아나텍,101.68,7.08,0,20150630,10000,12500,25,44453,5747,1,47.76,2015-06-16,2015-06-23,10000,12000,64.58,-0.024,0.026408946,0.333,0.319
430,유테크,351.1,8.59,0,20150630,9000,12550,39.44,51362,4185,1,21.14,2015-06-15,2015-06-19,8000,9000,45.32,-0.024,0.026408946,0.333,0.286
431,코아스템,868.62,41.74,0,20150626,16000,32000,100,12988,-6325,1,751.91,2015-06-11,2015-06-18,10800,13200,47.6,-0.002,0.026408946,0.333,0.422
432,에스엔텍,189.14,19.88,0,20150626,6500,10000,53.85,32465,3473,1,22.9,2015-06-10,2015-06-18,5600,6300,42.33,-0.002,0.026408946,0.333,0.421
433,경보제약,524.56,34.44,1,20150629,15000,30000,100,169781,8636,1,263.87,2015-06-10,2015-06-19,13000,15000,23.73,-0.006,0.024353056,0.333,0.259
434,세미콘라이트,187.7,4.5,0,20150625,11300,11500,1.77,48137,6246,1,143.52,2015-06-09,2015-06-17,11300,13700,52.31,-0.007,0.026408946,0.333,0.316
435,에스케이디앤디,570.59,36.7,1,20150623,26000,52000,100,174859,19121,1,574.68,2015-06-04,2015-06-11,20200,24300,17.37,0.007,0.024353056,0.333,0.25
436,싸이맥스,238.72,2.93,0,20150617,16300,15200,-6.75,54714,5993,1,178.03,2015-05-28,2015-06-05,14300,16300,56.88,0.005,0.026408946,0.333,0.256
437,픽셀플러스,131.67,2.25,0,20150612,30000,27000,-10,123937,20127,1,68.09,2015-05-26,2015-06-03,33000,37000,70.14,0.001,0.026408946,0.333,0.531
438,제노포커스,842.79,41.12,0,20150529,11000,22000,100,2195,112,1,1206.75,2015-05-13,2015-05-19,8000,9000,38.85,-0.002,0.026408946,0.333,0.655
439,유지인트,643.7,27.15,0,20150413,15000,29150,94.33,43378,4884,1,857.34,2015-03-26,2015-04-03,12400,14000,38.38,0.004,0.026408946,0.333,0.128
440,NS쇼핑,302.59,15.66,1,20150327,235000,211500,-10,347135,54619,1,236.82,2015-03-09,2015-03-17,205000,235000,42.8,-0.003,0.024353056,0.484,0.292
441,세화아이엠씨,216.35,10.45,1,20150319,16300,18100,11.04,220665,4108,1,731.79,2015-03-03,2015-03-11,14500,16300,48.35,0.009,0.024353056,0.484,0.458
442,넥스트엔터테인먼트월드,214.69,9.59,0,20141223,16300,15800,-3.07,122061,12028,1,33.55,2014-12-09,2014-12-16,12700,16300,29.04,0.003,0.026408946,0.4,0.078
443,아스트,74.59,5.74,0,20141224,9500,8550,-10,60885,-6517,1,4.11,2014-12-09,2014-12-16,7000,10000,54.04,-0.003,0.026408946,0.4,0.364
444,휴메딕스,688.8,35.18,0,20141226,28000,43600,55.71,23544,9137,1,571.55,2014-12-08,2014-12-16,22700,25500,51.47,0.002,0.026408946,0.4,0.208
445,제일모직,465,35.14,1,20141218,53000,106000,100,3018454,96302,1,194.9,2014-12-03,2014-12-11,45000,53000,14.68,0.021,0.024353056,0.4,0.175
446,하이로닉,500.56,22.7,0,20141217,51000,63800,25.1,13420,3096,1,219.96,2014-12-02,2014-12-09,43000,47400,33.76,-0.012,0.026408946,0.4,0.5
447,디티앤씨,559.02,74.3,0,20141217,18500,30000,62.16,20236,4519,1,620.63,2014-12-02,2014-12-09,14500,18500,18.63,-0.012,0.024353056,0.4,0.475
448,에이디테크놀로지,33.19,7.53,0,20141216,15000,13500,-10,42419,3042,1,12.4,2014-12-01,2014-12-05,16000,18000,47.95,-0.01,0.026408946,0.4,0.514
449,알테오젠,409.2,14.4,0,20141212,26000,25150,-3.27,5527,1606,1,564.78,2014-11-27,2014-12-03,23000,26000,45.65,0.005,0.026408946,0.4,0.443
450,비씨월드제약,356.75,26.6,0,20141215,15700,18100,15.29,30375,3454,1,681,2014-11-26,2014-12-04,12000,15700,34.51,-0.012,0.026408946,0.4,0.434
451,에프엔씨엔터테인먼트,185.35,9.91,0,20141204,28000,25200,-10,24838,1691,1,577.37,2014-11-18,2014-11-25,24000,28000,26.74,0.004,0.026408946,0.4,0.262
452,씨에스윈드,109.3,1.79,1,20141127,43500,39150,-10,296488,26861,1,66.4,2014-11-13,2014-11-20,31000,43500,27.59,0.006,0.024353056,0.4,0.235
453,텔콘,162.88,5.53,0,20141124,14500,13800,-4.83,46462,8207,1,482.06,2014-11-10,2014-11-14,12500,14500,24.95,0.002,0.026408946,0.4,0.286
454,디에이테크놀로지,55.28,1.81,0,20141119,6600,7800,18.18,28863,2081,1,488.77,2014-11-05,2014-11-11,6600,8500,48.41,0.007,0.026408946,0.4,0.312
455,파티게임즈,224.12,24.62,0,20141121,13000,26000,100,27040,8748,1,735.99,2014-11-04,2014-11-12,10500,13000,17.14,0.006,0.026408946,0.4,0.242
456,삼성SDS,651.5,48.11,1,20141114,190000,380000,100,7046833,325983,1,134.19,2014-10-29,2014-11-06,150000,190000,33.96,0.001,0.024353056,0.4,0.388
457,테고사이언스,591.09,30.5,0,20141106,13500,27000,100,6307,1596,1,622.14,2014-10-22,2014-10-29,10500,12500,36.11,-0.001,0.026408946,0.4,0.22
458,슈피겐코리아,255.6,30.86,0,20141105,27500,37100,34.91,54240,9495,1,360.12,2014-10-20,2014-10-28,22500,27500,25.38,-0.003,0.026408946,0.4,0.339
459,데브시스터즈,651.66,29.98,0,20141006,53000,71000,33.96,61303,22326,1,285.28,2014-09-18,2014-09-25,43000,50000,31.78,0.01,0.026408946,0.4,0.621
460,쿠쿠전자,598.86,65.18,1,20140806,104000,180000,73.08,508758,57440,1,175.1,2014-07-23,2014-07-30,80000,104000,10.22,-0.007,0.024353056,1,0.3
461,신화콘텍,441.99,10.37,0,20140808,9100,8190,-10,51059,6446,1,99.3,2014-07-21,2014-07-31,8100,9100,27.26,-0.005,0.026408946,1,0.667
462,덕신하우징,650.72,59.86,0,20140801,13000,21650,66.54,104434,11718,1,899.07,2014-07-15,2014-07-24,9600,11000,30.44,-0.021,0.026408946,1,0.375
463,창해에탄올,578.2,59.5,0,20140730,8300,16600,100,69032,14887,1,675.79,2014-07-14,2014-07-22,6000,6900,28.3,0,0.026408946,1,0.481
464,윈하이텍,444.1,55.6,0,20140725,8300,13300,60.24,57400,7122,1,589.58,2014-07-10,2014-07-17,6600,7500,28.19,0,0.026408946,1,0.381
