,cor_name,market_type,listed_date,offer_price,sicho_p,profit_percent,first_p
0,오픈엣지테크놀로지,kosdaq,20220926,-,-,%,예정
1,IBKS스팩19호,kosdaq,20220826,2000,2095,4.75%,2095
2,신영스팩8호,kosdaq,20220826,2000,2105,5.25%,2105
3,대성하이텍,kosdaq,20220822,9000,13000,44.44%,14600
4,쏘카(유가),kospi,20220822,28000,28000,0%,26300
5,에이치와이티씨,kosdaq,20220809,15000,14700,-2%,15850
6,유안타스팩9호,kosdaq,20220804,2000,2090,4.5%,2090
7,새빗켐,kosdaq,20220804,35000,70000,100%,72500
8,수산인더스트리(유가),kospi,20220801,35000,33000,-5.71%,32500
9,신한스팩10호,kosdaq,20220729,2000,2150,7.5%,2145
10,아이씨에이치,kosdaq,20220729,34000,30600,-10%,27000
11,성일하이텍,kosdaq,20220728,50000,99900,99.8%,88200
12,에이프릴바이오,kosdaq,20220728,16000,19500,21.88%,21850
13,IBKS스팩18호,kosdaq,20220722,2000,2185,9.25%,2145
14,루닛,kosdaq,20220721,30000,30800,2.67%,40000
15,에이치피에스피,kosdaq,20220715,25000,50000,100%,43250
16,대신밸런스12호스팩,kosdaq,20220714,2000,2170,8.5%,2135
17,영창케미칼,kosdaq,20220714,18600,18400,-1.08%,16450
18,코난테크놀로지,kosdaq,20220707,25000,35300,41.2%,30600
19,넥스트칩,kosdaq,20220701,13000,17150,31.92%,14300
20,삼성스팩6호,kosdaq,20220630,2000,4000,100%,5200
21,NH스팩23호,kosdaq,20220628,2000,2085,4.25%,2090
22,교보스팩12호,kosdaq,20220624,2000,2075,3.75%,2070
23,보로노이,kosdaq,20220624,40000,36000,-10%,29350
24,레이저쎌,kosdaq,20220624,16000,20600,28.75%,17350
25,KB스팩21호,kosdaq,20220623,2000,2100,5%,2100
26,위니아에이드,kosdaq,20220623,16200,14600,-9.88%,11000
27,비플라이소프트,kosdaq,20220620,10000,10500,5%,9050
28,범한퓨얼셀,kosdaq,20220617,40000,41000,2.5%,47950
29,청담글로벌,kosdaq,20220603,6000,6500,8.33%,7640
30,마스턴프리미어리츠(유가),kospi,20220531,5000,5750,15%,6010
31,하나금융스팩22호,kosdaq,20220526,2000,2160,8%,2155
32,가온칩스,kosdaq,20220520,14000,24150,72.5%,27100
33,대명에너지,kosdaq,20220516,15000,15450,3%,13950
34,상상인스팩3호,kosdaq,20220429,2000,2155,7.75%,2150
35,신영스팩7호,kosdaq,20220428,2000,2295,14.75%,2270
36,포바이포,kosdaq,20220428,17000,34000,100%,44200
37,신한스팩9호,kosdaq,20220427,2000,2240,12%,2255
38,미래에셋비전스팩1호,kosdaq,20220421,2000,2270,13.5%,2295
39,키움스팩6호,kosdaq,20220407,2000,2180,9%,2215
40,지투파워,kosdaq,20220401,16400,32800,100%,35250
41,유진스팩8호,kosdaq,20220331,2000,2115,5.75%,2110
42,코람코더원리츠(유가),kospi,20220328,5000,5260,5.2%,5410
43,세아메카닉스,kosdaq,20220324,4400,8800,100%,7600
44,공구우먼,kosdaq,20220323,20000,21600,8%,20000
45,유일로보틱스,kosdaq,20220318,10000,20000,100%,26000
46,모아데이타,kosdaq,20220310,20000,18000,-10%,16050
47,SK증권스팩7호,kosdaq,20220307,2000,2135,6.75%,2130
48,노을,kosdaq,20220303,10000,9670,-3.3%,9210
49,비씨엔씨,kosdaq,20220303,13000,26000,100%,22600
50,풍원정밀,kosdaq,20220228,15200,20200,32.89%,21450
51,스톤브릿지벤처스,kosdaq,20220225,8000,7200,-10%,6510
52,하나금융스팩21호,kosdaq,20220225,2000,2080,4%,2090
53,브이씨,kosdaq,20220224,15000,17400,16%,15350
54,퓨런티어,kosdaq,20220223,15000,30000,100%,31200
55,바이오에프디엔씨,kosdaq,20220221,28000,25200,-10%,22200
56,한국스팩10호,kosdaq,20220221,2000,2130,6.5%,2130
57,IBKS스팩17호,kosdaq,20220218,2000,2660,33%,2315
58,인카금융서비스,kosdaq,20220216,18000,17250,-4.17%,14400
59,나래나노텍,kosdaq,20220208,17500,15750,-10%,13900
60,아셈스,kosdaq,20220207,8000,16000,100%,13500
61,스코넥,kosdaq,20220204,13000,26000,100%,24450
62,이지트로닉스,kosdaq,20220204,22000,23450,6.59%,25500
63,LG에너지솔루션(유가),kospi,20220127,300000,597000,99%,505000
64,애드바이오텍,kosdaq,20220124,7000,6730,-3.86%,5950
65,케이옥션,kosdaq,20220124,20000,40000,100%,52000
66,오토앤,kosdaq,20220120,5300,8800,66.04%,11400
67,디비금융스팩10호,kosdaq,20220120,2000,2075,3.75%,2115
68,래몽래인,kosdaq,20211230,15000,26000,73.33%,24000
69,하나금융스팩20호,kosdaq,20211227,2000,2130,6.5%,2135
70,NH스팩22호,kosdaq,20211224,2000,2090,4.5%,2085
71,하이스팩7호,kosdaq,20211220,2000,2060,3%,2085
72,교보스팩11호,kosdaq,20211220,2000,2065,3.25%,2095
73,케이티비네트워크,kosdaq,20211216,5800,6030,3.97%,5350
74,신한서부티엔디리츠(유가),kospi,20211210,5000,4805,-3.9%,4915
75,툴젠,kosdaq,20211210,70000,82300,17.57%,91100
76,미래에셋글로벌리츠(유가),kospi,20211203,5000,5310,6.2%,5230
77,대신밸런스스팩11호,kosdaq,20211202,2000,2060,3%,2070
78,마인즈랩,kosdaq,20211123,30000,29650,-1.17%,38000
79,알비더블유,kosdaq,20211122,21400,42800,100%,38950
80,바이옵트로,kosdaq,20211118,7500,7300,-2.67%,6290
81,NH올원리츠(유가),kospi,20211118,5000,5490,9.8%,5370
82,트윔,kosdaq,20211117,22000,44000,100%,41100
83,지오엘리먼트,kosdaq,20211111,10000,20000,100%,15900
84,아이티아이즈,kosdaq,20211111,14300,28600,100%,20050
85,비트나인,kosdaq,20211110,11000,15250,38.64%,11400
86,디어유,kosdaq,20211110,26000,52000,100%,66500
87,지니너스,kosdaq,20211108,20000,18000,-10%,13400
88,카카오페이(유가),kospi,20211103,90000,180000,100%,193000
89,피코그램,kosdaq,20211103,12500,25000,100%,18600
90,엔켐,kosdaq,20211101,42000,81600,94.29%,80000
91,리파인,kosdaq,20211029,21000,18900,-10%,14300
92,지앤비에스엔지니어링,kosdaq,20211029,17400,24000,37.93%,19200
93,아이패밀리에스씨,kosdaq,20211028,25000,28650,14.6%,25400
94,차백신연구소,kosdaq,20211022,11000,11700,6.36%,13000
95,지아이텍,kosdaq,20211021,14000,28000,100%,36400
96,NH스팩21호,kosdaq,20211015,2000,2075,3.75%,2075
97,케이카(유가),kospi,20211013,25000,22500,-10%,23000
98,씨유테크,kosdaq,20211008,6000,12000,100%,8400
99,원준,kosdaq,20211007,65000,102000,56.92%,87000
100,하나금융스팩19호,kosdaq,20211007,2000,2045,2.25%,2045
101,아스플로,kosdaq,20211007,25000,36000,44%,28350
102,NH스팩20호,kosdaq,20211005,2000,2030,1.5%,2050
103,에스앤디,kosdaq,20210929,28000,25200,-10%,21700
104,실리콘투,kosdaq,20210929,27200,38500,41.54%,29000
105,프롬바이오,kosdaq,20210928,18000,19250,6.94%,19850
106,신한스팩8호,kosdaq,20210927,2000,2100,5%,2080
107,바이오플러스,kosdaq,20210927,31500,39500,25.4%,32450
108,대신밸런스스팩10호,kosdaq,20210917,2000,2305,15.25%,2220
109,현대중공업(유가),kospi,20210917,60000,111000,85%,111500
110,SK리츠(유가),kospi,20210914,5000,5340,6.8%,5780
111,유진스팩7호,kosdaq,20210913,2000,4000,100%,2800
112,와이엠텍,kosdaq,20210910,28000,56000,100%,59000
113,에이비온,kosdaq,20210908,17000,16800,-1.18%,15700
114,IBKS스팩16호,kosdaq,20210903,2000,4000,100%,2475
115,일진하이솔루스(유가),kospi,20210901,34300,68600,100%,89100
116,디앤디플랫폼리츠,kosdaq,20210827,5000,5390,7.8%,5290
117,바이젠셀,kosdaq,20210825,52700,73500,39.47%,59500
118,아주스틸(유가),kospi,20210820,15100,30200,100%,33500
119,브레인즈컴퍼니,kosdaq,20210819,25000,50000,100%,65000
120,롯데렌탈(유가),kospi,20210819,59000,57500,-2.54%,55500
121,딥노이드,kosdaq,20210817,42000,72000,71.43%,50400
122,한컴라이프케어(유가),kospi,20210817,13700,16050,17.15%,12800
123,엠로,kosdaq,20210813,22600,32700,44.69%,28300
124,플래티어,kosdaq,20210812,11000,22000,100%,28600
125,원티드랩,kosdaq,20210811,35000,70000,100%,91000
126,크래프톤(유가),kospi,20210810,498000,448500,-9.94%,454000
127,에이치케이이노엔,kosdaq,20210809,59000,68100,15.42%,68500
128,카카오뱅크(유가),kospi,20210806,39000,53700,37.69%,69800
129,한화플러스스팩2호,kosdaq,20210805,2000,4000,100%,-
130,에브리봇,kosdaq,20210728,36700,33050,-9.95%,30300
131,맥스트,kosdaq,20210727,15000,30000,100%,39000
132,큐라클,kosdaq,20210722,25000,36500,46%,30650
133,에스디바이오센서(유가),kospi,20210716,52000,57000,9.62%,61000
134,오비고,kosdaq,20210713,14300,19200,34.27%,20700
135,아모센스,kosdaq,20210625,12400,12250,-1.21%,15900
136,이노뎁,kosdaq,20210618,18000,22200,23.33%,18050
137,삼성머스트스팩5호,kosdaq,20210617,2000,4000,100%,5200
138,라온테크,kosdaq,20210617,18000,20250,12.5%,20500
139,엘비루셈,kosdaq,20210611,14000,18000,28.57%,15200
140,에이디엠코리아,kosdaq,20210603,3800,7600,100%,9880
141,제주맥주,kosdaq,20210526,3200,4780,49.38%,4900
142,진시스템,kosdaq,20210526,20000,19100,-4.5%,17400
143,삼영에스앤씨,kosdaq,20210521,11000,22000,100%,28600
144,삼성스팩4호,kosdaq,20210521,2000,2070,3.5%,2105
145,NH스팩19호(유가),kospi,20210521,2000,2075,3.75%,2100
146,샘씨엔에스,kosdaq,20210520,6500,6400,-1.54%,8320
147,씨앤씨인터내셔널,kosdaq,20210517,47500,47250,-0.53%,41150
148,에이치피오,kosdaq,20210514,22200,20000,-9.91%,16750
149,SK아이이테크놀로지(유가),kospi,20210511,105000,210000,100%,154500
150,하이스팩6호,kosdaq,20210510,2000,2060,3%,2065
151,쿠콘,kosdaq,20210428,45000,80000,77.78%,65500
152,해성티피씨,kosdaq,20210421,13000,26000,100%,33800
153,이삭엔지니어링,kosdaq,20210421,11500,23000,100%,26150
154,유진스팩6호,kosdaq,20210408,2000,2050,2.5%,2045
155,유안타스팩8호,kosdaq,20210405,2000,2030,1.5%,2030
156,엔시스,kosdaq,20210401,19000,38000,100%,31400
157,자이언트스텝,kosdaq,20210324,11000,22000,100%,28600
158,제노코,kosdaq,20210324,36000,65000,80.56%,80100
159,라이프시맨틱스,kosdaq,20210323,12500,25000,100%,17500
160,SK바이오사이언스(유가),kospi,20210318,65000,130000,100%,169000
161,바이오다인,kosdaq,20210317,30000,40000,33.33%,42600
162,네오이뮨텍,kosdaq,20210316,7500,15000,100%,14350
163,디비금융스팩9호,kosdaq,20210316,2000,2025,1.25%,2020
164,프레스티지바이오로직스,kosdaq,20210311,12400,12100,-2.42%,14300
165,싸이버원,kosdaq,20210311,9500,18000,89.47%,21200
166,나노씨엠에스,kosdaq,20210309,20000,33000,65%,23950
167,하나머스트스팩7호,kosdaq,20210305,2000,2055,2.75%,2050
168,뷰노,kosdaq,20210226,21000,32900,56.67%,32150
169,IBKS스팩15호,kosdaq,20210226,2000,2060,3%,2070
170,유일에너테크,kosdaq,20210225,16000,32000,100%,34500
171,씨이랩,kosdaq,20210224,35000,46600,33.14%,40800
172,오로스테크놀로지,kosdaq,20210224,21000,42000,100%,54600
173,피엔에이치테크,kosdaq,20210216,18000,20500,13.89%,23850
174,하나금융스팩17호,kosdaq,20210210,2000,2045,2.25%,2050
175,프레스티지바이오파마(유가),kospi,20210205,32000,28800,-10%,32800
176,아이퀘스트,kosdaq,20210205,11000,22000,100%,20000
177,신한스팩7호,kosdaq,20210204,2000,2020,1%,2030
178,와이더플래닛,kosdaq,20210203,16000,24900,55.63%,20000
179,레인보우로보틱스,kosdaq,20210203,10000,20000,100%,26000
180,솔루엠(유가),kospi,20210202,17000,34000,100%,29150
181,핑거,kosdaq,20210129,16000,32000,100%,29100
182,씨앤투스성진,kosdaq,20210128,32000,31700,-0.94%,28700
183,모비릭스,kosdaq,20210128,14000,28000,100%,36400
184,선진뷰티사이언스,kosdaq,20210127,11500,23000,100%,29900
185,엔비티,kosdaq,20210121,19000,38000,100%,36500
186,한국스팩9호,kosdaq,20210121,2000,2020,1%,2030
187,유안타스팩7호,kosdaq,20201228,2000,2010,0.5%,2005
188,지놈앤컴퍼니,kosdaq,20201223,40000,80000,100%,68800
189,대신밸런스스팩9호,kosdaq,20201223,2000,2020,1%,2050
190,석경에이티,kosdaq,20201223,10000,20000,100%,26000
191,이에스알켄달스퀘어리츠(유가),kospi,20201223,5000,4970,-0.6%,5190
192,프리시젼바이오,kosdaq,20201222,12500,25000,100%,32500
193,알체라,kosdaq,20201221,10000,20000,100%,26000
194,엔에이치스팩18호,kosdaq,20201221,2000,2025,1.25%,2025
195,에프앤가이드,kosdaq,20201217,7000,14000,100%,12850
196,에이치엠씨아이비스팩5호,kosdaq,20201216,2000,2000,0%,-
197,티엘비,kosdaq,20201214,38000,75900,99.74%,54500
198,인바이오,kosdaq,20201211,5800,11600,100%,12200
199,엔젠바이오,kosdaq,20201210,14000,28000,100%,25650
200,퀀타매트릭스,kosdaq,20201209,25500,25050,-1.76%,24100
201,디비금융스팩8호,kosdaq,20201209,2000,1985,-0.75%,1985
202,명신산업(유가),kospi,20201207,6500,13000,100%,16900
203,클리노믹스,kosdaq,20201204,13900,18500,33.09%,19000
204,포인트모바일,kosdaq,20201203,15000,30000,100%,30550
205,엔에프씨,kosdaq,20201202,13400,20700,54.48%,16950
206,앱코,kosdaq,20201202,24300,30150,24.07%,28900
207,제일전기공업,kosdaq,20201126,17000,34000,100%,28650
208,하나기술,kosdaq,20201125,35000,70000,100%,91000
209,티앤엘,kosdaq,20201120,36000,72000,100%,54000
210,에이플러스에셋어드바이저(유가),kospi,20201120,7500,8100,8%,6880
211,고바이오랩,kosdaq,20201118,15000,30000,100%,31300
212,네패스아크,kosdaq,20201117,26500,36200,36.6%,38700
213,교촌에프앤비(유가),kospi,20201112,12300,23850,93.9%,31000
214,소룩스,kosdaq,20201106,10000,20000,100%,26000
215,위드텍,kosdaq,20201030,25000,37100,48.4%,41100
216,센코,kosdaq,20201029,13000,13350,2.69%,15250
217,바이브컴퍼니,kosdaq,20201028,28000,40000,42.86%,31300
218,미코바이오메드,kosdaq,20201022,15000,16100,7.33%,13700
219,피플바이오,kosdaq,20201019,20000,18000,-10%,23400
220,하이브(구.빅히트)(유가),kospi,20201015,135000,270000,100%,258000
221,넥스틴,kosdaq,20201008,75400,71100,-5.7%,71600
222,원방테크,kosdaq,20200924,54300,48900,-9.94%,43700
223,엔에이치스팩17호,kosdaq,20200923,2000,2005,0.25%,1995
224,비나텍,kosdaq,20200923,33000,44000,33.33%,40750
225,박셀바이오,kosdaq,20200922,30000,27000,-10%,21300
226,비비씨,kosdaq,20200921,30700,27650,-9.93%,22300
227,교보스팩10호,kosdaq,20200918,2000,2020,1%,2005
228,핌스,kosdaq,20200918,19000,21000,10.53%,18300
229,압타머사이언스,kosdaq,20200916,25000,28850,15.4%,27750
230,이오플로우,kosdaq,20200914,19000,21750,14.47%,20000
231,카카오게임즈,kosdaq,20200910,24000,48000,100%,62400
232,피엔케이피부임상연구센타,kosdaq,20200909,18300,28000,53.01%,26800
233,코람코에너지플러스리츠(유가),kospi,20200831,5000,4800,-4%,4735
234,미래에셋대우스팩5호,kosdaq,20200828,2000,2000,0%,2010
235,아이디피,kosdaq,20200824,9800,13200,34.69%,12500
236,셀레믹스,kosdaq,20200821,20000,24900,24.5%,25800
237,미투젠,kosdaq,20200818,27000,29100,7.78%,25500
238,브랜드엑스코퍼레이션,kosdaq,20200813,13000,12900,-0.77%,11700
239,영림원소프트랩,kosdaq,20200812,11500,17600,53.04%,13650
240,한국파마,kosdaq,20200810,9000,18000,100%,16850
241,제이알글로벌리츠(유가),kospi,20200807,5000,4700,-6%,4825
242,이루다,kosdaq,20200806,9000,18000,100%,17650
243,이지스레지던스리츠(유가),kospi,20200805,5000,4500,-10%,4190
244,미래에셋맵스리츠1호(유가),kospi,20200805,5000,4500,-10%,4350
245,와이팜,kosdaq,20200731,11000,15550,41.36%,18800
246,이엔드디,kosdaq,20200730,14400,18200,26.39%,21000
247,엠투아이,kosdaq,20200729,15600,18850,20.83%,15900
248,에이치엠씨아이비스팩4호,kosdaq,20200729,2000,2010,0.5%,2000
249,더네이쳐홀딩스,kosdaq,20200727,46000,41400,-10%,43000
250,제놀루션,kosdaq,20200724,14000,28000,100%,24750
251,솔트룩스,kosdaq,20200723,25000,40000,60%,34300
252,하나금융스팩16호,kosdaq,20200723,2000,2020,1%,2020
253,티에스아이,kosdaq,20200722,10000,20000,100%,17200
254,이지스밸류플러스리츠(유가),kospi,20200716,5000,4800,-4%,4410
255,에이프로,kosdaq,20200716,21600,43200,100%,56100
256,IBKS스팩13호,kosdaq,20200715,2000,2010,0.5%,2010
257,소마젠,kosdaq,20200713,11000,11650,5.91%,15100
258,신도기연,kosdaq,20200706,16000,32000,100%,22400
259,위더스제약,kosdaq,20200703,15900,31800,100%,34400
260,SK바이오팜(유가),kospi,20200702,49000,98000,100%,127000
261,마크로밀엠브레인,kosdaq,20200701,6800,13600,100%,16050
262,젠큐릭스,kosdaq,20200625,22700,25100,10.57%,21650
263,IBKS스팩14호,kosdaq,20200622,2000,2010,0.5%,2010
264,엘이티,kosdaq,20200622,7800,15600,100%,20250
265,에스씨엠생명과학,kosdaq,20200617,17000,29500,73.53%,36100
266,엔에이치스팩16호,kosdaq,20200617,2000,2005,0.25%,2005
267,드림씨아이에스,kosdaq,20200522,14900,28000,87.92%,30500
268,이베스트스팩5호,kosdaq,20200520,2000,2000,0%,2000
269,케이프이에스스팩4호,kosdaq,20200324,2000,2005,0.25%,1980
270,엔피디,kosdaq,20200316,5400,4860,-10%,3775
271,플레이디,kosdaq,20200312,8500,11250,32.35%,8800
272,에스케이스팩6호,kosdaq,20200311,2000,2025,1.25%,2010
273,서울바이오시스,kosdaq,20200306,7500,13000,73.33%,11100
274,제이앤티씨,kosdaq,20200304,11000,10200,-7.27%,10350
275,켄코아에어로스페이스,kosdaq,20200303,10000,11500,15%,10250
276,레몬,kosdaq,20200228,7200,8620,19.72%,10400
277,서남,kosdaq,20200220,3100,3900,25.81%,4750
278,신영스팩6호,kosdaq,20200212,2000,2000,0%,2010
279,위세아이텍,kosdaq,20200210,12000,13900,15.83%,12400
280,하나금융스팩15호,kosdaq,20200130,2000,2000,0%,2000
281,케이비스팩20호,kosdaq,20200130,2000,2000,0%,2000
282,한화플러스스팩1호,kosdaq,20191227,2000,2005,0.25%,2000
283,피피아이,kosdaq,20191226,7000,11000,57.14%,9630
284,천랩,kosdaq,20191226,40000,42950,7.38%,38500
285,엔에이치스팩15호,kosdaq,20191224,2000,2000,0%,2000
286,메탈라이프,kosdaq,20191224,13000,26000,100%,33800
287,하이스팩5호,kosdaq,20191223,2000,2000,0%,2005
288,브릿지바이오테라퓨틱스,kosdaq,20191220,60000,62400,4%,54300
289,메드팩토,kosdaq,20191219,40000,40000,0%,35900
290,대신밸런스스팩8호,kosdaq,20191219,2000,2005,0.25%,2005
291,유안타스팩6호,kosdaq,20191219,2000,2005,0.25%,2000
292,신테카바이오,kosdaq,20191217,12000,14950,24.58%,16700
293,제이엘케이인스펙션,kosdaq,20191211,9000,8500,-5.56%,9000
294,태웅로직스,kosdaq,20191210,4500,8170,81.56%,6110
295,IBKS스팩12호,kosdaq,20191209,2000,2040,2%,2050
296,리메드,kosdaq,20191206,13000,14100,8.46%,13450
297,에스케이스팩5호,kosdaq,20191205,2000,2010,0.5%,2010
298,엔에이치프라임리츠(유가),kospi,20191205,5000,5000,0%,6500
299,IBKS스팩11호,kosdaq,20191203,2000,2005,0.25%,2010
300,코리아센터,kosdaq,20191129,18000,23000,27.78%,22850
301,유안타스팩5호,kosdaq,20191128,2000,2145,7.25%,2010
302,노터스,kosdaq,20191127,20000,29750,48.75%,36500
303,센트랄모텍(유가),kospi,20191125,6000,7650,27.5%,9940
304,티움바이오,kosdaq,20191122,12000,11800,-1.67%,13450
305,씨에스베어링,kosdaq,20191121,8400,8400,0%,8950
306,코리아에셋투자증권,kosdaq,20191120,10000,9900,-1%,8290
307,우양,kosdaq,20191120,4200,6060,44.29%,4785
308,현대에너지솔루션(유가),kospi,20191119,18000,18200,1.11%,17300
309,에스제이그룹,kosdaq,20191118,38600,43500,12.69%,46400
310,제테마,kosdaq,20191114,21000,20100,-4.29%,22450
311,한화시스템(유가),kospi,20191113,12250,11600,-5.31%,11100
312,라파스,kosdaq,20191111,20000,19950,-0.25%,18050
313,아이티엠반도체,kosdaq,20191107,26000,26750,2.88%,24700
314,자이에스앤디(유가),kospi,20191106,5200,6650,27.88%,6120
315,미래에셋대우스팩4호,kosdaq,20191106,2000,2000,0%,2000
316,미디어젠,kosdaq,20191105,10600,11250,6.13%,9150
317,하나금융스팩14호,kosdaq,20191101,2000,2000,0%,2005
318,신한스팩6호,kosdaq,20191031,2000,2010,0.5%,2010
319,티라유텍,kosdaq,20191031,12050,24100,100%,20650
320,롯데리츠(유가),kospi,20191030,5000,5000,0%,6500
321,지누스(유가),kospi,20191030,70000,73500,5%,83000
322,교보스팩9호,kosdaq,20191029,2000,2010,0.5%,2010
323,캐리소프트,kosdaq,20191029,9000,12100,34.44%,13850
324,케이엔제이,kosdaq,20191025,11000,15700,42.73%,14900
325,엔바이오니아,kosdaq,20191024,8200,10700,30.49%,12100
326,팜스빌,kosdaq,20191022,14000,16800,20%,14350
327,라온피플,kosdaq,20191018,14000,13300,-5%,15550
328,아톤,kosdaq,20191017,43000,46050,7.09%,42850
329,녹십자웰빙,kosdaq,20191014,11300,11900,5.31%,12500
330,대신밸런스스팩7호,kosdaq,20191011,2000,2025,1.25%,2025
331,유진스팩5호,kosdaq,20191002,2000,2045,2.25%,2045
332,케이비스팩19호,kosdaq,20190930,2000,2045,2.25%,2050
333,올리패스,kosdaq,20190920,20000,30600,53%,24800
334,라닉스,kosdaq,20190918,6000,7100,18.33%,8090
335,하나금융스팩13호,kosdaq,20190918,2000,2040,2%,2070
336,한독크린텍,kosdaq,20190905,15100,24500,62.25%,19250
337,상상인이안스팩2호,kosdaq,20190830,2000,2150,7.5%,2035
338,네오크레마,kosdaq,20190822,8000,9530,19.13%,8370
339,미래에셋대우스팩3호,kosdaq,20190820,2000,2120,6%,-
340,마니커에프앤지,kosdaq,20190820,4000,8000,100%,6950
341,나노브릭,kosdaq,20190819,16000,14400,-10%,14800
342,에스피시스템스,kosdaq,20190814,4900,9800,100%,12700
343,레이,kosdaq,20190808,20000,25150,25.75%,24750
344,그린플러스,kosdaq,20190807,10000,11150,11.5%,10700
345,코윈테크,kosdaq,20190805,34500,31050,-10%,21750
346,덕산테코피아,kosdaq,20190802,19000,17100,-10%,15600
347,슈프리마아이디,kosdaq,20190801,27000,34750,28.7%,28000
348,한국바이오젠,kosdaq,20190801,6000,12000,100%,13200
349,세경하이테크,kosdaq,20190730,35000,33250,-5%,33350
350,윌링스,kosdaq,20190725,12500,22800,82.4%,29600
351,대모(구.대모엔지니어링),kosdaq,20190724,5200,8710,67.5%,11300
352,에이스토리,kosdaq,20190719,14300,12900,-9.79%,-
353,플리토,kosdaq,20190717,26000,31600,21.54%,27800
354,이베스트이안스팩1호,kosdaq,20190715,2000,3040,52%,-
355,세틀뱅크,kosdaq,20190712,55000,49500,-10%,51600
356,아이스크림에듀,kosdaq,20190711,15900,14350,-9.75%,11700
357,펌텍코리아,kosdaq,20190704,190000,171000,-10%,152300
358,에이에프더블류,kosdaq,20190701,22500,28000,24.44%,21750
359,신영스팩5호,kosdaq,20190624,2000,4000,100%,3740
360,케이비스팩18호,kosdaq,20190624,2000,2300,15%,2990
361,신한스팩5호,kosdaq,20190619,2000,3860,93%,2805
362,압타바이오,kosdaq,20190612,30000,50200,67.33%,38900
363,까스텔바쟉,kosdaq,20190610,12000,17000,41.67%,19250
364,마이크로디지탈,kosdaq,20190605,23000,41050,78.48%,39100
365,유진스팩4호,kosdaq,20190531,2000,2500,25%,3250
366,디비금융스팩7호,kosdaq,20190531,2000,2080,4%,2700
367,수젠텍,kosdaq,20190528,12000,11150,-7.08%,10150
368,컴퍼니케이파트너스,kosdaq,20190523,4500,8200,82.22%,10650
369,엔에이치스팩14호,kosdaq,20190508,2000,2115,5.75%,2030
370,에스앤케이,kosdaq,20190507,40400,36400,-9.9%,33650
371,한화에스비아이스팩,kosdaq,20190503,2000,2005,0.25%,2655
372,하이스팩4호,kosdaq,20190429,2000,2005,0.25%,2015
373,아모그린텍,kosdaq,20190329,9900,10300,4.04%,10200
374,현대오토에버(유가),kospi,20190328,48000,75500,57.29%,88700
375,지노믹트리,kosdaq,20190327,27000,29450,9.07%,27300
376,케이비스팩17호,kosdaq,20190327,2000,1995,-0.25%,2000
377,이지케어텍,kosdaq,20190322,12300,24600,100%,31950
378,유안타스팩4호,kosdaq,20190321,2000,2005,0.25%,2000
379,미래에셋벤처투자,kosdaq,20190315,4500,6150,36.67%,5310
380,드림텍(유가),kospi,20190314,13000,17350,33.46%,15400
381,에코프로비엠,kosdaq,20190305,48000,61100,27.29%,63200
382,셀리드,kosdaq,20190220,33000,43750,32.58%,51100
383,천보,kosdaq,20190211,40000,52500,31.25%,47650
384,이노테라피,kosdaq,20190201,18000,22200,23.33%,19350
385,노랑풍선,kosdaq,20190130,20000,30350,51.75%,34150
386,웹케시,kosdaq,20190125,26000,31700,21.92%,28500
387,에어부산(유가),kospi,20181227,3600,4020,11.67%,5220
388,비피도,kosdaq,20181226,18000,36000,100%,36500
389,키움스팩5호,kosdaq,20181226,2000,2000,0%,2010
390,엔에이치스팩13호,kosdaq,20181224,2000,2000,0%,2010
391,유틸렉스,kosdaq,20181224,50000,60100,20.2%,78100
392,신영스팩4호,kosdaq,20181221,2000,2005,0.25%,2005
393,미래에셋대우스팩2호,kosdaq,20181221,2000,2015,0.75%,2010
394,디케이티,kosdaq,20181221,7400,12900,74.32%,10550
395,한국스팩8호,kosdaq,20181220,2000,2005,0.25%,2005
396,삼성머스트스팩3호,kosdaq,20181220,2000,2005,0.25%,2000
397,위지윅스튜디오,kosdaq,20181220,11000,11250,2.27%,9350
398,대신밸런스스팩6호,kosdaq,20181219,2000,2005,0.25%,2000
399,에이비엘바이오,kosdaq,20181219,15000,13500,-10%,13650
400,머큐리,kosdaq,20181214,6100,9630,57.87%,7800
401,전진바이오팜,kosdaq,20181214,10000,11550,15.5%,12750
402,뉴트리,kosdaq,20181213,14500,13050,-10%,13900
403,골든브릿지이안스팩5호,kosdaq,20181212,2000,2000,0%,1995
404,이노메트리,kosdaq,20181212,26000,40000,53.85%,29550
405,대유에이피,kosdaq,20181207,3000,6000,100%,4935
406,에스케이에이씨피씨스팩4호,kosdaq,20181207,2000,2020,1%,2010
407,에코캡,kosdaq,20181205,4200,4100,-2.38%,5330
408,교보스팩8호,kosdaq,20181205,2000,2020,1%,2015
409,베스파,kosdaq,20181203,35000,33400,-4.57%,30000
410,윙입푸드,kosdaq,20181130,2000,1800,-10%,2340
411,하나머스트스팩6호,kosdaq,20181130,2000,2020,1%,2030
412,남화산업,kosdaq,20181129,3700,5610,51.62%,7290
413,엠아이텍,kosdaq,20181129,4500,4050,-10%,4770
414,티로보틱스,kosdaq,20181129,16000,14400,-10%,13050
415,티앤알바이오팹,kosdaq,20181128,18000,16200,-10%,12500
416,네오펙트,kosdaq,20181128,11000,9900,-10%,7700
417,아시아나IDT(유가),kospi,20181123,15000,14300,-4.67%,12450
418,디알젬,kosdaq,20181122,6500,8470,30.31%,6760
419,싸이토젠,kosdaq,20181122,17000,17800,4.71%,15600
420,파멥신,kosdaq,20181121,60000,58100,-3.17%,63600
421,아주IB투자,kosdaq,20181121,1500,1350,-10%,1150
422,디케이앤디,kosdaq,20181120,6000,7570,26.17%,6230
423,디자인,kosdaq,20181115,10100,20200,100%,15200
424,노바렉스,kosdaq,20181114,19000,25450,33.95%,20100
425,셀리버리,kosdaq,20181109,25000,32000,28%,28700
426,대보마그네틱,kosdaq,20181106,31000,60200,94.19%,58500
427,노바텍,kosdaq,20181102,10000,14100,41%,18300
428,엘앤씨바이오,kosdaq,20181101,24000,29800,24.17%,26950
429,디비금융스팩6호,kosdaq,20181031,2000,2010,0.5%,2010
430,옵티팜,kosdaq,20181026,10000,9000,-10%,11700
431,로보티즈,kosdaq,20181026,14000,28000,100%,19600
432,에스퓨얼셀,kosdaq,20181015,16500,33000,100%,33800
433,나우아이비캐피탈,kosdaq,20181004,8500,9300,9.41%,7180
434,푸드나무,kosdaq,20181004,24000,43350,80.63%,34000
435,하나제약(유가),kospi,20181002,26000,30100,15.77%,33150
436,크리스에프앤씨,kosdaq,20181001,30000,27000,-10%,24000
437,IBKS스팩10호,kosdaq,20180921,2000,2110,5.5%,2110
438,지티지웰니스,kosdaq,20180921,11000,15250,38.64%,-
439,우진아이엔에스(유가),kospi,20180914,15000,15150,1%,19650
440,삼성스팩2호,kosdaq,20180913,2000,2030,1.5%,2040
441,명성티엔에스,kosdaq,20180913,20000,22000,10%,28600
442,디지캡,kosdaq,20180907,12000,13250,10.42%,10900
443,대신밸런스스팩5호,kosdaq,20180830,2000,2050,2.5%,2075
444,액트로,kosdaq,20180828,20000,20700,3.5%,18000
445,오파스넷,kosdaq,20180824,11000,18000,63.64%,14200
446,에이피티씨,kosdaq,20180823,9000,9310,3.44%,7980
447,바이오솔루션,kosdaq,20180820,29000,28200,-2.76%,28500
448,대유,kosdaq,20180810,9000,13250,47.22%,12400
449,신한알파리츠(유가),kospi,20180808,5000,5330,6.6%,5200
450,디아이티,kosdaq,20180807,10000,10550,5.5%,10650
451,에스에스알,kosdaq,20180806,9000,18000,100%,23400
452,휴네시온,kosdaq,20180802,10000,15000,50%,16350
453,티웨이항공(유가),kospi,20180801,12000,11600,-3.33%,11550
454,롯데정보통신(유가),kospi,20180727,29800,30550,2.52%,29000
455,한국유니온제약,kosdaq,20180726,18000,23000,27.78%,19500
456,엠코르셋,kosdaq,20180723,11500,11050,-3.91%,12950
457,IBKS스팩9호,kosdaq,20180720,2000,2250,12.5%,2230
458,올릭스,kosdaq,20180718,36000,72000,100%,65600
459,아이큐어,kosdaq,20180712,65000,58500,-10%,60600
460,에스브이인베스트먼트,kosdaq,20180706,7000,9000,28.57%,7710
461,이리츠코크렙기업(유가),kospi,20180627,5000,5010,0.2%,4600
462,이원다이애그노믹스,kosdaq,20180626,6500,9000,38.46%,10800
463,하나금융스팩11호,kosdaq,20180608,2000,2000,0%,2000
464,파워넷,kosdaq,20180607,6500,10100,55.38%,7750
465,현대사료,kosdaq,20180601,6600,13200,100%,17150
466,세종메디칼,kosdaq,20180529,15000,23100,54%,30000
467,제노레이,kosdaq,20180528,23000,45900,99.57%,37350
468,한국스팩7호,kosdaq,20180511,2000,2000,0%,1985
469,유안타스팩3호,kosdaq,20180508,2000,1980,-1%,1980
470,제이티씨(JTC),kosdaq,20180406,8500,14050,65.29%,16300
471,대신밸런스스팩3호,kosdaq,20180404,2000,2005,0.25%,1990
472,케어랩스,kosdaq,20180328,20000,40000,100%,52000
473,애경산업(유가),kospi,20180322,29100,28000,-3.78%,34000
474,에코마이스터,kosdaq,20180315,5200,7000,34.62%,6030
475,린드먼아시아인베스트먼트,kosdaq,20180314,6500,13000,100%,16900
476,오스테오닉,kosdaq,20180222,7700,15400,100%,13100
477,엔지켐생명과학,kosdaq,20180221,56000,87000,55.36%,85200
478,동구바이오제약,kosdaq,20180213,16000,32000,100%,41600
479,알리코제약,kosdaq,20180212,12000,18100,50.83%,23500
480,아시아종묘,kosdaq,20180212,4500,4520,0.44%,4570
481,카페24,kosdaq,20180208,57000,84500,48.25%,84700
482,링크제니시스,kosdaq,20180205,30000,53000,76.67%,40500
483,배럴,kosdaq,20180201,9500,10400,9.47%,13500
484,에스지이,kosdaq,20180126,6000,5400,-10%,5260
485,씨앤지하이테크,kosdaq,20180125,16000,18600,16.25%,18650
486,시스웍,kosdaq,20171226,2800,3810,36.07%,3390
487,한국스팩6호,kosdaq,20171221,2000,1965,-1.75%,1975
488,디바이스이엔지,kosdaq,20171220,12000,10800,-10%,12100
489,동부스팩5호,kosdaq,20171212,2000,2010,0.5%,1955
490,동양피스톤(유가),kospi,20171208,5700,5130,-10%,4845
491,진에어(유가),kospi,20171208,31800,31800,0%,28850
492,씨티케이코스메틱스,kosdaq,20171207,55000,49500,-10%,42300
493,메카로,kosdaq,20171206,33000,43000,30.3%,38500
494,에스트래픽,kosdaq,20171205,10000,20000,100%,15000
495,체리부로,kosdaq,20171204,4700,5020,6.81%,3980
496,대원,kosdaq,20171201,15000,16000,6.67%,13300
497,비즈니스온커뮤니케이션,kosdaq,20171130,9000,16900,87.78%,14000
498,삼양패키징(유가),kospi,20171129,26000,25750,-0.96%,23800
499,한화에이스스팩4호,kosdaq,20171127,2000,2010,0.5%,1990
500,스튜디오드래곤,kosdaq,20171124,35000,55300,58%,71800
501,IBKS스팩7호,kosdaq,20171110,2000,2030,1.5%,2020
502,비디아이,kosdaq,20171109,10000,17600,76%,16950
503,티슈진,kosdaq,20171106,27000,52000,92.59%,42700
504,테이팩스(유가),kospi,20171031,23000,26600,15.65%,27000
505,영화테크,kosdaq,20171026,12500,25000,100%,32500
506,세원,kosdaq,20171020,5700,8600,50.88%,11150
507,신한스팩4호,kosdaq,20171020,2000,2000,0%,1995
508,상신전자,kosdaq,20171016,13300,13300,0%,22000
509,야스,kosdaq,20170929,23500,21150,-10%,19100
510,IBKS스팩8호,kosdaq,20170929,2000,2080,4%,2080
511,에스엔피월드,kosdaq,20170928,5100,5100,0%,5270
512,유티아이,kosdaq,20170927,25000,22500,-10%,-
513,신흥에스이씨,kosdaq,20170927,16000,29400,83.75%,-
514,선익시스템,kosdaq,20170920,37000,33300,-10%,29750
515,엠플러스,kosdaq,20170920,18000,28350,57.5%,23400
516,앱클론,kosdaq,20170918,10000,20000,100%,26000
517,샘코,kosdaq,20170915,11000,12000,9.09%,10250
518,펄어비스,kosdaq,20170914,103000,92700,-10%,98900
519,케이피에스,kosdaq,20170906,14000,13500,-3.57%,14000
520,덕우전자,kosdaq,20170828,15500,16900,9.03%,15850
521,이더블유케이,kosdaq,20170822,5000,10000,100%,11950
522,하나금융스팩10호,kosdaq,20170822,2000,2020,1%,2005
523,알에스오토메이션,kosdaq,20170811,6000,11950,99.17%,15500
524,컬러레이,kosdaq,20170810,3800,3660,-3.68%,4050
525,엔에이치스팩12호,kosdaq,20170807,2000,2040,2%,2000
526,모트렉스,kosdaq,20170804,38300,38000,-0.78%,33400
527,데이타솔루션,kosdaq,20170803,3300,6600,100%,5680
528,지니언스,kosdaq,20170802,13500,20050,48.52%,15200
529,디앤씨미디어,kosdaq,20170801,20000,32300,61.5%,27300
530,셀트리온헬스케어,kosdaq,20170728,41000,43650,6.46%,50300
531,이즈미디어,kosdaq,20170726,7500,8400,12%,9360
532,한국스팩5호,kosdaq,20170724,2000,2020,1%,2000
533,힘스,kosdaq,20170720,20000,32500,62.5%,33000
534,브이원텍,kosdaq,20170713,17700,20100,13.56%,18900
535,아우딘퓨쳐스,kosdaq,20170712,26000,23400,-10%,23300
536,제일홀딩스,kosdaq,20170630,20700,18650,-9.9%,19050
537,하나금융스팩9호,kosdaq,20170626,2000,1955,-2.25%,1960
538,교보스팩7호,kosdaq,20170622,2000,2020,1%,2005
539,한화수성스팩,kosdaq,20170608,2000,2020,1%,1970
540,보라티알,kosdaq,20170608,14300,18900,32.17%,17600
541,삼양옵틱스,kosdaq,20170602,16700,16700,0%,16800
542,IBKS스팩6호,kosdaq,20170601,2000,1980,-1%,1990
543,필옵틱스,kosdaq,20170601,48000,48200,0.42%,56000
544,미래에셋대우스팩1호,kosdaq,20170526,2000,2000,0%,1980
545,넷마블게임즈(유가),kospi,20170512,157000,165000,5.1%,162000
546,ING생명보험(유가),kospi,20170511,33000,31200,-5.45%,31600
547,한화에이스스팩3호,kosdaq,20170502,2000,2000,0%,2010
548,엔에이치스팩10호,kosdaq,20170502,2000,1995,-0.25%,1980
549,하나머티리얼즈,kosdaq,20170428,12000,17500,45.83%,15950
550,와이엠티,kosdaq,20170427,21000,35100,67.14%,31050
551,케이비스팩11호,kosdaq,20170427,2000,2000,0%,1980
552,신영스팩3호,kosdaq,20170406,2000,2000,0%,2040
553,이엘피,kosdaq,20170406,20000,22000,10%,22400
554,서진시스템,kosdaq,20170327,25000,40000,60%,37350
555,코미코,kosdaq,20170323,13000,29050,123.46%,21500
556,아스타,kosdaq,20170320,8000,9700,21.25%,12600
557,덴티움(유가),kospi,20170315,32000,38200,19.38%,34500
558,대신밸런스스팩4호,kosdaq,20170303,2000,2000,0%,1990
559,에스디생명공학,kosdaq,20170302,12000,15200,26.67%,12200
560,신신제약,kosdaq,20170228,4500,6170,37.11%,8020
561,에프엔에스테크,kosdaq,20170227,14000,17050,21.79%,17450
562,모바일어플라이언스,kosdaq,20170224,3500,5900,68.57%,5980
563,신한스팩3호,kosdaq,20170223,2000,2010,0.5%,1980
564,피씨엘,kosdaq,20170223,8000,7800,-2.5%,9160
565,호전실업(유가),kospi,20170202,25000,24500,-2%,24250
566,서플러스글로벌,kosdaq,20170125,8000,8500,6.25%,7140
567,유바이오로직스,kosdaq,20170124,6000,5600,-6.67%,5070
568,엔에이치스팩11호,kosdaq,20161228,2000,1990,-0.5%,1970
569,퓨전데이타,kosdaq,20161221,11500,20750,80.43%,19800
570,디에스씨인베스트먼트,kosdaq,20161219,1700,3400,100%,3560
571,티에스인베스트먼트,kosdaq,20161215,1300,1470,13.08%,1910
572,마이크로프랜드,kosdaq,20161212,7300,6570,-10%,5950
573,코썬바이오,kosdaq,20161209,7000,6300,-10%,5090
574,애니젠,kosdaq,20161207,18000,17800,-1.11%,12600
575,유니온커뮤니티,kosdaq,20161207,5000,4465,-10.7%,3340
576,신라젠,kosdaq,20161206,15000,13500,-10%,12850
577,핸즈코퍼레이션(유가),kospi,20161202,12000,10800,-10%,9100
578,IBKS스팩5호,kosdaq,20161202,2000,2000,0%,1990
579,퓨쳐켐,kosdaq,20161201,15000,15750,5%,11050
580,오션브릿지,kosdaq,20161201,6600,7730,17.12%,6700
581,엘앤케이바이오,kosdaq,20161130,15000,15750,5%,11900
582,뉴파워프라즈마,kosdaq,20161130,17500,17500,0%,16800
583,에이치엔티일렉트로닉스,kosdaq,20161128,10000,12100,21%,10550
584,핸디소프트,kosdaq,20161124,5600,8180,46.07%,7220
585,두산밥캣(유가),kospi,20161118,30000,36000,20%,35900
586,에스케이스팩3호,kosdaq,20161116,2000,2050,2.5%,2010
587,삼성바이오로직스(유가),kospi,20161110,136000,135000,-0.74%,144000
588,클리오,kosdaq,20161109,41000,39950,-2.56%,36800
589,오가닉티코스메틱,kosdaq,20161104,4000,6510,62.75%,5730
590,로고스바이오시스템스,kosdaq,20161103,25500,25500,0%,21350
591,아이비케이에스지엠비스팩,kosdaq,20161102,2000,2050,2.5%,2000
592,인크로스,kosdaq,20161031,43000,67700,57.44%,47400
593,코스메카코리아,kosdaq,20161028,54000,71400,32.22%,62500
594,에이치엘사이언스(구.건강사랑),kosdaq,20161028,27000,38400,42.22%,38200
595,제이더블유생명과학(유가),kospi,20161027,30000,33050,10.17%,42950
596,그레이트리치과기,kosdaq,20161025,5000,5000,0%,6500
597,금세기차륜(골든센츄리),kosdaq,20161019,3500,4005,14.43%,3815
598,인텔리안테크놀로지스,kosdaq,20161018,19000,18750,-1.32%,17050
599,에이치시티,kosdaq,20161017,17000,19500,14.71%,17550
600,잉글우드랩,kosdaq,20161014,6000,8360,39.33%,7300
601,앤디포스,kosdaq,20161012,14500,17500,20.69%,18800
602,수산아이앤티(구.플러스기술),kosdaq,20161011,11500,11500,0%,14950
603,미투온,kosdaq,20161010,3800,3420,-10%,4445
604,화승엔터프라이즈(유가),kospi,20161004,15000,13500,-10%,14950
605,케이비스팩10호,kosdaq,20160929,2000,2000,0%,2005
606,엘에스전선아시아(유가),kospi,20160922,8000,7200,-10%,6350
607,모두투어리츠(유가),kospi,20160922,6000,5700,-5%,5230
608,유니테크노,kosdaq,20160920,10300,12750,23.79%,11400
609,교보비엔케이스팩,kosdaq,20160908,2000,2100,5%,1990
610,하나금융스팩8호,kosdaq,20160908,2000,2010,0.5%,1995
611,자이글,kosdaq,20160906,11000,13600,23.64%,12900
612,헝셩그룹,kosdaq,20160818,3600,3240,-10%,2690
613,에코마케팅,kosdaq,20160808,35000,68000,94.29%,47600
614,팍스넷,kosdaq,20160801,5200,10400,100%,12550
615,두올(유가),kospi,20160729,8500,8190,-3.65%,7060
616,엔지스테크널러지,kosdaq,20160728,10000,19000,90%,24700
617,우리손에프앤지,kosdaq,20160727,2210,4000,81%,2910
618,옵토팩,kosdaq,20160720,5900,6210,5.25%,8070
619,장원테크,kosdaq,20160715,17500,22250,27.14%,17150
620,대유위니아(구.위니아만도),kosdaq,20160714,6800,7900,16.18%,7670
621,한국자산신탁(유가),kospi,20160713,10300,9900,-3.88%,9600
622,바이오리더스,kosdaq,20160707,15000,17100,14%,14200
623,피앤씨테크,kosdaq,20160704,10200,11000,7.84%,10350
624,로스웰,kosdaq,20160630,3200,3915,22.34%,3415
625,해성디에스(유가),kospi,20160624,12000,16700,39.17%,14600
626,녹십자랩셀,kosdaq,20160623,18500,37000,100%,48100
627,에스티팜,kosdaq,20160623,29000,47000,62.07%,48800
628,한국스팩4호,kosdaq,20160622,2000,1950,-2.5%,1930
629,알엔투테크놀로지,kosdaq,20160622,5800,12500,115.52%,8750
630,미래에셋스팩5호,kosdaq,20160609,2000,1995,-0.25%,1935
631,용평리조트(유가),kospi,20160527,7000,9000,28.57%,11700
632,해태제과식품(유가),kospi,20160511,15100,18960,25.56%,24600
633,레이언스,kosdaq,20160411,25000,23700,-5.2%,23050
634,씨엠에스에듀,kosdaq,20160407,23200,26800,15.52%,24950
635,동양파일,kosdaq,20160406,10000,9000,-10%,9100
636,대림씨엔에스(유가),kospi,20160330,27700,24950,-9.93%,23250
637,팬젠,kosdaq,20160311,16500,24900,50.91%,22300
638,하이에이아이스팩1호,kosdaq,20160308,2000,1970,-1.5%,1945
639,에이피위성통신,kosdaq,20160304,9700,12400,27.84%,10750
640,IBKS스팩4호,kosdaq,20160302,2000,2030,1.5%,1975
641,케이비스팩9호,kosdaq,20160229,2000,1975,-1.25%,1975
642,큐리언트,kosdaq,20160229,21000,33900,61.43%,39000
643,안트로젠,kosdaq,20160215,24000,38000,58.33%,39100
644,제이에스코퍼레이션(유가),kospi,20160204,23000,39100,70%,37750
645,아이엠텍,kosdaq,20160203,7500,8500,13.33%,12350
646,유니트론텍,kosdaq,20160202,14000,25300,80.71%,24850
647,차이나크리스탈신소재,kosdaq,20160128,3000,4000,33.33%,3870
648,한솔씨앤피,kosdaq,20160127,13000,18950,45.77%,19600
649,에스와이패널,kosdaq,20151229,5000,4700,-6%,6110
650,코리아오토글라스(유가),kospi,20151229,11000,11600,5.45%,13600
651,코디엠,kosdaq,20151229,4700,7490,59.36%,6100
652,잇츠스킨(유가),kospi,20151228,170000,172000,1.18%,152000
653,육일씨엔에쓰,kosdaq,20151224,6000,6560,9.33%,5160
654,휴젤,kosdaq,20151224,150000,199500,33%,168300
655,대신밸런스스팩2호,kosdaq,20151224,2000,2000,0%,2000
656,이에스브이,kosdaq,20151224,10000,18500,85%,13600
657,한국맥널티,kosdaq,20151223,8000,16000,100%,13250
658,아진산업,kosdaq,20151222,6500,7620,17.23%,6320
659,덱스터,kosdaq,20151222,14000,24800,77.14%,28800
660,씨트리,kosdaq,20151221,6500,9250,42.31%,12000
661,강스템바이오텍,kosdaq,20151221,6000,7200,20%,9360
662,메가엠디,kosdaq,20151218,3000,5020,67.33%,3800
663,동부스팩4호,kosdaq,20151218,2000,2000,0%,2005
664,파크시스템스,kosdaq,20151217,9000,11000,22.22%,8660
665,보광산업,kosdaq,20151217,4000,6110,52.75%,6310
666,하나금융스팩7호,kosdaq,20151216,2000,2010,0.5%,2005
667,뉴트리바이오텍,kosdaq,20151216,21000,23000,9.52%,29000
668,예스티,kosdaq,20151216,14500,15500,6.9%,18000
669,멕아이씨에스,kosdaq,20151214,4500,8000,77.78%,6600
670,엔에스,kosdaq,20151207,8000,12950,61.88%,14750
671,미래테크놀로지,kosdaq,20151201,16100,14950,-7.14%,13700
672,세진중공업(유가),kospi,20151130,3500,3495,-0.14%,3135
673,하이즈항공,kosdaq,20151125,18000,16200,-10%,16800
674,엠지메드,kosdaq,20151120,40000,41000,2.5%,36300
675,리드,kosdaq,20151120,5100,4590,-10%,3945
676,케이디켐,kosdaq,20151119,16000,14850,-7.19%,12500
677,매직마이크로,kosdaq,20151119,5500,5420,-1.45%,4850
678,네오오토,kosdaq,20151118,12000,11800,-1.67%,10000
679,골든브릿지스팩4호,kosdaq,20151118,2000,1990,-0.5%,2000
680,케어젠,kosdaq,20151117,110000,101500,-7.73%,107000
681,아이진,kosdaq,20151116,13500,12900,-4.44%,13100
682,나무가,kosdaq,20151112,37000,33400,-9.73%,33000
683,유앤아이,kosdaq,20151112,30000,28650,-4.5%,24350
684,금호에이치티(유가),kospi,20151111,10000,9500,-5%,8860
685,제주항공(유가),kospi,20151106,30000,49500,65%,48100
686,에이치엠씨스팩3호,kosdaq,20151105,2000,2020,1%,2025
687,더블유게임즈,kosdaq,20151104,65000,65100,0.15%,62500
688,연우,kosdaq,20151102,25200,28150,11.71%,36550
689,키움스팩4호,kosdaq,20151030,2000,2060,3%,2055
690,에이티젠,kosdaq,20151023,17000,34000,100%,25800
691,현대드림스팩4호,kosdaq,20151022,2000,2090,4.5%,2075
692,엑시콘,kosdaq,20151022,10000,10400,4%,8650
693,이베스트스팩3호,kosdaq,20151019,2000,2090,4.5%,2085
694,에치디프로,kosdaq,20151013,8900,9580,7.64%,8650
695,IBKS스팩3호,kosdaq,20151008,2000,2100,5%,2100
696,동부스팩3호,kosdaq,20151006,2000,2105,5.25%,2100
697,신영해피투모로우2호스팩,kosdaq,20151005,2000,2090,4.5%,2100
698,엘아이지넥스원(유가),kospi,20151002,76000,68400,-10%,72800
699,엔에이치스팩9호,kosdaq,20150925,2000,2070,3.5%,2090
700,제너셈,kosdaq,20150925,10500,11000,4.76%,10500
701,타이거일렉,kosdaq,20150925,6000,5720,-4.67%,7430
702,아이콘트롤스(유가),kospi,20150924,32000,31650,-1.09%,-
703,동일제강(유가),kospi,20150924,3000,3870,29%,-
704,인포마크,kosdaq,20150923,14000,25000,78.57%,20100
705,유진스팩3호,kosdaq,20150909,2000,2105,5.25%,2100
706,한국스팩3호,kosdaq,20150902,2000,2125,6.25%,2160
707,케이티비스팩3호,kosdaq,20150828,2000,2185,9.25%,2155
708,교보스팩5호,kosdaq,20150827,2000,2300,15%,2190
709,웹스,kosdaq,20150824,7200,11400,58.33%,8000
710,에이제이네트웍스(유가),kospi,20150821,34300,30900,-9.91%,35500
711,현대드림스팩3호,kosdaq,20150821,2000,2000,0%,2165
712,파인텍,kosdaq,20150817,10500,21000,100%,17100
713,교보스팩4호,kosdaq,20150813,2000,3365,68.25%,3150
714,흥국에프엔비,kosdaq,20150807,20000,40000,100%,52000
715,미래에셋스팩4호,kosdaq,20150806,2000,3130,56.5%,4065
716,케이비스팩8호,kosdaq,20150805,2000,2370,18.5%,2345
717,칩스앤미디어,kosdaq,20150805,10500,13700,30.48%,16400
718,아시아경제신문사,kosdaq,20150731,3600,3240,-10%,4210
719,아이쓰리시스템,kosdaq,20150730,36000,63000,75%,58000
720,로지시스,kosdaq,20150729,2500,4180,67.2%,5430
721,엘아이지이에스스팩,kosdaq,20150727,2000,2770,38.5%,2220
722,파마리서치프로덕트,kosdaq,20150724,55000,110000,100%,114500
723,에스케이스팩2호,kosdaq,20150723,2000,2140,7%,2150
724,펩트론,kosdaq,20150722,16000,32000,100%,41600
725,한화에이스스팩2호,kosdaq,20150720,2000,2125,6.25%,2160
726,이노션(유가),kospi,20150717,68000,66500,-2.21%,60500
727,유안타스팩2호,kosdaq,20150717,2000,2125,6.25%,2140
728,키움스팩3호,kosdaq,20150710,2000,2110,5.5%,2115
729,토니모리(유가),kospi,20150710,32000,64000,100%,50500
730,미래에셋생명보험(유가),kospi,20150708,7500,7400,-1.33%,7240
731,골든브릿지스팩3호,kosdaq,20150630,2000,2035,1.75%,2050
732,동운아나텍,kosdaq,20150630,10000,12500,25%,12800
733,유테크,kosdaq,20150630,9000,12550,39.44%,10850
734,엔에이치스팩8호,kosdaq,20150630,2000,2080,4%,2110
735,민앤지,kosdaq,20150630,28000,56000,100%,44850
736,경보제약(유가),kospi,20150629,15000,30000,100%,34250
737,에스엔텍,kosdaq,20150626,6500,10000,53.85%,13000
738,코아스템,kosdaq,20150626,16000,32000,100%,41600
739,이베스트스팩2호,kosdaq,20150626,2000,2020,1%,2055
740,세미콘라이트,kosdaq,20150625,11300,11500,1.77%,14950
741,에스케이디앤디(유가),kospi,20150623,26000,52000,100%,67600
742,베셀,kosdaq,20150619,9000,13400,48.89%,10400
743,대신밸런스스팩1호,kosdaq,20150618,2000,2025,1.25%,2015
744,하나머스트스팩5호,kosdaq,20150618,2000,2025,1.25%,2030
745,싸이맥스,kosdaq,20150617,16300,15200,-6.75%,14000
746,하이스팩3호,kosdaq,20150616,2000,2020,1%,2020
747,픽셀플러스,kosdaq,20150612,30000,27000,-10%,29000
748,엔에이치스팩7호,kosdaq,20150612,2000,2130,6.5%,2125
749,한화에이씨피씨스팩,kosdaq,20150610,2000,2155,7.75%,2120
750,제노포커스,kosdaq,20150529,11000,22000,100%,25300
751,미래에셋스팩3호,kosdaq,20150522,2000,2255,12.75%,2230
752,대우스팩3호,kosdaq,20150519,2000,2600,30%,2400
753,한화엠지아이스팩,kosdaq,20150518,2000,2900,45%,2465
754,대우에스비아이스팩1호,kosdaq,20150513,2000,2365,18.25%,-
755,엔에이치스팩5호,kosdaq,20150508,2000,2250,12.5%,2230
756,유진에이씨피씨스팩2호,kosdaq,20150428,2000,2315,15.75%,-
757,하나머스트스팩4호,kosdaq,20150422,2000,3010,50.5%,2560
758,한화에이스스팩1호,kosdaq,20150420,2000,2245,12.25%,-
759,유지인트,kosdaq,20150413,15000,29150,94.33%,24800
760,케이티비스팩2호,kosdaq,20150403,2000,2150,7.5%,2170
761,NS쇼핑(구.농수산홈쇼핑)(유가),kospi,20150327,235000,211500,-10%,215500
762,케이비스팩7호,kosdaq,20150325,2000,2260,13%,2310
763,세화아이엠씨(유가),kospi,20150319,16300,18100,11.04%,16500
764,포시에스,kosdaq,20150211,9100,15500,70.33%,16000
765,골든브릿지스팩2호,kosdaq,20150205,2000,2220,11%,2165
766,현대드림스팩2호,kosdaq,20141229,2000,1995,-0.25%,1995
767,케이비스팩6호,kosdaq,20141229,2000,2030,1.5%,2105
768,국일신동,kosdaq,20141229,1700,3225,89.71%,2745
769,영백씨엠,kosdaq,20141229,5500,11000,100%,9510
770,NH스팩2호,kosdaq,20141229,2000,2015,0.75%,2000
771,하이셈,kosdaq,20141226,1500,2610,74%,2220
772,휴메딕스,kosdaq,20141226,28000,43600,55.71%,39200
773,서전기전,kosdaq,20141224,6500,8000,23.08%,9200
774,교보스팩3호,kosdaq,20141224,2000,2005,0.25%,2010
775,오킨스전자,kosdaq,20141224,7100,11000,54.93%,12650
776,하나머스트스팩3호,kosdaq,20141224,2000,2015,0.75%,2010
777,아스트,kosdaq,20141224,9500,8550,-10%,9000
778,케이비스팩5호,kosdaq,20141224,2000,2000,0%,2000
779,넥스트엔터테인먼트월드,kosdaq,20141223,16300,15800,-3.07%,18150
780,아이티센,kosdaq,20141223,7500,8460,12.8%,8770
781,제일모직(구.삼성에버랜드)(유가),kospi,20141218,53000,106000,100%,113000
782,하이로닉,kosdaq,20141217,51000,63800,25.1%,73300
783,하나머스트스팩2호,kosdaq,20141217,2000,2000,0%,2000
784,우리에스엘스팩,kosdaq,20141217,2000,2000,0%,2010
785,디티앤씨(구.디지털이엠씨),kosdaq,20141217,18500,30000,62.16%,26050
786,엘아이지스팩2호,kosdaq,20141217,2000,2015,0.75%,2015
787,녹십자엠에스,kosdaq,20141217,6000,9000,50%,10350
788,랩지노믹스,kosdaq,20141216,13200,16650,26.14%,14250
789,에이디테크놀로지,kosdaq,20141216,15000,13500,-10%,14000
790,비씨월드제약,kosdaq,20141215,15700,18100,15.29%,17550
791,동부스팩2호,kosdaq,20141212,2000,2010,0.5%,2
792,알테오젠,kosdaq,20141212,26000,25150,-3.27%,21500
793,한국스팩2호,kosdaq,20141210,2000,2015,0.75%,2005
794,에스케이씨코오롱피아이,kosdaq,20141208,8000,7800,-2.5%,7580
795,대창스틸,kosdaq,20141205,2500,3605,44.2%,4145
796,에프엔씨엔터테인먼트,kosdaq,20141204,28000,25200,-10%,27600
797,하이스팩2호,kosdaq,20141201,2000,2010,0.5%,2015
798,씨에스윈드(유가),kospi,20141127,43500,39150,-10%,33300
799,케이티비스팩1호,kosdaq,20141124,2000,2030,1.5%,2025
800,텔콘,kosdaq,20141124,14500,13800,-4.83%,11750
801,파티게임즈,kosdaq,20141121,13000,26000,100%,29900
802,IBKS스팩2호,kosdaq,20141120,2000,2030,1.5%,2015
803,유안타스팩1호,kosdaq,20141119,2000,2045,2.25%,2055
804,디에이테크놀로지,kosdaq,20141119,6600,7800,18.18%,6630
805,삼성SDS(유가),kospi,20141114,190000,380000,100%,327500
806,케이비스팩4호,kosdaq,20141112,2000,2080,4%,2025
807,현대에이블스팩1호,kosdaq,20141110,2000,3500,75%,2975
808,교보위드스팩,kosdaq,20141107,2000,2250,12.5%,2585
809,테고사이언스,kosdaq,20141106,13500,27000,100%,31050
810,슈피겐코리아,kosdaq,20141105,27500,37100,34.91%,42650
811,테라셈,kosdaq,20141030,3000,3200,6.67%,2745
812,영우디에스피,kosdaq,20141029,5000,5500,10%,6320
813,대우스팩2호,kosdaq,20141022,2000,2005,0.25%,-
814,신한스팩2호,kosdaq,20141013,2000,1990,-0.5%,1995
815,메디아나,kosdaq,20141007,6200,6370,2.74%,5850
816,데브시스터즈,kosdaq,20141006,53000,71000,33.96%,61000
817,KB스팩3호,kosdaq,20140930,2000,2045,2.25%,-
818,감마누,kosdaq,20140814,11000,22000,100%,18700
819,우리스팩3호,kosdaq,20140813,2000,2150,7.5%,2085
820,신화콘텍,kosdaq,20140808,9100,8190,-10%,7100
821,쿠쿠전자(유가),kospi,20140806,104000,180000,73.08%,207000
822,파버나인,kosdaq,20140804,12500,12300,-1.6%,12000
823,덕신하우징,kosdaq,20140801,13000,21650,66.54%,20950
824,창해에탄올,kosdaq,20140730,8300,16600,100%,14600
825,윈하이텍,kosdaq,20140725,8300,13300,60.24%,15250
826,아진엑스텍,kosdaq,20140724,7000,7900,12.86%,7060
827,미래에셋스팩2호,kosdaq,20140723,2000,2110,5.5%,2160
828,화인베스틸(유가),kospi,20140722,4700,4490,-4.47%,5160
829,트루윈,kosdaq,20140711,10500,17000,61.9%,14450
830,하나머스트스팩,kosdaq,20140610,2000,2330,16.5%,2675
831,캐스텍코리아,kosdaq,20140527,6500,11500,76.92%,9800
832,BGF리테일(구.보광훼미리마트)(유가),kospi,20140519,41000,57000,39.02%,55200
833,유진스팩1호,kosdaq,20140508,2000,2090,4.5%,2065
834,KB스팩2호,kosdaq,20140428,2000,2075,3.75%,2145
835,오이솔루션,kosdaq,20140227,10000,20000,100%,23000
836,인터파크INT,kosdaq,20140206,7700,15400,100%,17700
837,한국정보인증,kosdaq,20140204,1800,2900,61.11%,3335
838,솔루에타,kosdaq,20131227,24000,21600,-10%,22750
839,이지웰페어,kosdaq,20131227,4400,7000,59.09%,8050
840,키움제2호스팩,kosdaq,20131220,2000,2020,1%,1980
841,기가레인(구.맥시스),kosdaq,20131219,5500,4950,-10%,4280
842,인트로메딕,kosdaq,20131219,6000,6700,11.67%,5700
843,알티캐스트,kosdaq,20131206,8500,8500,0%,7940
844,현대공업,kosdaq,20131204,7500,8850,18%,7610
845,엔브이에이치코리아,kosdaq,20131203,4500,4440,-1.33%,4300
846,디엠티,kosdaq,20131126,5700,5210,-8.6%,5990
847,우리기업인수목적2호,kosdaq,20131121,2000,2005,0.25%,1970
848,신송홀딩스,kosdaq,20131121,6500,10900,67.69%,10100
849,라이온켐텍,kosdaq,20131119,12500,14200,13.6%,16050
850,램테크놀러지,kosdaq,20131118,3900,6250,60.26%,5320
851,미동전자통신,kosdaq,20131113,20000,19400,-3%,16500
852,에이씨티,kosdaq,20131108,8100,12000,48.15%,10200
853,해성옵틱스,kosdaq,20131106,6600,7800,18.18%,6850
854,내츄럴엔도텍,kosdaq,20131031,40000,80000,100%,84700
855,현대로템(유가),kospi,20131030,23000,33700,46.52%,38750
856,테스나,kosdaq,20131022,13500,15300,13.33%,13050
857,파수닷컴,kosdaq,20131018,5800,6000,3.45%,6900
858,엘티씨,kosdaq,20131008,20500,25000,21.95%,21250
859,지엔씨에너지,kosdaq,20131002,6000,12000,100%,13800
860,아미코젠,kosdaq,20130912,25000,50000,100%,57500
861,금호N.T,kosdaq,20130802,3100,6200,100%,7130
862,파이오링크,kosdaq,20130801,10500,18500,76.19%,15750
863,KG이티에스,kosdaq,20130724,3800,4000,5.26%,4600
864,나스미디어,kosdaq,20130717,8800,15050,71.02%,15350
865,엑세스바이오,kosdaq,20130530,4500,9000,100%,10350
866,디에스알(유가),kospi,20130515,4000,5000,25%,5750
867,레고켐바이오사이언스,kosdaq,20130510,15500,19900,28.39%,17500
868,삼목강업,kosdaq,20130430,2600,3440,32.31%,3955
869,세호로보트,kosdaq,20130403,7800,14000,79.49%,13050
870,윈팩,kosdaq,20130307,4000,4050,1.25%,4340
871,코렌텍,kosdaq,20130305,16000,15950,-0.31%,15550
872,제로투세븐,kosdaq,20130219,8300,13050,57.23%,12000
873,지디,kosdaq,20130213,18000,25150,39.72%,26200
874,아이원스,kosdaq,20130207,4500,5500,22.22%,5200
875,우리이앤엘,kosdaq,20130205,4900,4410,-10%,4790
876,아이센스,kosdaq,20130130,19000,29200,53.68%,25950
877,포티스,kosdaq,20130129,3900,5700,46.15%,6550
878,씨에스엘쏠라,kosdaq,20121227,10000,12500,25%,11700
879,SBIAXES(구.AXES홀딩스),kosdaq,20121217,3600,3240,-10%,3725
880,우리로광통신,kosdaq,20121127,10300,9270,-10%,8360
881,디젠스,kosdaq,20121122,1800,2800,55.56%,2380
882,GMB코리아(유가),kospi,20121120,6000,5990,-0.17%,5810
883,맥스로텍,kosdaq,20121116,7000,10650,52.14%,9100
884,와이엠씨,kosdaq,20121115,6000,7090,18.17%,6030
885,CJ헬로비전(유가),kospi,20121109,16000,15100,-5.63%,15500
886,아바텍,kosdaq,20121106,6300,10500,66.67%,12050
887,코이즈,kosdaq,20120927,7500,9000,20%,9050
888,모다정보통신,kosdaq,20120925,7000,8900,27.14%,7570
889,나노스,kosdaq,20120802,7000,9280,32.57%,10650
890,에이제이렌터카(구.아주오토렌탈)(유가),kospi,20120727,7000,6460,-7.71%,6160
891,우양에이치씨,kosdaq,20120726,5500,4950,-10%,5170
892,엠씨넥스,kosdaq,20120725,15000,13500,-10%,11500
893,네이블커뮤니케이션즈,kosdaq,20120719,9000,9920,10.22%,8730
894,디지탈옵틱,kosdaq,20120713,11500,10900,-5.22%,12500
895,피엔티,kosdaq,20120706,17000,22300,31.18%,19400
896,사조씨푸드(유가),kospi,20120629,10600,10000,-5.66%,8910
897,비아트론,kosdaq,20120504,15900,25500,60.38%,21700
898,에스비아이모기지,kosdaq,20120430,7000,6300,-10%,5360
899,코오롱패션머티리얼(유가),kospi,20120405,14500,20000,37.93%,23000
900,빛샘전자,kosdaq,20120321,4400,8800,100%,10100
901,휴비스(유가),kospi,20120223,12200,12250,0.41%,11550
902,사람인에이치알,kosdaq,20120221,5000,10000,100%,11500
903,뉴로스,kosdaq,20120215,8500,13600,60%,12500
904,남화토건,kosdaq,20120131,3000,4000,33.33%,4290
905,케이탑리츠,kosdaq,20120131,5500,5550,0.91%,5130
906,동아팜텍,kosdaq,20120120,24000,35000,45.83%,29750
907,원익머트리얼즈,kosdaq,20111228,27000,40000,48.15%,38500
908,디엔에이링크,kosdaq,20111226,7700,15400,100%,17700
909,GS리테일(지에스리테일)(유가),kospi,20111223,19500,19500,0%,22400
910,나이스디앤비,kosdaq,20111222,1700,2450,44.12%,2815
911,시큐브,kosdaq,20111221,4900,4410,-10%,5070
912,서암기계공업,kosdaq,20111219,3800,4000,5.26%,3400
913,인터지스(유가),kospi,20111216,10000,9000,-10%,-
914,씨유메디칼시스템,kosdaq,20111215,12000,16000,33.33%,18400
915,사파이어테크놀로지,kosdaq,20111205,65000,58500,-10%,49800
916,넥스트리밍,kosdaq,20111202,6000,5400,-10%,6210
917,티브이로직,kosdaq,20111201,12000,10850,-9.58%,1530
918,에스에프씨,kosdaq,20111130,14000,12600,-10%,10750
919,신진에스엠,kosdaq,20111128,15000,15000,0%,13300
920,이엠넷,kosdaq,20111125,6400,11400,78.13%,9700
921,와이지엔터테인먼트,kosdaq,20111123,34000,68000,100%,78200
922,쎄미시스코,kosdaq,20111118,9500,11100,16.84%,9900
923,아이테스트,kosdaq,20111111,2400,2690,12.08%,-
924,테크윙,kosdaq,20111110,23000,30000,30.43%,25500
925,신흥기계,kosdaq,20111108,8500,16000,88.24%,17100
926,씨큐브,kosdaq,20111108,5750,7000,21.74%,6140
927,씨엔플러스,kosdaq,20111102,11500,15200,32.17%,14100
928,테라세미콘,kosdaq,20111101,13500,23800,76.3%,24000
929,케이맥,kosdaq,20111025,14500,24750,70.69%,28450
930,로보스타,kosdaq,20111017,5800,7800,34.48%,8970
931,넥솔론(유가),kospi,20111014,4000,6000,50%,5200
932,대한과학,kosdaq,20111011,3000,5010,67%,5760
933,피앤이솔루션,kosdaq,20110927,8000,8110,1.38%,7070
934,화진,kosdaq,20110810,4300,6330,47.21%,5390
935,제이씨케미칼,kosdaq,20110808,7200,10300,43.06%,8800
936,아이씨디,kosdaq,20110805,34000,62800,84.71%,72200
937,제닉,kosdaq,20110803,22000,35600,61.82%,40900
938,경봉,kosdaq,20110729,7100,10900,53.52%,9300
939,삼원강재(유가),kospi,20110722,4000,8000,100%,9200
940,상아프론테크,kosdaq,20110721,6000,7680,28%,6700
941,신세계인터내셔날(유가),kospi,20110714,65000,103000,58.46%,118000
942,나이벡,kosdaq,20110713,10000,15000,50%,12750
943,옵티시스,kosdaq,20110712,7600,11000,44.74%,12100
944,대양전기공업,kosdaq,20110708,9000,11200,24.44%,9550
945,한국항공우주산업(유가),kospi,20110630,15500,19300,24.52%,22150
946,하이마트(유가),kospi,20110629,59000,53100,-10%,57000
947,탑금속,kosdaq,20110624,6500,8120,24.92%,8750
948,엠케이트렌드(유가),kospi,20110621,11000,15500,40.91%,13200
949,쓰리피시스템,kosdaq,20110617,5800,5800,0%,4930
950,코오롱플라스틱(유가),kospi,20110615,4300,6900,60.47%,7150
951,리켐,kosdaq,20110614,14000,18200,30%,20900
952,넥스트아이,kosdaq,20110614,10000,9000,-10%,7740
953,완리인터내셔널홀딩스,kosdaq,20110613,4100,3850,-6.1%,3275
954,KT스카이라이프(유가),kospi,20110603,17000,17500,2.94%,20100
955,엘티에스,kosdaq,20110602,34000,30600,-10%,30200
956,세아특수강(유가),kospi,20110601,28000,32500,16.07%,37350
957,케이엠에이치,kosdaq,20110525,9500,8550,-10%,7270
958,골프존,kosdaq,20110520,85000,94400,11.06%,85500
959,한국종합기술(유가),kospi,20110428,7100,9300,30.99%,7910
960,이퓨쳐,kosdaq,20110427,6400,12800,100%,10900
961,티케이케미칼,kosdaq,20110426,5000,4850,-3%,5570
962,일진머티리얼즈(유가),kospi,20110304,15800,15300,-3.16%,14100
963,부스타,kosdaq,20110223,4200,3780,-10%,4345
964,현대위아(유가),kospi,20110221,65000,76500,17.69%,70200
965,나노신소재,kosdaq,20110209,17000,17550,3.24%,14950
966,케이아이엔엑스,kosdaq,20110208,8000,8000,0%,6950
967,티피씨,kosdaq,20110208,5200,7000,34.62%,5950
968,엘비세미콘,kosdaq,20110131,4700,4650,-1.06%,4550
969,제이엔케이히터,kosdaq,20110131,13600,12250,-9.93%,14050
970,딜리,kosdaq,20110131,8000,7600,-5%,8740
971,블루콤,kosdaq,20110126,12000,18850,57.08%,16050
972,인트론바이오테크놀로지,kosdaq,20110126,6100,12200,100%,10400
973,중국고섬공고(유가),kospi,20110125,7000,6300,-10%,5900
974,씨그널정보통신,kosdaq,20110124,8500,17000,100%,14450
975,다나와,kosdaq,20110124,14000,25800,84.29%,21950
976,인텍플러스,kosdaq,20110105,7000,14000,100%,16100
977,티에스이,kosdaq,20110105,45000,66600,48%,76500
978,KB게임(KB스팩),kosdaq,20110105,2500,2700,8%,3105
979,두산엔진(유가),kospi,20110104,19300,22350,15.8%,25700
980,액트,kosdaq,20101227,2700,2430,-10%,2790
981,대구도시가스(유가),kospi,20101224,5400,5560,2.96%,6390
982,현대HCN(유가),kospi,20101223,3800,3420,-10%,3600
983,IBKS스마트스팩,kosdaq,20101222,1000,990,-1%,998
984,대정화금,kosdaq,20101220,9200,13100,42.39%,13800
985,케이티스(구.한국인포서비스)(유가),kospi,20101217,2700,2920,8.15%,2635
986,한전산업개발(유가),kospi,20101216,5500,5490,-0.18%,5060
987,동부티에스블랙펄스팩,kosdaq,20101208,2000,1970,-1.5%,1970
988,하이제1호스팩,kosdaq,20101203,4000,4060,1.5%,4010
989,세우테크,kosdaq,20101201,5500,6500,18.18%,7470
990,코라오홀딩스(유가),kospi,20101130,4800,7300,52.08%,6210
991,대구방송,kosdaq,20101129,7500,7100,-5.33%,8160
992,케이티롤,kosdaq,20101126,6800,8210,20.74%,9440
993,시그네틱스,kosdaq,20101126,2600,2700,3.85%,2460
994,한국전자인증,kosdaq,20101119,1600,1800,12.5%,2070
995,코프라,kosdaq,20101112,7000,14000,100%,11950
996,디케이락,kosdaq,20101112,7500,7480,-0.27%,6460
997,하나그린스팩1호,kosdaq,20101110,4000,4210,5.25%,4220
998,아나패스,kosdaq,20101105,52000,54400,4.62%,62500
999,삼본정밀전자,kosdaq,20101105,8800,9300,5.68%,8600
1000,케이엔엔,kosdaq,20101103,9000,8800,-2.22%,8270
1001,부국퓨쳐스타즈스팩,kosdaq,20101029,2000,2300,15%,2305
1002,아이텍반도체,kosdaq,20101026,9100,9150,0.55%,8000
1003,누리플랜,kosdaq,20101026,5500,8400,52.73%,7800
1004,인화정공,kosdaq,20101022,26000,30200,16.15%,25700
1005,코렌,kosdaq,20101022,5800,6300,8.62%,5860
1006,아이씨코리아,kosdaq,20101019,2800,4500,60.71%,4740
1007,키움제1호스팩,kosdaq,20101005,2000,2100,5%,1985
1008,휠라코리아(유가),kospi,20100928,35000,70000,100%,68700
1009,포메탈,kosdaq,20100917,6000,5710,-4.83%,6560
1010,알파칩스,kosdaq,20100917,12000,15500,29.17%,16550
1011,케이티씨에스(구.한국인포데이타(유가),kospi,20100916,2600,3055,17.5%,2600
1012,성융광전투자,kosdaq,20100915,2800,2920,4.29%,2810
1013,다원시스,kosdaq,20100914,11000,11300,2.73%,12950
1014,현대홈쇼핑(유가),kospi,20100913,90000,124500,38.33%,130500
1015,이트레이드1호스팩,kosdaq,20100910,2000,2005,0.25%,1995
1016,씨젠,kosdaq,20100910,30500,27450,-10%,31550
1017,와이솔,kosdaq,20100910,8000,7200,-10%,8280
1018,에이치엠씨아이비1호스팩,kosdaq,20100831,2000,2120,6%,2145
1019,교보케이티비스팩,kosdaq,20100827,4000,3950,-1.25%,3950
1020,에스비아이앤솔로몬드림스팩,kosdaq,20100824,1250,1235,-1.2%,1220
1021,대신증권그로쓰알파,kosdaq,20100824,2000,1990,-0.5%,1975
1022,한국투자신성장1호스팩,kosdaq,20100824,2200,2210,0.45%,2200
1023,도화종합기술공사(유가),kospi,20100812,22000,19800,-10%,16900
1024,엠에스오토텍,kosdaq,20100806,5500,11000,100%,9350
1025,이글루시큐리티,kosdaq,20100804,14000,12600,-10%,10750
1026,아이마켓코리아(유가),kospi,20100730,15300,22100,44.44%,25400
1027,인터로조,kosdaq,20100728,12000,10800,-10%,9200
1028,하이텍팜,kosdaq,20100728,11500,16200,40.87%,13800
1029,우진(유가),kospi,20100726,15000,30000,100%,34500
1030,웨이포트(홍콩),kosdaq,20100723,1400,1395,-0.36%,1190
1031,크루셜텍,kosdaq,20100721,23500,31900,35.74%,27150
1032,에스디시스템,kosdaq,20100716,14800,17500,18.24%,20100
1033,한화스팩1호,kosdaq,20100709,5000,4960,-0.8%,4985
1034,신영증권스팩1호,kosdaq,20100702,1000,1065,6.5%,1005
1035,웅진에너지(유가),kospi,20100630,9500,12000,26.32%,13800
1036,유비벨록스,kosdaq,20100618,11000,12250,11.36%,12800
1037,처음앤씨,kosdaq,20100618,13000,12100,-6.92%,13900
1038,케이엔디티앤아이,kosdaq,20100615,8500,11000,29.41%,9350
1039,히든챔피언제1호스팩,kosdaq,20100611,2000,1960,-2%,1900
1040,이연제약(유가),kospi,20100610,16500,16500,0%,14050
1041,솔라시아,kosdaq,20100609,5000,9500,90%,8080
1042,실리콘웍스,kosdaq,20100608,67000,66900,-0.15%,70900
1043,투비소프트,kosdaq,20100601,8000,16000,100%,18400
1044,인피니트헬스케어(구.인피니트테,kosdaq,20100526,5200,5940,14.23%,5050
1045,신한제1호스팩,kosdaq,20100525,5000,4500,-10%,4450
1046,모바일리더,kosdaq,20100525,15000,21000,40%,18900
1047,만도(유가),kospi,20100519,83000,97000,16.87%,111500
1048,삼성생명(유가),kospi,20100512,110000,119500,8.64%,114000
1049,우리스팩1호(유가),kospi,20100511,10000,10500,5%,10050
1050,동아체육용품유한공사,kosdaq,20100423,5000,4500,-10%,3825
1051,뉴프라이드,kosdaq,20100421,7500,15000,100%,12750
1052,케이씨에스,kosdaq,20100414,1600,3200,100%,3680
1053,차이나킹하이웨이,kosdaq,20100331,3700,4100,10.81%,3485
1054,디지탈아리아,kosdaq,20100326,11000,22000,100%,25300
1055,동양밸류오션SPAC(유가),kospi,20100325,10000,15000,50%,12750
1056,현대드림투게더,kosdaq,20100319,6000,6800,13.33%,7820
1057,대한생명보험(유가),kospi,20100317,8200,8700,6.1%,8850
1058,미래에셋스팩1호,kosdaq,20100312,1500,1540,2.67%,1770
1059,대우증권그린코리아SPAC(유가),kospi,20100303,3500,3705,5.86%,3550
