,기업명,수요예측일,청약일
0,에이치와이티씨,2022.07.21,2022.07.29
1,새빗켐,2022.07.20,2022.07.27
2,유안타스팩9호,2022.07.19,2022.07.26
3,수산인더스트리,2022.07.14,2022.07.21
4,에이프릴바이오,2022.07.13,2022.07.20
5,신한스팩10호,2022.07.13,2022.07.20
6,아이씨에이치,2022.07.13,2022.07.20
7,성일하이텍,2022.07.11,2022.07.19
8,IBKS스팩18호,2022.07.07,2022.07.13
9,루닛,2022.07.07,2022.07.13
10,대신밸런스12호스팩,2022.06.30,2022.07.06
11,에이치피에스피,2022.06.29,2022.07.07
12,영창케미칼,2022.06.27,2022.07.05
13,삼성스팩6호,2022.06.16,2022.06.22
14,넥스트칩,2022.06.16,2022.06.22
15,NH스팩23호,2022.06.13,2022.06.17
16,위니아에이드,2022.06.09,2022.06.15
17,레이저쎌,2022.06.09,2022.06.15
18,KB스팩21호,2022.06.08,2022.06.15
19,교보스팩12호,2022.06.08,2022.06.15
20,보로노이,2022.06.08,2022.06.15
21,범한퓨얼셀,2022.06.02,2022.06.09
22,비플라이소프트,2022.06.02,2022.06.10
23,청담글로벌,2022.05.17,2022.05.25
24,하나금융스팩22호,2022.05.11,2022.05.18
25,가온칩스,2022.05.02,2022.05.12
26,마스턴프리미어리츠,2022.05.02,2022.05.13
27,대명에너지,2022.04.27,2022.05.04
28,상상인스팩3호,2022.04.14,2022.04.20
29,포바이포,2022.04.14,2022.04.20
30,신영스팩7호,2022.04.13,2022.04.19
31,신한스팩9호,2022.04.12,2022.04.19
32,미래에셋비전스팩1호,2022.04.05,2022.04.12
33,키움스팩6호,2022.03.23,2022.03.29
34,지투파워,2022.03.17,2022.03.23
35,유진스팩8호,2022.03.17,2022.03.23
36,세아메카닉스,2022.03.10,2022.03.16
37,공구우먼,2022.03.07,2022.03.15
38,유일로보틱스,2022.02.24,2022.03.08
39,모아데이타,2022.02.21,2022.02.28
40,코람코더원리츠,2022.02.21,2022.03.03
41,SK증권스팩7호,2022.02.16,2022.02.23
42,비씨엔씨,2022.02.16,2022.02.22
43,노을,2022.02.15,2022.02.22
44,브이씨,2022.02.10,2022.02.16
45,풍원정밀,2022.02.10,2022.02.18
46,스톤브릿지벤처스,2022.02.09,2022.02.16
47,하나금융스팩21호,2022.02.09,2022.02.16
48,퓨런티어,2022.02.07,2022.02.15
49,IBKS스팩17호,2022.02.03,2022.02.09
50,한국스팩10호,2022.01.25,2022.02.11
51,바이오에프디엔씨,2022.01.24,2022.02.10
52,인카금융서비스,2022.01.24,2022.02.08
53,나래나노텍,2022.01.17,2022.01.25
54,아셈스,2022.01.17,2022.01.25
55,스코넥,2022.01.13,2022.01.21
56,이지트로닉스,2022.01.13,2022.01.21
57,LG에너지솔루션,2022.01.11,2022.01.19
58,애드바이오텍,2022.01.06,2022.01.14
59,디비금융스팩10호,2022.01.06,2022.01.11
60,케이옥션,2022.01.06,2022.01.13
61,오토앤,2022.01.05,2022.01.12
62,래몽래인,2021.12.15,2021.12.21
63,하나금융스팩20호,2021.12.13,2021.12.17
64,NH스팩22호,2021.12.13,2021.12.17
65,하이스팩7호,2021.12.06,2021.12.10
66,교보스팩11호,2021.12.06,2021.12.10
67,케이티비네트워크,2021.11.29,2021.12.07
68,툴젠,2021.11.25,2021.12.03
69,대신밸런스스팩11호,2021.11.17,2021.11.23
70,신한서부티엔디리츠,2021.11.17,2021.11.26
71,미래에셋글로벌리츠,2021.11.15,2021.11.24
72,마인즈랩,2021.11.08,2021.11.12
73,알비더블유,2021.11.05,2021.11.12
74,바이옵트로,2021.11.03,2021.11.10
75,트윔,2021.11.02,2021.11.09
76,지오엘리먼트,2021.10.28,2021.11.03
77,NH올원리츠,2021.10.28,2021.11.05
78,비트나인,2021.10.25,2021.11.02
79,디어유,2021.10.25,2021.11.02
80,아이티아이즈,2021.10.25,2021.11.02
81,지니너스,2021.10.21,2021.10.28
82,카카오페이,2021.10.20,2021.10.26
83,피코그램,2021.10.19,2021.10.26
84,엔켐,2021.10.15,2021.10.22
85,리파인,2021.10.14,2021.10.21
86,지앤비에스엔지니어링,2021.10.14,2021.10.20
87,아이패밀리에스씨,2021.10.12,2021.10.19
88,차백신연구소,2021.10.05,2021.10.13
89,지아이텍,2021.10.05,2021.10.13
90,NH스팩21호,2021.09.28,2021.10.06
91,씨유테크,2021.09.23,2021.09.29
92,아스플로,2021.09.16,2021.09.28
93,원준,2021.09.15,2021.09.28
94,하나금융스팩19호,2021.09.15,2021.09.28
95,NH스팩20호,2021.09.14,2021.09.24
96,케이카,2021.09.13,2021.10.01
97,실리콘투,2021.09.09,2021.09.15
98,프롬바이오,2021.09.09,2021.09.15
99,신한스팩8호,2021.09.08,2021.09.14
100,바이오플러스,2021.09.08,2021.09.14
101,에스앤디,2021.09.07,2021.09.15
102,현대중공업,2021.09.02,2021.09.08
103,유진스팩7호,2021.08.26,2021.09.03
104,와이엠텍,2021.08.25,2021.09.01
105,에이비온,2021.08.24,2021.08.31
106,SK리츠,2021.08.23,2021.09.01
107,일진하이솔루스,2021.08.19,2021.08.25
108,IBKS스팩16호,2021.08.19,2021.08.25
109,바이젠셀,2021.08.06,2021.08.13
110,브레인즈컴퍼니,2021.08.03,2021.08.10
111,롯데렌탈,2021.08.03,2021.08.10
112,딥노이드,2021.08.02,2021.08.06
113,아주스틸,2021.08.02,2021.08.10
114,플래티어,2021.07.30,2021.08.05
115,엠로,2021.07.29,2021.08.05
116,한컴라이프케어,2021.07.29,2021.08.06
117,원티드랩,2021.07.26,2021.08.03
118,디앤디플랫폼리츠,2021.07.26,2021.08.09
119,에이치케이이노엔,2021.07.22,2021.07.30
120,한화플러스스팩2호,2021.07.21,2021.07.27
121,카카오뱅크,2021.07.20,2021.07.27
122,크래프톤,2021.07.14,2021.08.03
123,에브리봇,2021.07.13,2021.07.20
124,맥스트,2021.07.12,2021.07.19
125,큐라클,2021.07.07,2021.07.14
126,에스디바이오센서,2021.07.05,2021.07.09
127,오비고,2021.06.28,2021.07.02
128,아모센스,2021.06.10,2021.06.16
129,삼성머스트스팩5호,2021.06.03,2021.06.09
130,이노뎁,2021.06.03,2021.06.10
131,라온테크,2021.05.31,2021.06.08
132,엘비루셈,2021.05.26,2021.06.03
133,에이디엠코리아,2021.05.17,2021.05.26
134,제주맥주,2021.05.10,2021.05.14
135,삼영에스앤씨,2021.05.06,2021.05.12
136,삼성스팩4호,2021.05.06,2021.05.12
137,진시스템,2021.05.06,2021.05.14
138,NH스팩19호,2021.05.06,2021.05.12
139,샘씨엔에스,2021.05.03,2021.05.11
140,씨앤씨인터내셔널,2021.04.28,2021.05.07
141,에이치피오,2021.04.27,2021.05.04
142,하이스팩6호,2021.04.22,2021.04.29
143,SK아이이테크놀로지,2021.04.22,2021.04.29
144,쿠콘,2021.04.13,2021.04.20
145,해성티피씨,2021.04.06,2021.04.13
146,이삭엔지니어링,2021.04.06,2021.04.13
147,유진스팩6호,2021.03.23,2021.03.31
148,유안타스팩8호,2021.03.19,2021.03.26
149,엔시스,2021.03.16,2021.03.23
150,자이언트스텝,2021.03.09,2021.03.16
151,제노코,2021.03.09,2021.03.16
152,라이프시맨틱스,2021.03.08,2021.03.12
153,SK바이오사이언스,2021.03.04,2021.03.10
154,바이오다인,2021.03.02,2021.03.09
155,디비금융스팩9호,2021.03.02,2021.03.08
156,싸이버원,2021.02.24,2021.03.03
157,네오이뮨텍,2021.02.23,2021.03.05
158,프레스티지바이오로직스,2021.02.23,2021.03.03
159,나노씨엠에스,2021.02.22,2021.02.26
160,하나머스트스팩7호,2021.02.17,2021.02.24
161,IBKS스팩15호,2021.02.15,2021.02.19
162,뷰노,2021.02.08,2021.02.17
163,씨이랩,2021.02.08,2021.02.16
164,오로스테크놀로지,2021.02.08,2021.02.16
165,유일에너테크,2021.02.04,2021.02.16
166,피엔에이치테크,2021.01.28,2021.02.04
167,하나금융스팩17호,2021.01.25,2021.02.01
168,아이퀘스트,2021.01.20,2021.01.28
169,프레스티지바이오파마,2021.01.19,2021.01.26
170,와이더플래닛,2021.01.18,2021.01.26
171,레인보우로보틱스,2021.01.18,2021.01.26
172,신한스팩7호,2021.01.18,2021.01.26
173,솔루엠,2021.01.14,2021.01.22
174,모비릭스,2021.01.14,2021.01.20
175,핑거,2021.01.14,2021.01.22
176,씨앤투스성진,2021.01.12,2021.01.20
177,선진뷰티사이언스,2021.01.12,2021.01.19
178,엔비티,2021.01.06,2021.01.13
179,한국스팩9호,2021.01.06,2021.01.13
180,유안타스팩7호,2020.12.10,2020.12.18
181,석경에이티,2020.12.10,2020.12.16
182,대신밸런스스팩9호,2020.12.09,2020.12.15
183,프리시젼바이오,2020.12.08,2020.12.15
184,지놈앤컴퍼니,2020.12.07,2020.12.15
185,엔에이치스팩18호,2020.12.07,2020.12.14
186,알체라,2020.12.03,2020.12.11
187,에이치엠씨아이비스팩5호,2020.12.02,2020.12.08
188,에프앤가이드,2020.12.02,2020.12.09
189,티엘비,2020.11.30,2020.12.04
190,인바이오,2020.11.25,2020.12.03
191,퀀타매트릭스,2020.11.25,2020.12.01
192,이에스알켄달스퀘어리츠,2020.11.25,2020.12.08
193,명신산업,2020.11.24,2020.11.30
194,디비금융스팩8호,2020.11.24,2020.12.01
195,엔젠바이오,2020.11.23,2020.12.02
196,앱코,2020.11.17,2020.11.24
197,클리노믹스,2020.11.17,2020.11.24
198,엔에프씨,2020.11.16,2020.11.24
199,포인트모바일,2020.11.16,2020.11.24
200,제일전기공업,2020.11.10,2020.11.18
201,티앤엘,2020.11.09,2020.11.13
202,하나기술,2020.11.09,2020.11.16
203,에이플러스에셋어드바이저,2020.11.05,2020.11.11
204,고바이오랩,2020.11.03,2020.11.10
205,네패스아크,2020.11.02,2020.11.10
206,교촌에프앤비,2020.10.28,2020.11.04
207,소룩스,2020.10.23,2020.10.30
208,위드텍,2020.10.14,2020.10.21
209,센코,2020.10.13,2020.10.21
210,바이브컴퍼니,2020.10.12,2020.10.20
211,미코바이오메드,2020.10.06,2020.10.14
212,하이브(구.빅히트),2020.09.24,2020.10.06
213,피플바이오,2020.09.23,2020.10.08
214,넥스틴,2020.09.18,2020.09.25
215,원방테크,2020.09.08,2020.09.16
216,엔에이치스팩17호,2020.09.08,2020.09.15
217,비나텍,2020.09.07,2020.09.15
218,박셀바이오,2020.09.03,2020.09.11
219,압타머사이언스,2020.09.02,2020.09.08
220,비비씨,2020.09.02,2020.09.10
221,핌스,2020.09.02,2020.09.10
222,교보스팩10호,2020.08.31,2020.09.08
223,이오플로우,2020.08.27,2020.09.04
224,카카오게임즈,2020.08.26,2020.09.02
225,피엔케이피부임상연구센타,2020.08.25,2020.09.01
226,미래에셋대우스팩5호,2020.08.10,2020.08.19
227,아이디피,2020.08.06,2020.08.12
228,셀레믹스,2020.08.03,2020.08.11
229,브랜드엑스코퍼레이션,2020.07.30,2020.08.05
230,미투젠,2020.07.30,2020.08.06
231,코람코에너지플러스리츠,2020.07.28,2020.08.07
232,영림원소프트랩,2020.07.27,2020.08.04
233,한국파마,2020.07.22,2020.07.30
234,이루다,2020.07.20,2020.07.28
235,와이팜,2020.07.16,2020.07.22
236,제이알글로벌리츠,2020.07.16,2020.07.24
237,에이치엠씨아이비스팩4호,2020.07.15,2020.07.21
238,이엔드디,2020.07.14,2020.07.22
239,엠투아이,2020.07.09,2020.07.17
240,더네이쳐홀딩스,2020.07.08,2020.07.16
241,제놀루션,2020.07.08,2020.07.15
242,미래에셋맵스리츠1호,2020.07.08,2020.07.15
243,솔트룩스,2020.07.07,2020.07.14
244,하나금융스팩16호,2020.07.07,2020.07.15
245,티에스아이,2020.07.06,2020.07.14
246,에이프로,2020.07.02,2020.07.09
247,IBKS스팩13호,2020.07.01,2020.07.07
248,이지스레지던스리츠,2020.06.30,2020.07.08
249,소마젠,2020.06.22,2020.06.30
250,신도기연,2020.06.22,2020.06.26
251,위더스제약,2020.06.18,2020.06.26
252,SK바이오팜,2020.06.17,2020.06.24
253,마크로밀엠브레인,2020.06.15,2020.06.19
254,젠큐릭스,2020.06.10,2020.06.16
255,이지스밸류플러스리츠,2020.06.10,2020.06.17
256,IBKS스팩14호,2020.06.08,2020.06.12
257,엘이티,2020.06.04,2020.06.12
258,엔에이치스팩16호,2020.06.03,2020.06.09
259,에스씨엠생명과학,2020.06.02,2020.06.09
260,드림씨아이에스,2020.05.07,2020.05.13
261,이베스트스팩5호,2020.05.06,2020.05.12
262,케이프이에스스팩4호,2020.03.09,2020.03.13
263,엔피디,2020.02.25,2020.03.04
264,에스케이스팩6호,2020.02.25,2020.03.03
265,플레이디,2020.02.24,2020.03.03
266,서울바이오시스,2020.02.20,2020.02.27
267,제이앤티씨,2020.02.19,2020.02.25
268,켄코아에어로스페이스,2020.02.17,2020.02.21
269,레몬,2020.02.12,2020.02.20
270,서남,2020.02.04,2020.02.11
271,신영스팩6호,2020.01.29,2020.02.04
272,위세아이텍,2020.01.20,2020.01.30
273,케이비스팩20호,2020.01.13,2020.01.17
274,하나금융스팩15호,2020.01.09,2020.01.17
275,천랩,2019.12.12,2019.12.18
276,한화플러스스팩1호,2019.12.11,2019.12.17
277,피피아이,2019.12.10,2019.12.17
278,브릿지바이오테라퓨틱스,2019.12.09,2019.12.13
279,엔에이치스팩15호,2019.12.09,2019.12.13
280,메탈라이프,2019.12.09,2019.12.13
281,메드팩토,2019.12.05,2019.12.11
282,하이스팩5호,2019.12.05,2019.12.12
283,대신밸런스스팩8호,2019.12.03,2019.12.10
284,유안타스팩6호,2019.12.03,2019.12.10
285,신테카바이오,2019.12.02,2019.12.10
286,제이엘케이인스펙션,2019.11.26,2019.12.03
287,IBKS스팩12호,2019.11.25,2019.11.29
288,태웅로직스,2019.11.21,2019.11.27
289,에스케이스팩5호,2019.11.20,2019.11.26
290,리메드,2019.11.19,2019.11.26
291,코리아센터,2019.11.18,2019.11.22
292,IBKS스팩11호,2019.11.18,2019.11.22
293,유안타스팩5호,2019.11.13,2019.11.19
294,엔에이치프라임리츠,2019.11.13,2019.11.20
295,노터스,2019.11.07,2019.11.15
296,센트랄모텍,2019.11.07,2019.11.14
297,티움바이오,2019.11.05,2019.11.12
298,우양,2019.11.05,2019.11.12
299,코리아에셋투자증권,2019.11.04,2019.11.12
300,현대에너지솔루션,2019.11.04,2019.11.08
301,씨에스베어링,2019.11.04,2019.11.12
302,에스제이그룹,2019.10.31,2019.11.08
303,제테마,2019.10.30,2019.11.07
304,라파스,2019.10.25,2019.11.04
305,아이티엠반도체,2019.10.24,2019.10.31
306,미래에셋대우스팩4호,2019.10.22,2019.10.29
307,자이에스앤디,2019.10.21,2019.10.29
308,한화시스템,2019.10.21,2019.11.05
309,하나금융스팩14호,2019.10.16,2019.10.24
310,지누스,2019.10.16,2019.10.22
311,티라유텍,2019.10.16,2019.10.24
312,미디어젠,2019.10.14,2019.10.22
313,신한스팩6호,2019.10.14,2019.10.22
314,캐리소프트,2019.10.14,2019.10.22
315,케이엔제이,2019.10.10,2019.10.17
316,교보스팩9호,2019.10.07,2019.10.15
317,엔바이오니아,2019.10.07,2019.10.15
318,팜스빌,2019.10.01,2019.10.11
319,라온피플,2019.10.01,2019.10.11
320,아톤,2019.09.30,2019.10.08
321,대신밸런스스팩7호,2019.09.24,2019.10.01
322,녹십자웰빙,2019.09.24,2019.10.02
323,롯데리츠,2019.09.23,2019.10.11
324,유진스팩5호,2019.09.17,2019.09.24
325,케이비스팩19호,2019.09.16,2019.09.20
326,올리패스,2019.08.30,2019.09.06
327,라닉스,2019.08.29,2019.09.06
328,하나금융스팩13호,2019.08.29,2019.09.06
329,한독크린텍,2019.08.22,2019.08.28
330,상상인이안스팩2호,2019.08.13,2019.08.21
331,네오크레마,2019.08.07,2019.08.13
332,나노브릭,2019.08.01,2019.08.08
333,미래에셋대우스팩3호,2019.07.31,2019.08.08
334,에스피시스템스,2019.07.29,2019.08.06
335,레이,2019.07.22,2019.07.30
336,코윈테크,2019.07.18,2019.07.26
337,그린플러스,2019.07.18,2019.07.26
338,세경하이테크,2019.07.17,2019.07.23
339,덕산테코피아,2019.07.17,2019.07.24
340,한국바이오젠,2019.07.17,2019.07.24
341,슈프리마아이디,2019.07.16,2019.07.24
342,윌링스,2019.07.10,2019.07.17
343,대모(구.대모엔지니어링),2019.07.09,2019.07.16
344,에이스토리,2019.07.03,2019.07.10
345,플리토,2019.07.01,2019.07.09
346,세틀뱅크,2019.06.27,2019.07.05
347,이베스트이안스팩1호,2019.06.26,2019.07.03
348,아이스크림에듀,2019.06.25,2019.07.02
349,펌텍코리아,2019.06.18,2019.06.26
350,에이에프더블류,2019.06.12,2019.06.20
351,신영스팩5호,2019.06.10,2019.06.14
352,케이비스팩18호,2019.06.10,2019.06.14
353,신한스팩5호,2019.06.04,2019.06.11
354,압타바이오,2019.05.28,2019.06.04
355,까스텔바쟉,2019.05.27,2019.05.31
356,디비금융스팩7호,2019.05.22,2019.05.27
357,마이크로디지탈,2019.05.20,2019.05.28
358,유진스팩4호,2019.05.16,2019.05.23
359,컴퍼니케이파트너스,2019.05.08,2019.05.14
360,수젠텍,2019.05.07,2019.05.16
361,엔에이치스팩14호,2019.04.24,2019.04.30
362,에스앤케이,2019.04.17,2019.04.24
363,한화에스비아이스팩,2019.04.16,2019.04.23
364,하이스팩4호,2019.04.11,2019.04.18
365,현대오토에버,2019.03.13,2019.03.20
366,케이비스팩17호,2019.03.13,2019.03.19
367,아모그린텍,2019.03.12,2019.03.20
368,지노믹트리,2019.03.11,2019.03.19
369,이지케어텍,2019.03.05,2019.03.13
370,유안타스팩4호,2019.03.04,2019.03.12
371,미래에셋벤처투자,2019.02.27,2019.03.08
372,드림텍,2019.02.25,2019.03.05
373,에코프로비엠,2019.02.14,2019.02.22
374,셀리드,2019.01.29,2019.02.12
375,천보,2019.01.21,2019.01.29
376,이노테라피,2019.01.16,2019.01.24
377,노랑풍선,2019.01.15,2019.01.22
378,웹케시,2019.01.09,2019.01.17
379,에어부산,2018.12.13,2018.12.19
380,키움스팩5호,2018.12.12,2018.12.18
381,비피도,2018.12.11,2018.12.18
382,엔에이치스팩13호,2018.12.10,2018.12.17
383,유틸렉스,2018.12.10,2018.12.14
384,디케이티,2018.12.06,2018.12.13
385,에이비엘바이오,2018.12.06,2018.12.12
386,위지윅스튜디오,2018.12.06,2018.12.13
387,미래에셋대우스팩2호,2018.12.05,2018.12.13
388,한국스팩8호,2018.12.05,2018.12.11
389,신영스팩4호,2018.12.04,2018.12.12
390,삼성머스트스팩3호,2018.12.04,2018.12.11
391,대신밸런스스팩6호,2018.12.03,2018.12.11
392,머큐리,2018.11.29,2018.12.06
393,전진바이오팜,2018.11.28,2018.12.05
394,이노메트리,2018.11.27,2018.12.04
395,뉴트리,2018.11.27,2018.12.04
396,골든브릿지이안스팩5호,2018.11.22,2018.11.29
397,에스케이에이씨피씨스팩4호,2018.11.22,2018.11.28
398,대유에이피,2018.11.21,2018.11.28
399,교보스팩8호,2018.11.19,2018.11.27
400,하나머스트스팩6호,2018.11.15,2018.11.22
401,베스파,2018.11.15,2018.11.22
402,윙입푸드,2018.11.14,2018.11.22
403,티로보틱스,2018.11.14,2018.11.20
404,에코캡,2018.11.12,2018.11.20
405,티앤알바이오팹,2018.11.12,2018.11.16
406,엠아이텍,2018.11.12,2018.11.20
407,네오펙트,2018.11.12,2018.11.20
408,남화산업,2018.11.08,2018.11.16
409,싸이토젠,2018.11.08,2018.11.14
410,아시아나IDT,2018.11.07,2018.11.15
411,아주IB투자,2018.11.06,2018.11.14
412,디알젬,2018.11.05,2018.11.13
413,파멥신,2018.11.05,2018.11.13
414,디케이앤디,2018.11.02,2018.11.08
415,디자인,2018.11.01,2018.11.08
416,노바렉스,2018.10.30,2018.11.06
417,셀리버리,2018.10.22,2018.10.30
418,대보마그네틱,2018.10.18,2018.10.26
419,디비금융스팩6호,2018.10.17,2018.10.23
420,엘앤씨바이오,2018.10.16,2018.10.24
421,노바텍,2018.10.16,2018.10.24
422,옵티팜,2018.10.11,2018.10.17
423,로보티즈,2018.10.10,2018.10.18
424,에스퓨얼셀,2018.09.18,2018.10.02
425,크리스에프앤씨,2018.09.11,2018.09.18
426,푸드나무,2018.09.11,2018.09.19
427,나우아이비캐피탈,2018.09.10,2018.09.18
428,IBKS스팩10호,2018.09.10,2018.09.14
429,하나제약,2018.09.10,2018.09.18
430,지티지웰니스,2018.09.04,2018.09.13
431,우진아이엔에스,2018.08.30,2018.09.06
432,명성티엔에스,2018.08.29,2018.09.05
433,삼성스팩2호,2018.08.27,2018.09.04
434,디지캡,2018.08.22,2018.08.29
435,대신밸런스스팩5호,2018.08.16,2018.08.22
436,액트로,2018.08.09,2018.08.17
437,에이피티씨,2018.08.07,2018.08.14
438,오파스넷,2018.08.06,2018.08.14
439,바이오솔루션,2018.08.02,2018.08.10
440,대유,2018.07.24,2018.08.02
441,에스에스알,2018.07.19,2018.07.27
442,휴네시온,2018.07.19,2018.07.26
443,디아이티,2018.07.18,2018.07.26
444,티웨이항공,2018.07.17,2018.07.24
445,롯데정보통신,2018.07.11,2018.07.18
446,한국유니온제약,2018.07.09,2018.07.18
447,엠코르셋,2018.07.05,2018.07.13
448,IBKS스팩9호,2018.07.05,2018.07.12
449,올릭스,2018.07.02,2018.07.10
450,아이큐어,2018.06.28,2018.07.05
451,에스브이인베스트먼트,2018.06.21,2018.06.28
452,이원다이애그노믹스,2018.06.11,2018.06.19
453,이리츠코크렙기업,2018.06.07,2018.06.15
454,파워넷,2018.05.24,2018.05.30
455,하나금융스팩11호,2018.05.23,2018.05.30
456,현대사료,2018.05.16,2018.05.24
457,세종메디칼,2018.05.14,2018.05.21
458,제노레이,2018.05.09,2018.05.17
459,한국스팩7호,2018.04.24,2018.05.03
460,유안타스팩3호,2018.04.18,2018.04.26
461,대신밸런스스팩3호,2018.03.21,2018.03.27
462,제이티씨(JTC),2018.03.20,2018.03.27
463,케어랩스,2018.03.12,2018.03.20
464,애경산업,2018.03.07,2018.03.14
465,린드먼아시아인베스트먼트,2018.02.26,2018.03.06
466,에코마이스터,2018.02.26,2018.03.06
467,엔지켐생명과학,2018.02.05,2018.02.09
468,오스테오닉,2018.02.01,2018.02.09
469,동구바이오제약,2018.01.30,2018.02.06
470,아시아종묘,2018.01.29,2018.02.02
471,알리코제약,2018.01.25,2018.02.02
472,카페24,2018.01.23,2018.01.31
473,링크제니시스,2018.01.18,2018.01.26
474,배럴,2018.01.15,2018.01.23
475,에스지이,2018.01.11,2018.01.19
476,씨앤지하이테크,2018.01.10,2018.01.17
477,시스웍,2017.12.08,2017.12.15
478,한국스팩6호,2017.12.07,2017.12.14
479,디바이스이엔지,2017.12.04,2017.12.12
480,동부스팩5호,2017.11.27,2017.12.01
481,진에어,2017.11.23,2017.11.30
482,동양피스톤,2017.11.22,2017.11.29
483,메카로,2017.11.21,2017.11.28
484,씨티케이코스메틱스,2017.11.21,2017.11.28
485,에스트래픽,2017.11.20,2017.11.24
486,대원,2017.11.16,2017.11.24
487,체리부로,2017.11.16,2017.11.23
488,비즈니스온커뮤니케이션,2017.11.15,2017.11.22
489,삼양패키징,2017.11.13,2017.11.21
490,한화에이스스팩4호,2017.11.09,2017.11.17
491,IBKS스팩7호,2017.10.30,2017.11.03
492,비디아이,2017.10.23,2017.10.31
493,테이팩스,2017.10.17,2017.10.25
494,티슈진,2017.10.17,2017.10.24
495,영화테크,2017.10.11,2017.10.18
496,신한스팩4호,2017.09.27,2017.10.13
497,세원,2017.09.26,2017.10.13
498,상신전자,2017.09.20,2017.09.27
499,IBKS스팩8호,2017.09.18,2017.09.22
500,에스엔피월드,2017.09.14,2017.09.20
501,야스,2017.09.14,2017.09.22
502,유티아이,2017.09.11,2017.09.19
503,신흥에스이씨,2017.09.11,2017.09.19
504,엠플러스,2017.09.06,2017.09.12
505,선익시스템,2017.09.04,2017.09.12
506,샘코,2017.08.31,2017.09.08
507,앱클론,2017.08.31,2017.09.08
508,펄어비스,2017.08.29,2017.09.06
509,케이피에스,2017.08.23,2017.08.29
510,덕우전자,2017.08.09,2017.08.18
511,하나금융스팩10호,2017.08.07,2017.08.11
512,이더블유케이,2017.08.03,2017.08.10
513,컬러레이,2017.07.25,2017.08.01
514,엔에이치스팩12호,2017.07.24,2017.07.28
515,알에스오토메이션,2017.07.24,2017.08.01
516,모트렉스,2017.07.20,2017.07.28
517,디앤씨미디어,2017.07.19,2017.07.25
518,데이타솔루션,2017.07.18,2017.07.25
519,지니언스,2017.07.17,2017.07.25
520,셀트리온헬스케어,2017.07.13,2017.07.20
521,이즈미디어,2017.07.10,2017.07.18
522,한국스팩5호,2017.07.10,2017.07.14
523,힘스,2017.07.04,2017.07.12
524,아우딘퓨쳐스,2017.06.27,2017.07.04
525,브이원텍,2017.06.26,2017.07.04
526,제일홀딩스,2017.06.12,2017.06.20
527,하나금융스팩9호,2017.06.12,2017.06.16
528,교보스팩7호,2017.06.08,2017.06.14
529,한화수성스팩,2017.05.24,2017.05.30
530,보라티알,2017.05.23,2017.05.30
531,삼양옵틱스,2017.05.18,2017.05.24
532,필옵틱스,2017.05.17,2017.05.24
533,IBKS스팩6호,2017.05.15,2017.05.23
534,미래에셋대우스팩1호,2017.05.10,2017.05.17
535,엔에이치스팩10호,2017.04.17,2017.04.21
536,한화에이스스팩3호,2017.04.13,2017.04.21
537,하나머티리얼즈,2017.04.12,2017.04.19
538,케이비스팩11호,2017.04.12,2017.04.19
539,넷마블게임즈,2017.04.11,2017.04.26
540,와이엠티,2017.04.11,2017.04.19
541,ING생명보험,2017.04.06,2017.04.28
542,신영스팩3호,2017.03.23,2017.03.29
543,이엘피,2017.03.23,2017.03.29
544,서진시스템,2017.03.13,2017.03.17
545,코미코,2017.03.07,2017.03.15
546,아스타,2017.03.06,2017.03.10
547,덴티움,2017.02.27,2017.03.07
548,대신밸런스스팩4호,2017.02.15,2017.02.22
549,에스디생명공학,2017.02.14,2017.02.21
550,모바일어플라이언스,2017.02.13,2017.02.17
551,신한스팩3호,2017.02.09,2017.02.15
552,에프엔에스테크,2017.02.09,2017.02.17
553,신신제약,2017.02.08,2017.02.17
554,피씨엘,2017.02.08,2017.02.14
555,호전실업,2017.01.16,2017.01.20
556,서플러스글로벌,2017.01.12,2017.01.18
557,유바이오로직스,2017.01.09,2017.01.17
558,엔에이치스팩11호,2016.12.14,2016.12.20
559,퓨전데이타,2016.12.06,2016.12.13
560,디에스씨인베스트먼트,2016.12.05,2016.12.09
561,티에스인베스트먼트,2016.12.01,2016.12.08
562,마이크로프랜드,2016.11.28,2016.12.02
563,코썬바이오,2016.11.24,2016.12.01
564,신라젠,2016.11.23,2016.11.29
565,애니젠,2016.11.22,2016.11.29
566,유니온커뮤니티,2016.11.21,2016.11.29
567,IBKS스팩5호,2016.11.17,2016.11.23
568,퓨쳐켐,2016.11.16,2016.11.24
569,뉴파워프라즈마,2016.11.16,2016.11.22
570,핸즈코퍼레이션,2016.11.15,2016.11.23
571,오션브릿지,2016.11.15,2016.11.22
572,엘앤케이바이오,2016.11.14,2016.11.22
573,에이치엔티일렉트로닉스,2016.11.14,2016.11.18
574,핸디소프트,2016.11.07,2016.11.16
575,두산밥캣,2016.11.03,2016.11.09
576,에스케이스팩3호,2016.10.31,2016.11.08
577,삼성바이오로직스,2016.10.26,2016.11.03
578,클리오,2016.10.25,2016.11.01
579,오가닉티코스메틱,2016.10.20,2016.10.27
580,로고스바이오시스템스,2016.10.19,2016.10.27
581,아이비케이에스지엠비스팩,2016.10.18,2016.10.25
582,인크로스,2016.10.13,2016.10.21
583,에이치엘사이언스(구.건강사랑),2016.10.12,2016.10.20
584,코스메카코리아,2016.10.11,2016.10.19
585,제이더블유생명과학,2016.10.10,2016.10.19
586,그레이트리치과기,2016.10.10,2016.10.18
587,금세기차륜(골든센츄리),2016.10.04,2016.10.11
588,인텔리안테크놀로지스,2016.09.28,2016.10.07
589,에이치시티,2016.09.28,2016.10.07
590,잉글우드랩,2016.09.26,2016.10.05
591,앤디포스,2016.09.26,2016.10.05
592,수산아이앤티(구.플러스기술),2016.09.22,2016.09.30
593,미투온,2016.09.20,2016.09.27
594,화승엔터프라이즈,2016.09.08,2016.09.22
595,케이비스팩10호,2016.09.07,2016.09.21
596,엘에스전선아시아,2016.09.05,2016.09.09
597,유니테크노,2016.08.31,2016.09.06
598,교보비엔케이스팩,2016.08.23,2016.08.30
599,하나금융스팩8호,2016.08.23,2016.08.31
600,자이글,2016.08.18,2016.08.26
601,헝셩그룹,2016.08.03,2016.08.09
602,에코마케팅,2016.07.18,2016.07.27
603,엔지스테크널러지,2016.07.13,2016.07.20
604,두올,2016.07.13,2016.07.20
605,팍스넷,2016.07.11,2016.07.20
606,우리손에프앤지,2016.07.11,2016.07.19
607,옵토팩,2016.07.05,2016.07.12
608,장원테크,2016.07.04,2016.07.08
609,대유위니아(구.위니아만도),2016.06.27,2016.07.05
610,한국자산신탁,2016.06.23,2016.07.01
611,바이오리더스,2016.06.22,2016.06.28
612,피앤씨테크,2016.06.16,2016.06.23
613,로스웰,2016.06.13,2016.06.20
614,해성디에스,2016.06.09,2016.06.16
615,에스티팜,2016.06.09,2016.06.16
616,녹십자랩셀,2016.06.08,2016.06.16
617,한국스팩4호,2016.06.07,2016.06.14
618,알엔투테크놀로지,2016.06.07,2016.06.14
619,미래에셋스팩5호,2016.05.25,2016.05.31
620,용평리조트,2016.05.10,2016.05.18
621,해태제과식품,2016.04.21,2016.04.28
622,레이언스,2016.03.24,2016.03.31
623,씨엠에스에듀,2016.03.24,2016.03.30
624,동양파일,2016.03.23,2016.03.29
625,대림씨엔에스,2016.03.15,2016.03.22
626,팬젠,2016.02.23,2016.03.03
627,하이에이아이스팩1호,2016.02.17,2016.02.24
628,IBKS스팩4호,2016.02.16,2016.02.22
629,에이피위성통신,2016.02.15,2016.02.24
630,케이비스팩9호,2016.02.15,2016.02.19
631,큐리언트,2016.02.15,2016.02.19
632,안트로젠,2016.01.27,2016.02.02
633,제이에스코퍼레이션,2016.01.20,2016.01.27
634,아이엠텍,2016.01.20,2016.01.27
635,차이나크리스탈신소재,2016.01.14,2016.01.22
636,유니트론텍,2016.01.14,2016.01.22
637,한솔씨앤피,2016.01.13,2016.01.20
638,에스와이패널,2015.12.14,2015.12.18
639,코리아오토글라스,2015.12.14,2015.12.22
640,육일씨엔에쓰,2015.12.10,2015.12.16
641,코디엠,2015.12.10,2015.12.16
642,대신밸런스스팩2호,2015.12.10,2015.12.16
643,이에스브이,2015.12.10,2015.12.16
644,잇츠스킨,2015.12.10,2015.12.18
645,아진산업,2015.12.09,2015.12.15
646,휴젤,2015.12.09,2015.12.16
647,한국맥널티,2015.12.08,2015.12.15
648,덱스터,2015.12.08,2015.12.15
649,메가엠디,2015.12.07,2015.12.11
650,씨트리,2015.12.07,2015.12.11
651,강스템바이오텍,2015.12.07,2015.12.11
652,동부스팩4호,2015.12.04,2015.12.10
653,파크시스템스,2015.12.03,2015.12.10
654,보광산업,2015.12.03,2015.12.10
655,예스티,2015.12.02,2015.12.09
656,뉴트리바이오텍,2015.12.01,2015.12.08
657,멕아이씨에스,2015.11.30,2015.12.04
658,하나금융스팩7호,2015.11.30,2015.12.08
659,엔에스,2015.11.16,2015.11.25
660,세진중공업,2015.11.12,2015.11.20
661,미래테크놀로지,2015.11.12,2015.11.20
662,엠지메드,2015.11.05,2015.11.12
663,매직마이크로,2015.11.05,2015.11.11
664,케이디켐,2015.11.04,2015.11.11
665,하이즈항공,2015.11.04,2015.11.13
666,리드,2015.11.04,2015.11.12
667,네오오토,2015.11.02,2015.11.10
668,골든브릿지스팩4호,2015.11.02,2015.11.10
669,아이진,2015.10.29,2015.11.05
670,나무가,2015.10.28,2015.11.04
671,유앤아이,2015.10.28,2015.11.03
672,케어젠,2015.10.27,2015.11.05
673,금호에이치티,2015.10.27,2015.11.03
674,에이치엠씨스팩3호,2015.10.21,2015.10.28
675,제주항공,2015.10.21,2015.10.29
676,더블유게임즈,2015.10.19,2015.10.27
677,연우,2015.10.15,2015.10.23
678,키움스팩4호,2015.10.15,2015.10.21
679,현대드림스팩4호,2015.10.07,2015.10.14
680,에이티젠,2015.10.07,2015.10.15
681,엑시콘,2015.10.06,2015.10.14
682,이베스트스팩3호,2015.10.01,2015.10.08
683,에치디프로,2015.09.23,2015.10.02
684,IBKS스팩3호,2015.09.21,2015.10.02
685,엘아이지넥스원,2015.09.17,2015.09.23
686,동부스팩3호,2015.09.16,2015.09.22
687,신영해피투모로우2호스팩,2015.09.15,2015.09.23
688,타이거일렉,2015.09.10,2015.09.17
689,동일제강,2015.09.10,2015.09.18
690,엔에이치스팩9호,2015.09.09,2015.09.16
691,제너셈,2015.09.09,2015.09.16
692,인포마크,2015.09.09,2015.09.16
693,아이콘트롤스,2015.09.08,2015.09.16
694,유진스팩3호,2015.08.26,2015.09.01
695,한국스팩3호,2015.08.18,2015.08.25
696,케이티비스팩3호,2015.08.12,2015.08.18
697,교보스팩5호,2015.08.10,2015.08.18
698,웹스,2015.08.05,2015.08.13
699,현대드림스팩3호,2015.08.05,2015.08.13
700,에이제이네트웍스,2015.08.04,2015.08.11
701,교보스팩4호,2015.07.30,2015.08.05
702,파인텍,2015.07.28,2015.08.05
703,미래에셋스팩4호,2015.07.24,2015.07.29
704,흥국에프엔비,2015.07.22,2015.07.30
705,케이비스팩8호,2015.07.21,2015.07.28
706,칩스앤미디어,2015.07.20,2015.07.28
707,아시아경제신문사,2015.07.15,2015.07.23
708,아이쓰리시스템,2015.07.14,2015.07.21
709,로지시스,2015.07.13,2015.07.21
710,엘아이지이에스스팩,2015.07.09,2015.07.17
711,파마리서치프로덕트,2015.07.08,2015.07.16
712,에스케이스팩2호,2015.07.07,2015.07.14
713,펩트론,2015.07.06,2015.07.14
714,한화에이스스팩2호,2015.07.02,2015.07.10
715,이노션,2015.07.01,2015.07.09
716,유안타스팩2호,2015.07.01,2015.07.07
717,토니모리,2015.06.24,2015.07.02
718,미래에셋생명보험,2015.06.22,2015.06.30
719,키움스팩3호,2015.06.22,2015.06.26
720,민앤지,2015.06.17,2015.06.23
721,골든브릿지스팩3호,2015.06.16,2015.06.23
722,동운아나텍,2015.06.16,2015.06.23
723,엔에이치스팩8호,2015.06.16,2015.06.23
724,유테크,2015.06.15,2015.06.19
725,코아스템,2015.06.11,2015.06.18
726,에스엔텍,2015.06.10,2015.06.18
727,경보제약,2015.06.10,2015.06.19
728,이베스트스팩2호,2015.06.10,2015.06.16
729,세미콘라이트,2015.06.09,2015.06.17
730,에스케이디앤디,2015.06.04,2015.06.11
731,베셀,2015.06.03,2015.06.09
732,하나머스트스팩5호,2015.06.02,2015.06.09
733,대신밸런스스팩1호,2015.06.01,2015.06.09
734,하이스팩3호,2015.05.29,2015.06.05
735,싸이맥스,2015.05.28,2015.06.05
736,엔에이치스팩7호,2015.05.27,2015.06.04
737,한화에이씨피씨스팩,2015.05.26,2015.06.02
738,픽셀플러스,2015.05.26,2015.06.03
739,제노포커스,2015.05.13,2015.05.19
740,미래에셋스팩3호,2015.05.07,2015.05.14
741,대우스팩3호,2015.04.29,2015.05.07
742,한화엠지아이스팩,2015.04.28,2015.05.08
743,대우에스비아이스팩1호,2015.04.22,2015.04.29
744,엔에이치스팩5호,2015.04.22,2015.04.28
745,유진에이씨피씨스팩2호,2015.04.13,2015.04.17
746,하나머스트스팩4호,2015.04.07,2015.04.14
747,한화에이스스팩1호,2015.04.01,2015.04.10
748,유지인트,2015.03.26,2015.04.03
749,케이티비스팩2호,2015.03.19,2015.03.25
750,케이비스팩7호,2015.03.11,2015.03.17
751,NS쇼핑(구.농수산홈쇼핑),2015.03.09,2015.03.17
752,세화아이엠씨,2015.03.03,2015.03.11
753,포시에스,2015.01.26,2015.02.03
754,골든브릿지스팩2호,2015.01.21,2015.01.28
755,국일신동,2014.12.15,2014.12.19
756,NH스팩2호,2014.12.15,2014.12.19
757,영백씨엠,2014.12.12,2014.12.19
758,케이비스팩6호,2014.12.11,2014.12.18
759,케이비스팩5호,2014.12.10,2014.12.16
760,교보스팩3호,2014.12.09,2014.12.16
761,현대드림스팩2호,2014.12.09,2014.12.18
762,오킨스전자,2014.12.09,2014.12.16
763,넥스트엔터테인먼트월드,2014.12.09,2014.12.16
764,하나머스트스팩3호,2014.12.09,2014.12.16
765,아스트,2014.12.09,2014.12.16
766,아이티센,2014.12.09,2014.12.16
767,서전기전,2014.12.08,2014.12.16
768,하이셈,2014.12.08,2014.12.16
769,휴메딕스,2014.12.08,2014.12.16
770,제일모직(구.삼성에버랜드),2014.12.03,2014.12.11
771,하나머스트스팩2호,2014.12.03,2014.12.09
772,하이로닉,2014.12.02,2014.12.09
773,디티앤씨(구.디지털이엠씨),2014.12.02,2014.12.09
774,엘아이지스팩2호,2014.12.02,2014.12.09
775,녹십자엠에스,2014.12.02,2014.12.09
776,랩지노믹스,2014.12.01,2014.12.08
777,에이디테크놀로지,2014.12.01,2014.12.05
778,우리에스엘스팩,2014.12.01,2014.12.09
779,동부스팩2호,2014.11.27,2014.12.03
780,알테오젠,2014.11.27,2014.12.03
781,비씨월드제약,2014.11.26,2014.12.04
782,한국스팩2호,2014.11.26,2014.12.02
783,에스케이씨코오롱피아이,2014.11.19,2014.11.27
784,에프엔씨엔터테인먼트,2014.11.18,2014.11.25
785,대창스틸,2014.11.18,2014.11.26
786,하이스팩2호,2014.11.13,2014.11.21
787,씨에스윈드,2014.11.13,2014.11.20
788,케이티비스팩1호,2014.11.10,2014.11.14
789,텔콘,2014.11.10,2014.11.14
790,IBKS스팩2호,2014.11.06,2014.11.12
791,디에이테크놀로지,2014.11.05,2014.11.11
792,파티게임즈,2014.11.04,2014.11.12
793,유안타스팩1호,2014.11.03,2014.11.11
794,삼성SDS,2014.10.29,2014.11.06
795,케이비스팩4호,2014.10.27,2014.11.04
796,교보위드스팩,2014.10.23,2014.10.29
797,현대에이블스팩1호,2014.10.22,2014.10.29
798,테고사이언스,2014.10.22,2014.10.29
799,슈피겐코리아,2014.10.20,2014.10.28
800,테라셈,2014.10.14,2014.10.21
801,영우디에스피,2014.10.13,2014.10.17
802,대우스팩2호,2014.10.06,2014.10.14
803,신한스팩2호,2014.09.24,2014.09.30
804,데브시스터즈,2014.09.18,2014.09.25
805,메디아나,2014.09.17,2014.09.25
806,KB스팩3호,2014.09.15,2014.09.23
807,감마누,2014.07.28,2014.08.05
808,우리스팩3호,2014.07.28,2014.08.05
809,쿠쿠전자,2014.07.23,2014.07.30
810,신화콘텍,2014.07.21,2014.07.31
811,덕신하우징,2014.07.15,2014.07.24
812,파버나인,2014.07.15,2014.07.24
813,창해에탄올,2014.07.14,2014.07.22
814,미래에셋스팩2호,2014.07.10,2014.07.15
815,윈하이텍,2014.07.10,2014.07.17
816,아진엑스텍,2014.07.08,2014.07.15
817,화인베스틸,2014.06.30,2014.07.10
818,트루윈,2014.06.24,2014.07.02
819,하나머스트스팩,2014.05.22,2014.05.29
820,캐스텍코리아,2014.05.08,2014.05.16
821,BGF리테일(구.보광훼미리마트),2014.04.24,2014.05.08
822,유진스팩1호,2014.04.21,2014.04.25
823,KB스팩2호,2014.04.10,2014.04.18
824,오이솔루션,2014.02.12,2014.02.18
825,인터파크INT,2014.01.16,2014.01.24
826,한국정보인증,2014.01.14,2014.01.22
827,솔루에타,2013.12.11,2013.12.17
828,이지웰페어,2013.12.11,2013.12.18
829,키움제2호스팩,2013.12.04,2013.12.10
830,인트로메딕,2013.12.03,2013.12.12
831,기가레인(구.맥시스),2013.11.26,2013.12.05
832,알티캐스트,2013.11.20,2013.11.28
833,엔브이에이치코리아,2013.11.20,2013.11.26
834,현대공업,2013.11.19,2013.11.26
835,우리기업인수목적2호,2013.11.07,2013.11.14
836,디엠티,2013.11.06,2013.11.15
837,신송홀딩스,2013.11.05,2013.11.12
838,램테크놀러지,2013.10.30,2013.11.07
839,라이온켐텍,2013.10.30,2013.11.08
840,미동전자통신,2013.10.28,2013.11.05
841,에이씨티,2013.10.23,2013.10.31
842,해성옵틱스,2013.10.22,2013.10.29
843,내츄럴엔도텍,2013.10.16,2013.10.22
844,현대로템,2013.10.15,2013.10.23
845,테스나,2013.10.01,2013.10.11
846,파수닷컴,2013.09.30,2013.10.08
847,엘티씨,2013.09.23,2013.09.27
848,지엔씨에너지,2013.09.12,2013.09.24
849,아미코젠,2013.08.29,2013.09.05
850,파이오링크,2013.07.18,2013.07.25
851,금호N.T,2013.07.17,2013.07.25
852,KG이티에스,2013.07.08,2013.07.16
853,나스미디어,2013.07.02,2013.07.09
854,엑세스바이오,2013.05.07,2013.05.14
855,디에스알,2013.04.29,2013.05.07
856,레고켐바이오사이언스,2013.04.23,2013.05.03
857,삼목강업,2013.04.11,2013.04.19
858,세호로보트,2013.03.20,2013.03.27
859,윈팩,2013.02.19,2013.02.26
860,코렌텍,2013.02.14,2013.02.22
861,제로투세븐,2013.01.30,2013.02.07
862,지디,2013.01.23,2013.02.01
863,아이원스,2013.01.22,2013.01.29
864,우리이앤엘,2013.01.17,2013.01.25
865,아이센스,2013.01.15,2013.01.22
866,포티스,2013.01.10,2013.01.18
867,씨에스엘쏠라,2012.12.12,2012.12.18
868,SBIAXES(구.AXES홀딩스),2012.11.20,2012.11.29
869,우리로광통신,2012.11.07,2012.11.16
870,디젠스,2012.11.06,2012.11.14
871,맥스로텍,2012.10.31,2012.11.08
872,GMB코리아,2012.10.31,2012.11.08
873,와이엠씨,2012.10.30,2012.11.06
874,CJ헬로비전,2012.10.24,2012.11.01
875,아바텍,2012.10.16,2012.10.26
876,코이즈,2012.09.12,2012.09.19
877,모다정보통신,2012.09.10,2012.09.14
878,나노스,2012.07.17,2012.07.25
879,에이제이렌터카(구.아주오토렌탈),2012.07.12,2012.07.19
880,우양에이치씨,2012.07.10,2012.07.19
881,엠씨넥스,2012.07.09,2012.07.17
882,네이블커뮤니케이션즈,2012.07.03,2012.07.11
883,디지탈옵틱,2012.06.27,2012.07.05
884,피엔티,2012.06.21,2012.06.28
885,사조씨푸드,2012.06.12,2012.06.20
886,비아트론,2012.04.17,2012.04.26
887,에스비아이모기지,2012.04.05,2012.04.17
888,코오롱패션머티리얼,2012.03.19,2012.03.28
889,빛샘전자,2012.03.07,2012.03.13
890,휴비스,2012.02.06,2012.02.14
891,사람인에이치알,2012.02.02,2012.02.10
892,뉴로스,2012.01.26,2012.02.07
893,남화토건,2012.01.09,2012.01.18
894,동아팜텍,2012.01.05,2012.01.11
895,원익머트리얼즈,2011.12.08,2011.12.16
896,나이스디앤비,2011.12.07,2011.12.15
897,GS리테일(지에스리테일),2011.12.07,2011.12.15
898,디엔에이링크,2011.12.05,2011.12.15
899,시큐브,2011.12.05,2011.12.13
900,서암기계공업,2011.11.30,2011.12.08
901,씨유메디칼시스템,2011.11.29,2011.12.07
902,인터지스,2011.11.29,2011.12.07
903,넥스트리밍,2011.11.16,2011.11.23
904,에스에프씨,2011.11.15,2011.11.22
905,티브이로직,2011.11.15,2011.11.23
906,사파이어테크놀로지,2011.11.15,2011.11.24
907,신진에스엠,2011.11.10,2011.11.18
908,이엠넷,2011.11.09,2011.11.18
909,와이지엔터테인먼트,2011.11.07,2011.11.15
910,쎄미시스코,2011.11.02,2011.11.10
911,테크윙,2011.10.25,2011.11.02
912,아이테스트,2011.10.24,2011.11.03
913,신흥기계,2011.10.20,2011.10.28
914,씨큐브,2011.10.19,2011.10.28
915,씨엔플러스,2011.10.17,2011.10.25
916,테라세미콘,2011.10.13,2011.10.21
917,케이맥,2011.10.05,2011.10.14
918,넥솔론,2011.09.28,2011.10.06
919,로보스타,2011.09.27,2011.10.06
920,대한과학,2011.09.22,2011.09.30
921,피앤이솔루션,2011.09.06,2011.09.16
922,화진,2011.07.20,2011.07.29
923,제이씨케미칼,2011.07.20,2011.07.29
924,제닉,2011.07.18,2011.07.26
925,아이씨디,2011.07.18,2011.07.27
926,경봉,2011.07.11,2011.07.20
927,상아프론테크,2011.07.06,2011.07.14
928,삼원강재,2011.07.04,2011.07.12
929,옵티시스,2011.06.29,2011.07.05
930,나이벡,2011.06.29,2011.07.06
931,신세계인터내셔날,2011.06.23,2011.07.01
932,대양전기공업,2011.06.17,2011.06.29
933,한국항공우주산업,2011.06.16,2011.06.24
934,하이마트,2011.06.15,2011.06.22
935,탑금속,2011.06.07,2011.06.16
936,쓰리피시스템,2011.06.02,2011.06.10
937,엠케이트렌드,2011.06.01,2011.06.09
938,완리인터내셔널홀딩스,2011.05.27,2011.06.03
939,리켐,2011.05.25,2011.06.03
940,넥스트아이,2011.05.25,2011.06.02
941,코오롱플라스틱,2011.05.25,2011.06.03
942,엘티에스,2011.05.19,2011.05.26
943,KT스카이라이프,2011.05.16,2011.05.24
944,세아특수강,2011.05.12,2011.05.24
945,케이엠에이치,2011.05.11,2011.05.17
946,골프존,2011.05.02,2011.05.12
947,한국종합기술,2011.04.11,2011.04.19
948,이퓨쳐,2011.04.11,2011.04.19
949,티케이케미칼,2011.04.07,2011.04.15
950,일진머티리얼즈,2011.02.16,2011.02.24
951,현대위아,2011.01.27,2011.02.10
952,부스타,2011.01.26,2011.02.15
953,나노신소재,2011.01.18,2011.01.27
954,케이아이엔엑스,2011.01.17,2011.01.25
955,티피씨,2011.01.17,2011.01.25
956,제이엔케이히터,2011.01.13,2011.01.21
957,엘비세미콘,2011.01.12,2011.01.20
958,딜리,2011.01.12,2011.01.20
959,블루콤,2011.01.11,2011.01.18
960,인트론바이오테크놀로지,2011.01.10,2011.01.18
961,씨그널정보통신,2011.01.07,2011.01.14
962,중국고섬공고,2011.01.07,2011.01.13
963,다나와,2011.01.06,2011.01.14
964,KB게임(KB스팩),2010.12.20,2010.12.24
965,티에스이,2010.12.16,2010.12.24
966,인텍플러스,2010.12.15,2010.12.22
967,두산엔진,2010.12.15,2010.12.22
968,대구도시가스,2010.12.08,2010.12.16
969,현대HCN,2010.12.08,2010.12.15
970,액트,2010.12.07,2010.12.16
971,IBKS스마트스팩,2010.12.07,2010.12.14
972,한전산업개발,2010.12.01,2010.12.09
973,대정화금,2010.12.01,2010.12.09
974,케이티스(구.한국인포서비스),2010.12.01,2010.12.09
975,동부티에스블랙펄스팩,2010.11.23,2010.11.30
976,하이제1호스팩,2010.11.18,2010.11.24
977,세우테크,2010.11.15,2010.11.23
978,대구방송,2010.11.11,2010.11.19
979,코라오홀딩스,2010.11.10,2010.11.19
980,케이티롤,2010.11.09,2010.11.18
981,시그네틱스,2010.11.09,2010.11.17
982,한국전자인증,2010.11.02,2010.11.11
983,코프라,2010.10.26,2010.11.05
984,디케이락,2010.10.25,2010.11.02
985,하나그린스팩1호,2010.10.25,2010.11.02
986,케이엔엔,2010.10.19,2010.10.26
987,아나패스,2010.10.18,2010.10.26
988,삼본정밀전자,2010.10.18,2010.10.28
989,부국퓨쳐스타즈스팩,2010.10.14,2010.10.20
990,아이텍반도체,2010.10.06,2010.10.15
991,누리플랜,2010.10.05,2010.10.14
992,인화정공,2010.10.04,2010.10.14
993,코렌,2010.10.04,2010.10.12
994,아이씨코리아,2010.09.30,2010.10.08
995,키움제1호스팩,2010.09.09,2010.09.15
996,휠라코리아,2010.09.06,2010.09.15
997,포메탈,2010.09.02,2010.09.10
998,케이티씨에스(구.한국인포데이타,2010.09.01,2010.09.08
999,성융광전투자,2010.08.31,2010.09.07
1000,다원시스,2010.08.30,2010.09.07
1001,알파칩스,2010.08.30,2010.09.08
1002,와이솔,2010.08.26,2010.09.02
1003,현대홈쇼핑,2010.08.26,2010.09.03
1004,이트레이드1호스팩,2010.08.25,2010.09.01
1005,씨젠,2010.08.24,2010.09.02
1006,에이치엠씨아이비1호스팩,2010.08.12,2010.08.20
1007,교보케이티비스팩,2010.08.11,2010.08.19
1008,에스비아이앤솔로몬드림스팩,2010.08.09,2010.08.13
1009,대신증권그로쓰알파,2010.08.09,2010.08.13
1010,한국투자신성장1호스팩,2010.08.09,2010.08.17
1011,도화종합기술공사,2010.07.27,2010.08.04
1012,엠에스오토텍,2010.07.19,2010.07.28
1013,이글루시큐리티,2010.07.15,2010.07.27
1014,인터로조,2010.07.14,2010.07.20
1015,아이마켓코리아,2010.07.13,2010.07.23
1016,하이텍팜,2010.07.12,2010.07.21
1017,웨이포트(홍콩),2010.07.06,2010.07.15
1018,우진,2010.07.06,2010.07.16
1019,크루셜텍,2010.07.05,2010.07.13
1020,에스디시스템,2010.06.30,2010.07.08
1021,한화스팩1호,2010.06.24,2010.06.30
1022,신영증권스팩1호,2010.06.16,2010.06.23
1023,웅진에너지,2010.06.15,2010.06.22
1024,처음앤씨,2010.06.07,2010.06.11
1025,유비벨록스,2010.06.03,2010.06.10
1026,케이엔디티앤아이,2010.05.26,2010.06.04
1027,히든챔피언제1호스팩,2010.05.26,2010.06.04
1028,솔라시아,2010.05.25,2010.05.31
1029,이연제약,2010.05.24,2010.06.01
1030,실리콘웍스,2010.05.19,2010.05.27
1031,투비소프트,2010.05.17,2010.05.25
1032,인피니트헬스케어(구.인피니트테,2010.05.10,2010.05.18
1033,모바일리더,2010.05.06,2010.05.14
1034,만도,2010.05.04,2010.05.12
1035,신한제1호스팩,2010.04.28,2010.05.11
1036,우리스팩1호,2010.04.26,2010.04.30
1037,삼성생명,2010.04.22,2010.05.04
1038,동아체육용품유한공사,2010.04.06,2010.04.15
1039,뉴프라이드,2010.04.02,2010.04.13
1040,케이씨에스,2010.03.26,2010.04.06
1041,차이나킹하이웨이,2010.03.16,2010.03.23
1042,동양밸류오션SPAC,2010.03.11,2010.03.17
1043,디지탈아리아,2010.03.11,2010.03.18
1044,현대드림투게더,2010.03.04,2010.03.11
1045,대한생명보험,2010.03.03,2010.03.10
1046,미래에셋스팩1호,2010.02.25,2010.03.04
1047,대우증권그린코리아SPAC,2010.02.17,2010.02.23
1048,이미지스테크놀로지,2010.02.04,2010.02.18
1049,인포바인,2010.01.20,2010.01.29
1050,차이나하오란리사이클링,2010.01.19,2010.01.27
1051,하이소닉,2010.01.19,2010.01.29
1052,에스이티아이,2010.01.18,2010.01.27
1053,모베이스,2010.01.18,2010.01.27
1054,에이치디시에스,2010.01.14,2010.01.22
1055,락앤락,2010.01.14,2010.01.21
1056,지역난방공사,2010.01.13,2010.01.22
1057,우리넷,2010.01.12,2010.01.19
1058,아세아텍,2010.01.08,2010.01.15
1059,영흥철강,2010.01.08,2010.01.18
1060,스타플렉스,2010.01.07,2010.01.19
1061,우노앤컴퍼니,2009.12.28,2010.01.06
1062,승화엘엠씨,2009.12.17,2009.12.24
1063,코디에스,2009.12.16,2009.12.23
1064,아이티엑스시큐리티,2009.12.08,2009.12.15
1065,위메이드엔터테인먼트,2009.12.03,2009.12.10
1066,KPX라이프사이언스,2009.12.03,2009.12.11
1067,멜파스,2009.12.01,2009.12.10
1068,동양피엔에프,2009.12.01,2009.12.11
1069,현대푸드시스템,2009.11.30,2009.12.08
1070,한전기술,2009.11.25,2009.12.04
1071,디오텍,2009.11.24,2009.12.03
1072,중국엔진집단유한공사,2009.11.16,2009.11.24
1073,이원컴포텍,2009.11.12,2009.11.20
1074,GKL,2009.11.04,2009.11.12
1075,강원비앤이,2009.11.02,2009.11.11
1076,이너스텍,2009.10.27,2009.11.03
1077,동방선기,2009.10.27,2009.11.03
1078,에스케이씨앤씨,2009.10.26,2009.11.04
1079,디엠씨,2009.10.20,2009.10.29
1080,진매트릭스,2009.10.20,2009.10.29
1081,스틸플라워,2009.10.09,2009.10.16
1082,비츠로셀,2009.10.09,2009.10.20
1083,진로,2009.09.28,2009.10.09
1084,동양생명,2009.09.23,2009.09.30
1085,한스바이오메드,2009.09.22,2009.09.30
1086,네오위즈벅스,2009.09.17,2009.09.25
1087,아이앤씨테크놀로지,2009.09.16,2009.09.24
1088,케이엔더블유,2009.09.10,2009.09.18
1089,에리트베이직,2009.09.10,2009.09.18
1090,쌍용머티리얼,2009.09.09,2009.09.17
1091,모린스,2009.09.08,2009.09.16
1092,디에스케이,2009.09.07,2009.09.15
1093,제넥신,2009.09.01,2009.09.08
1094,톱텍,2009.08.27,2009.09.04
1095,동국S&C,2009.08.06,2009.08.21
1096,에스앤더블류,2009.07.15,2009.07.28
1097,게임빌,2009.07.13,2009.07.23
1098,동일금속,2009.07.09,2009.07.17
1099,대우캐피탈,2009.06.10,2009.06.18
1100,한미파슨스건축사사무소,2009.06.02,2009.06.12
1101,동아지질,2009.05.26,2009.06.03
1102,어보브반도체,2009.05.20,2009.05.28
1103,조이맥스,2009.05.18,2009.05.26
1104,차이나그레이트스타인터내셔널리,2009.05.11,2009.05.20
1105,이엔에프테크놀로지,2009.05.11,2009.05.21
1106,뉴그리드테크놀로지,2009.05.08,2009.05.15
1107,중국원양자원유한공사,2009.05.04,2009.05.14
1108,해덕선기,2009.04.29,2009.05.12
1109,서울마린,2009.04.29,2009.05.12
1110,한국정밀기계,2009.04.27,2009.05.07
1111,STX엔파코,2009.04.27,2009.05.07
1112,흥국,2009.04.22,2009.04.30
1113,신텍,2009.04.15,2009.04.22
1114,티플랙스,2009.04.07,2009.04.15
1115,우림기계,2009.04.07,2009.04.17
1116,네프로아이티,2009.04.06,2009.04.14
1117,엔에스브이,2009.03.31,2009.04.08
1118,에스티오,2009.03.31,2009.04.09
1119,뷰웍스,2009.03.25,2009.04.03
1120,에스앤에스텍,2009.03.25,2009.04.02
1121,에이테크솔루션,2009.03.25,2009.04.07
1122,코오롱생명과학,2009.03.17,2009.03.27
1123,네오피델리티,2009.03.12,2009.03.20
1124,중국식품포장유한공사,2009.03.04,2009.03.17
1125,이수앱지스,2009.01.13,2009.01.20
1126,유비쿼스,2009.01.07,2009.01.15
1127,대성파인텍,2009.01.07,2009.01.14
1128,메디톡스,2008.12.26,2009.01.08
1129,엠게임,2008.12.01,2008.12.10
1130,아이컴포넌트,2008.11.25,2008.12.05
1131,연합과기공고유한공사,2008.11.18,2008.11.26
1132,LG파워콤,2008.11.12,2008.11.19
1133,에너지솔루션즈,2008.11.04,2008.11.14
1134,이크레더블,2008.10.06,2008.10.14
1135,심팩에이앤씨,2008.09.22,2008.10.08
1136,사이버다임,2008.09.17,2008.09.25
1137,세운메디칼,2008.09.10,2008.09.19
1138,케이제이프리텍,2008.09.02,2008.09.09
1139,마이크로컨텍솔루션,2008.09.01,2008.09.10
1140,삼강엠앤티,2008.07.10,2008.07.22
1141,LG이노텍,2008.07.07,2008.07.15
1142,아이엠,2008.07.03,2008.07.15
1143,코리아에스이,2008.06.26,2008.07.04
1144,한텍엔지니어링,2008.06.25,2008.07.08
1145,슈프리마,2008.06.24,2008.07.03
1146,명문제약,2008.06.24,2008.07.02
1147,서울옥션,2008.06.12,2008.06.20
1148,비유와상징,2008.06.12,2008.06.20
1149,이스트소프트,2008.06.11,2008.06.20
1150,씨디아이홀딩스,2008.06.09,2008.06.17
1151,윌덱스,2008.06.04,2008.06.12
1152,쎄트렉아이,2008.05.27,2008.06.05
1153,브리지텍,2008.05.19,2008.05.27
1154,고영테크놀러지,2008.05.16,2008.05.23
1155,제이씨엔터테인먼트,2008.05.14,2008.05.22
1156,테스,2008.04.28,2008.05.08
1157,우진비앤지,2008.04.28,2008.05.08
1158,세미텍,2008.04.24,2008.05.14
1159,엘디티,2008.04.15,2008.04.24
1160,예스이십사,2008.04.15,2008.04.24
1161,실리콘화일,2008.04.08,2008.04.17
1162,메타바이오메드,2008.03.25,2008.04.04
1163,네패스신소재,2008.03.18,2008.03.26
1164,효성오앤비,2008.03.18,2008.03.27
1165,제너시스템즈,2008.03.10,2008.03.18
1166,넥실리온,2008.01.16,2008.01.22
1167,네오엠텔,2008.01.11,2008.01.17
1168,텔레필드,2008.01.10,2008.01.23
1169,코웰이홀딩스,2008.01.10,2008.01.18
1170,에스맥,2008.01.09,2008.01.15
1171,엔케이,2008.01.09,2008.01.17
1172,마이스코,2008.01.08,2008.01.16
1173,일신랩,2007.12.07,2007.12.14
1174,쎄믹스,2007.12.06,2007.12.13
1175,서원인텍,2007.12.05,2007.12.11
1176,이씨에스텔레콤,2007.11.30,2007.12.10
1177,대창메탈,2007.11.27,2007.12.05
1178,한전KPS,2007.11.23,2007.12.05
1179,미성포리테크,2007.11.22,2007.12.11
1180,위즈위드,2007.11.16,2007.11.27
1181,성진지오텍,2007.11.13,2007.11.20
1182,화풍방직,2007.11.07,2007.11.15
1183,세실,2007.11.02,2007.11.09
1184,알에프세미,2007.11.01,2007.11.09
1185,디엔에프,2007.10.30,2007.11.08
1186,씨모텍,2007.10.26,2007.11.02
1187,제이에스전선,2007.10.26,2007.11.02
1188,일진정공,2007.10.19,2007.10.26
1189,쉘라인,2007.10.19,2007.10.25
1190,비엠티,2007.10.18,2007.10.25
1191,현우산업,2007.10.14,2007.10.16
1192,기신정기,2007.10.11,2007.10.19
1193,이엘케이,2007.10.11,2007.10.18
1194,KSS해운,2007.10.10,2007.10.18
1195,이엠코리아,2007.10.09,2007.10.18
1196,효성ITX,2007.10.09,2007.10.16
1197,다믈멀티미디어,2007.10.02,2007.10.11
1198,디아이씨,2007.09.28,2007.10.11
1199,엘지에스,2007.09.21,2007.10.02
1200,에스에너지,2007.09.20,2007.10.05
1201,제이엠텔레콤,2007.09.19,2007.10.04
1202,성우전자,2007.09.18,2007.10.02
1203,오디텍,2007.09.17,2007.09.28
1204,미래나노텍,2007.09.12,2007.09.17
1205,상보,2007.09.11,2007.09.18
1206,네오티스,2007.09.11,2007.09.17
1207,에스티엑스팬오션,2007.09.10,2007.09.14
1208,아이에스시테크놀러지,2007.09.07,2007.09.14
1209,옴니시스템,2007.09.06,2007.09.11
1210,바이오톡스텍,2007.09.05,2007.09.13
1211,연이정보통신,2007.09.05,2007.09.11
1212,푸른기술,2007.08.31,2007.09.06
1213,웨이브일렉트로닉스,2007.08.29,2007.09.04
1214,빅솔론,2007.08.03,2007.08.08
1215,3노드디지탈,2007.07.27,2007.08.03
1216,넥스지,2007.07.24,2007.08.09
1217,에스엔케이폴리텍,2007.07.11,2007.07.20
1218,아구스,2007.07.10,2007.07.19
1219,아로마소프트,2007.07.06,2007.07.16
1220,바로비젼,2007.07.05,2007.07.12
1221,에코프로,2007.07.02,2007.07.10
1222,메모리앤테스팅,2007.06.26,2007.07.05
1223,컴투스,2007.06.21,2007.06.28
1224,디지텍시스템스,2007.06.12,2007.06.22
1225,삼성카드,2007.06.12,2007.06.21
1226,엔텔스,2007.05.30,2007.06.08
1227,풍강,2007.05.15,2007.05.23
1228,케이프,2007.05.08,2007.05.17
1229,동국제약,2007.05.08,2007.05.17
1230,상신이디피,2007.05.03,2007.05.15
1231,한라레벨,2007.05.03,2007.05.11
1232,에버테크노,2007.05.02,2007.05.10
1233,에프알텍,2007.04.26,2007.05.09
1234,잘만테크,2007.04.26,2007.05.10
1235,이엠텍,2007.04.12,2007.04.20
1236,이트레이드증권,2007.01.25,2007.02.08
1237,오스템임플란트,2007.01.18,2007.01.26
1238,네오팜,2007.01.10,2007.01.18
1239,비에이치,2007.01.09,2007.01.17
1240,나노캠텍,2007.01.08,2007.01.18
1241,오스코텍,2006.12.28,2007.01.05
1242,켐트로닉스,2006.12.26,2007.01.05
1243,젯텍,2006.12.19,2006.12.28
1244,동아엘텍,2006.12.12,2006.12.20
1245,아비스타,2006.12.08,2006.12.15
1246,디앤티,2006.12.04,2006.12.13
1247,신양엔지니어링,2006.12.04,2006.12.14
1248,펜타마이크로,2006.11.29,2006.12.07
1249,휴온스,2006.11.28,2006.12.06
1250,파트론,2006.11.27,2006.12.01
1251,한국컴퓨터,2006.11.21,2006.12.01
1252,다사테크,2006.11.17,2006.11.24
1253,유니테스트,2006.11.14,2006.11.24
1254,큐에스아이,2006.11.06,2006.11.16
1255,에스에이티,2006.11.06,2006.11.17
1256,크레듀,2006.11.01,2006.11.08
1257,화신테크,2006.10.27,2006.11.02
1258,주연테크,2006.10.20,2006.11.02
1259,성창에어텍,2006.10.17,2006.10.27
1260,고려반도체시스템,2006.10.13,2006.10.26
1261,넥스턴,2006.10.12,2006.10.25
1262,인천도시가스,2006.10.11,2006.10.26
1263,제이티,2006.10.10,2006.10.19
1264,광진윈텍,2006.09.27,2006.10.12
1265,이녹스,2006.09.26,2006.10.12
1266,삼정펄프,2006.09.14,2006.09.28
1267,용현비엠,2006.09.14,2006.09.27
1268,바텍,2006.09.12,2006.09.21
1269,엠디에스테크놀로지,2006.09.06,2006.09.15
1270,현대EP,2006.09.05,2006.09.13
1271,평산,2006.08.01,2006.08.10
1272,엘씨텍,2006.07.20,2006.07.28
1273,지오텔,2006.07.13,2006.07.21
1274,엑스씨이,2006.07.04,2006.07.13
1275,티엘아이,2006.07.04,2006.07.13
1276,젠트로,2006.06.29,2006.07.13
1277,한국전자금융,2006.06.26,2006.07.06
1278,트라이콤,2006.06.20,2006.07.14
1279,인포뱅크,2006.06.15,2006.06.23
1280,미디어플렉스,2006.06.14,2006.06.29
1281,맥스엔지니어링,2006.06.13,2006.06.23
1282,사이버패스,2006.06.13,2006.06.23
1283,온미디어,2006.06.13,2006.06.23
1284,팬엔터테인먼트,2006.06.12,2006.06.23
1285,에이치앤티,2006.06.09,2006.06.21
1286,오엘케이,2006.06.08,2006.06.16
1287,포인트아이,2006.06.08,2006.06.16
1288,동우,2006.05.30,2006.06.14
1289,롯데관광개발,2006.05.17,2006.05.25
1290,씨앤비텍,2006.05.17,2006.05.25
1291,제이브이엠,2006.05.15,2006.05.26
1292,팅크웨어,2006.05.03,2006.05.11
1293,엔트로피,2006.04.26,2006.05.12
1294,진바이오텍,2006.04.07,2006.04.19
1295,애강,2006.03.22,2006.03.31
1296,미래에셋증권,2006.01.26,2006.02.08
1297,롯데쇼핑,2006.01.26,2006.02.03
1298,엠비즈네트웍스글로벌,2006.01.16,2006.01.24
1299,제우스,2006.01.12,2006.01.20
1300,모건코리아,2006.01.12,2006.01.20
1301,글로벌스탠다드테크놀로지,2006.01.10,2006.01.20
1302,모빌탑,2006.01.06,2006.01.17
1303,뉴프렉스,2005.12.28,2006.01.06
1304,유진테크,2005.12.27,2006.01.06
1305,오늘과내일,2005.12.27,2006.01.12
1306,크리스탈지노믹스,2005.12.22,2005.12.29
1307,바이로메드,2005.12.19,2005.12.23
1308,바이오니아,2005.12.14,2005.12.21
1309,윈포넷,2005.12.09,2005.12.16
1310,글로비스,2005.12.07,2005.12.16
1311,디오스텍,2005.12.07,2005.12.15
1312,대봉엘에스,2005.12.07,2005.12.15
1313,와이엔텍,2005.12.06,2005.12.15
1314,모젬,2005.12.06,2005.12.15
1315,더베이직하우스,2005.12.01,2005.12.09
1316,우진ACT,2005.11.30,2005.12.09
1317,수성,2005.11.30,2005.12.09
1318,엠피씨,2005.11.23,2005.12.02
1319,이노칩테크놀로지,2005.11.17,2005.11.25
1320,범우이엔지,2005.11.15,2005.11.24
1321,제일연마공업,2005.11.15,2005.11.25
1322,아이디에스,2005.11.09,2005.11.18
1323,이엠따블유안테나,2005.11.09,2005.11.17
1324,화우테크놀러지,2005.11.07,2005.11.18
1325,자연과환경,2005.11.01,2005.11.10
1326,리바트,2005.10.27,2005.11.10
1327,와토스코리아,2005.10.26,2005.11.04
1328,아이피에스,2005.10.25,2005.11.03
1329,루미마이크로,2005.10.25,2005.11.09
1330,인프라웨어,2005.10.12,2005.10.20
1331,대한제강,2005.10.06,2005.10.20
1332,성일텔레콤,2005.10.06,2005.10.19
1333,두올산업,2005.10.06,2005.10.19
1334,서린바이오사이언스,2005.09.29,2005.10.13
1335,가비아,2005.09.27,2005.10.12
1336,에스에스씨피,2005.09.27,2005.10.07
1337,덕산하이메탈,2005.09.27,2005.10.06
1338,하나마이크론,2005.09.23,2005.09.30
1339,그린소프트켐,2005.09.22,2005.10.07
1340,아바코,2005.09.21,2005.09.30
1341,엘오티베큠,2005.09.13,2005.09.23
1342,참테크,2005.09.13,2005.09.23
1343,실리샌드,2005.09.13,2005.09.23
1344,이상네트웍스,2005.09.12,2005.09.23
1345,금호타이어,2005.02.03,2005.02.14
1346,이노와이어리스,2005.01.18,2005.01.26
1347,동양계전공업,2005.01.15,2005.01.21
1348,이엠엘에스아이,2005.01.13,2005.01.21
1349,에이디피엔지니어링,2005.01.13,2005.01.26
1350,서산,2005.01.11,2005.01.13
1351,에이블씨엔씨,2005.01.11,2005.01.26
1352,한창산업,2005.01.11,2005.01.21
1353,디이엔티,2005.01.10,2005.01.18
1354,인터넷엠비씨,2005.01.06,2005.01.13
1355,에스엔유프리시젼,2005.01.04,2005.01.14
1356,인프라밸리,2004.12.28,2005.01.11
1357,비아이이엠티,2004.12.23,2005.01.06
1358,손오공,2004.12.17,2004.12.29
1359,아이크래프트,2004.12.15,2004.12.23
1360,메가스터디,2004.11.30,2004.12.09
1361,대주전자재료,2004.11.25,2004.12.03
1362,텔레칩스,2004.11.25,2004.12.02
1363,모빌리언스,2004.11.24,2004.12.02
1364,넥스트인스트루먼트,2004.11.23,2004.11.30
1365,화인에이티씨,2004.11.15,2004.11.23
1366,유니드,2004.11.10,2004.11.24
1367,토비스,2004.11.03,2004.11.10
1368,신지소프트,2004.10.12,2004.10.20
1369,태양기전,2004.10.12,2004.10.19
1370,디지탈디바이스,2004.10.12,2004.10.20
1371,모코코,2004.10.12,2004.10.21
1372,케이이엔지,2004.10.07,2004.10.21
1373,국일제지,2004.10.06,2004.10.13
1374,디엠에스,2004.09.06,2004.09.16
1375,아이레보,-,2003.12.16
1376,레인콤,-,2003.12.10
1377,비트윈,-,2003.12.10
1378,텔코웨어,-,2004.07.09
1379,다날,-,2004.07.14
1380,한국경제티브이,-,2004.07.22
1381,신성델타테크,-,2004.07.28
1382,LG필립스엘시디,-,2004.07.20
1383,동아에스텍,-,2004.07.22
1384,유니퀘스트,-,2004.07.23
1385,코아로직,-,2004.08.04
1386,한서제약,-,2004.11.10
1387,테스텍,-,2005.05.10
1388,글로벌에스엠테크리미티드,-,2009.12.15
1389,케이탑리츠,-,2012.01.17
1390,모두투어리츠,-,2016.09.02
1391,신한알파리츠,-,2018.07.27
1392,대신밸런스스팩10호,-,2021.09.07
