,name,type,day,now_p,gongmo_p,sicho_p,first_p
0,대성하이텍,kosdaq,20220822,-,-,-,예정
1,쏘카(유가),kospi,20220822,53500,-,-,예정
2,에이치와이티씨,kosdaq,20220809,-,15000,-,예정
3,유안타스팩9호,kosdaq,20220804,2090,2000,2090,2090
4,새빗켐,kosdaq,20220804,72500,35000,70000,72500
5,수산인더스트리(유가),kospi,20220801,32000,35000,33000,32500
6,신한스팩10호,kosdaq,20220729,2135,2000,2150,2145
7,아이씨에이치,kosdaq,20220729,25100,34000,30600,27000
8,성일하이텍,kosdaq,20220728,89400,50000,99900,88200
9,에이프릴바이오,kosdaq,20220728,20650,16000,19500,21850
10,IBKS스팩18호,kosdaq,20220722,2135,2000,2185,2145
11,루닛,kosdaq,20220721,41850,30000,30800,40000
12,에이치피에스피,kosdaq,20220715,52700,25000,50000,43250
13,대신밸런스12호스팩,kosdaq,20220714,2145,2000,2170,2135
14,영창케미칼,kosdaq,20220714,14250,18600,18400,16450
15,코난테크놀로지,kosdaq,20220707,27400,25000,35300,30600
16,넥스트칩,kosdaq,20220701,12000,13000,17150,14300
17,삼성스팩6호,kosdaq,20220630,6280,2000,4000,5200
18,NH스팩23호,kosdaq,20220628,2115,2000,2085,2090
19,교보스팩12호,kosdaq,20220624,2105,2000,2075,2070
20,보로노이,kosdaq,20220624,41750,40000,36000,29350
21,레이저쎌,kosdaq,20220624,12400,16000,20600,17350
22,KB스팩21호,kosdaq,20220623,2105,2000,2100,2100
23,위니아에이드,kosdaq,20220623,9330,16200,14600,11000
24,비플라이소프트,kosdaq,20220620,2140,10000,10500,9050
25,범한퓨얼셀,kosdaq,20220617,30200,40000,41000,47950
26,청담글로벌,kosdaq,20220603,11300,6000,6500,7640
27,마스턴프리미어리츠(유가),kospi,20220531,4990,5000,5750,6010
28,하나금융스팩22호,kosdaq,20220526,2120,2000,2160,2155
29,가온칩스,kosdaq,20220520,26500,14000,24150,27100
30,대명에너지,kosdaq,20220516,18550,15000,15450,13950
31,상상인스팩3호,kosdaq,20220429,2090,2000,2155,2150
32,신영스팩7호,kosdaq,20220428,2140,2000,2295,2270
33,포바이포,kosdaq,20220428,21600,17000,34000,44200
34,신한스팩9호,kosdaq,20220427,2135,2000,2240,2255
35,미래에셋비전스팩1호,kosdaq,20220421,2130,2000,2270,2295
36,키움스팩6호,kosdaq,20220407,2210,2000,2180,2215
37,지투파워,kosdaq,20220401,47650,16400,32800,35250
38,유진스팩8호,kosdaq,20220331,2115,2000,2115,2110
39,코람코더원리츠(유가),kospi,20220328,5350,5000,5260,5410
40,세아메카닉스,kosdaq,20220324,7820,4400,8800,7600
41,공구우먼,kosdaq,20220323,11850,20000,21600,20000
42,유일로보틱스,kosdaq,20220318,32350,10000,20000,26000
43,모아데이타,kosdaq,20220310,4080,20000,18000,16050
44,SK증권스팩7호,kosdaq,20220307,2185,2000,2135,2130
45,노을,kosdaq,20220303,7670,10000,9670,9210
46,비씨엔씨,kosdaq,20220303,18300,13000,26000,22600
47,풍원정밀,kosdaq,20220228,14650,15200,20200,21450
48,스톤브릿지벤처스,kosdaq,20220225,6730,8000,7200,6510
49,하나금융스팩21호,kosdaq,20220225,2125,2000,2080,2090
50,브이씨,kosdaq,20220224,11000,15000,17400,15350
51,퓨런티어,kosdaq,20220223,27600,15000,30000,31200
52,바이오에프디엔씨,kosdaq,20220221,23050,28000,25200,22200
53,한국스팩10호,kosdaq,20220221,2155,2000,2130,2130
54,IBKS스팩17호,kosdaq,20220218,2255,2000,2660,2315
55,인카금융서비스,kosdaq,20220216,7360,18000,17250,14400
56,나래나노텍,kosdaq,20220208,9470,17500,15750,13900
57,아셈스,kosdaq,20220207,15150,8000,16000,13500
58,스코넥,kosdaq,20220204,13700,13000,26000,24450
59,이지트로닉스,kosdaq,20220204,15000,22000,23450,25500
60,LG에너지솔루션(유가),kospi,20220127,443000,300000,597000,505000
61,애드바이오텍,kosdaq,20220124,5100,7000,6730,5950
62,케이옥션,kosdaq,20220124,7350,20000,40000,52000
63,오토앤,kosdaq,20220120,13500,5300,8800,11400
64,디비금융스팩10호,kosdaq,20220120,2105,2000,2075,2115
65,래몽래인,kosdaq,20211230,19600,15000,26000,24000
66,하나금융스팩20호,kosdaq,20211227,2235,2000,2130,2135
67,NH스팩22호,kosdaq,20211224,2145,2000,2090,2085
68,하이스팩7호,kosdaq,20211220,2115,2000,2060,2085
69,교보스팩11호,kosdaq,20211220,2135,2000,2065,2095
70,케이티비네트워크,kosdaq,20211216,3295,5800,6030,5350
71,신한서부티엔디리츠(유가),kospi,20211210,4835,5000,4805,4915
72,툴젠,kosdaq,20211210,70700,70000,82300,91100
73,미래에셋글로벌리츠(유가),kospi,20211203,4855,5000,5310,5230
74,대신밸런스스팩11호,kosdaq,20211202,2680,2000,2060,2070
75,마인즈랩,kosdaq,20211123,18050,30000,29650,38000
76,알비더블유,kosdaq,20211122,18700,21400,42800,38950
77,바이옵트로,kosdaq,20211118,6900,7500,7300,6290
78,NH올원리츠(유가),kospi,20211118,4690,5000,5490,5370
79,트윔,kosdaq,20211117,19100,22000,44000,41100
80,지오엘리먼트,kosdaq,20211111,20200,10000,20000,15900
81,아이티아이즈,kosdaq,20211111,12050,14300,28600,20050
82,비트나인,kosdaq,20211110,11350,11000,15250,11400
83,디어유,kosdaq,20211110,38500,26000,52000,66500
84,지니너스,kosdaq,20211108,2975,20000,18000,13400
85,카카오페이(유가),kospi,20211103,73800,90000,180000,193000
86,피코그램,kosdaq,20211103,43000,12500,25000,18600
87,엔켐,kosdaq,20211101,54100,42000,81600,80000
88,리파인,kosdaq,20211029,11200,21000,18900,14300
89,지앤비에스엔지니어링,kosdaq,20211029,12450,17400,24000,19200
90,아이패밀리에스씨,kosdaq,20211028,12350,25000,28650,25400
91,차백신연구소,kosdaq,20211022,7480,11000,11700,13000
92,지아이텍,kosdaq,20211021,3430,14000,28000,36400
93,NH스팩21호,kosdaq,20211015,2720,2000,2075,2075
94,케이카(유가),kospi,20211013,20350,25000,22500,23000
95,씨유테크,kosdaq,20211008,5490,6000,12000,8400
96,원준,kosdaq,20211007,35150,65000,102000,87000
97,하나금융스팩19호,kosdaq,20211007,2135,2000,2045,2045
98,아스플로,kosdaq,20211007,8870,25000,36000,28350
99,NH스팩20호,kosdaq,20211005,2090,2000,2030,2050
100,에스앤디,kosdaq,20210929,19000,28000,25200,21700
101,실리콘투,kosdaq,20210929,2790,27200,38500,29000
102,프롬바이오,kosdaq,20210928,9960,18000,19250,19850
103,신한스팩8호,kosdaq,20210927,2135,2000,2100,2080
104,바이오플러스,kosdaq,20210927,32000,31500,39500,32450
105,대신밸런스스팩10호,kosdaq,20210917,2270,2000,2305,2220
106,현대중공업(유가),kospi,20210917,131000,60000,111000,111500
107,SK리츠(유가),kospi,20210914,5460,5000,5340,5780
108,유진스팩7호,kosdaq,20210913,2145,2000,4000,2800
109,와이엠텍,kosdaq,20210910,16350,28000,56000,59000
110,에이비온,kosdaq,20210908,10600,17000,16800,15700
111,IBKS스팩16호,kosdaq,20210903,2225,2000,4000,2475
112,일진하이솔루스(유가),kospi,20210901,35200,34300,68600,89100
113,디앤디플랫폼리츠,kosdaq,20210827,4545,5000,5390,5290
114,바이젠셀,kosdaq,20210825,9700,52700,73500,59500
115,아주스틸(유가),kospi,20210820,12000,15100,30200,33500
116,브레인즈컴퍼니,kosdaq,20210819,9320,25000,50000,65000
117,롯데렌탈(유가),kospi,20210819,38400,59000,57500,55500
118,딥노이드,kosdaq,20210817,9070,42000,72000,50400
119,한컴라이프케어(유가),kospi,20210817,5580,13700,16050,12800
120,엠로,kosdaq,20210813,16550,22600,32700,28300
121,플래티어,kosdaq,20210812,13450,11000,22000,28600
122,원티드랩,kosdaq,20210811,24350,35000,70000,91000
123,크래프톤(유가),kospi,20210810,263000,498000,448500,454000
124,에이치케이이노엔,kosdaq,20210809,43500,59000,68100,68500
125,카카오뱅크(유가),kospi,20210806,32900,39000,53700,69800
126,한화플러스스팩2호,kosdaq,20210805,2175,2000,4000,-
127,에브리봇,kosdaq,20210728,33450,36700,33050,30300
128,맥스트,kosdaq,20210727,19200,15000,30000,39000
129,큐라클,kosdaq,20210722,18100,25000,36500,30650
130,에스디바이오센서(유가),kospi,20210716,39000,52000,57000,61000
131,오비고,kosdaq,20210713,11850,14300,19200,20700
132,아모센스,kosdaq,20210625,15650,12400,12250,15900
133,이노뎁,kosdaq,20210618,15250,18000,22200,18050
134,삼성머스트스팩5호,kosdaq,20210617,4890,2000,4000,5200
135,라온테크,kosdaq,20210617,15650,18000,20250,20500
136,엘비루셈,kosdaq,20210611,7940,14000,18000,15200
137,에이디엠코리아,kosdaq,20210603,3100,3800,7600,9880
138,제주맥주,kosdaq,20210526,2460,3200,4780,4900
139,진시스템,kosdaq,20210526,9750,20000,19100,17400
140,삼영에스앤씨,kosdaq,20210521,7770,11000,22000,28600
141,삼성스팩4호,kosdaq,20210521,7720,2000,2070,2105
142,NH스팩19호(유가),kospi,20210521,2095,2000,2075,2100
143,샘씨엔에스,kosdaq,20210520,5110,6500,6400,8320
144,씨앤씨인터내셔널,kosdaq,20210517,20850,47500,47250,41150
145,에이치피오,kosdaq,20210514,11650,22200,20000,16750
146,SK아이이테크놀로지(유가),kospi,20210511,85000,105000,210000,154500
147,하이스팩6호,kosdaq,20210510,2150,2000,2060,2065
148,쿠콘,kosdaq,20210428,34550,45000,80000,65500
149,해성티피씨,kosdaq,20210421,7930,13000,26000,33800
150,이삭엔지니어링,kosdaq,20210421,11850,11500,23000,26150
151,유진스팩6호,kosdaq,20210408,2250,2000,2050,2045
152,유안타스팩8호,kosdaq,20210405,2135,2000,2030,2030
153,엔시스,kosdaq,20210401,14400,19000,38000,31400
154,자이언트스텝,kosdaq,20210324,27900,11000,22000,28600
155,제노코,kosdaq,20210324,24200,36000,65000,80100
156,라이프시맨틱스,kosdaq,20210323,6100,12500,25000,17500
157,SK바이오사이언스(유가),kospi,20210318,124500,65000,130000,169000
158,바이오다인,kosdaq,20210317,28200,30000,40000,42600
159,네오이뮨텍,kosdaq,20210316,4960,7500,15000,14350
160,디비금융스팩9호,kosdaq,20210316,2100,2000,2025,2020
161,프레스티지바이오로직스,kosdaq,20210311,4970,12400,12100,14300
162,싸이버원,kosdaq,20210311,11600,9500,18000,21200
163,나노씨엠에스,kosdaq,20210309,32750,20000,33000,23950
164,하나머스트스팩7호,kosdaq,20210305,2145,2000,2055,2050
165,뷰노,kosdaq,20210226,8050,21000,32900,32150
166,IBKS스팩15호,kosdaq,20210226,7620,2000,2060,2070
167,유일에너테크,kosdaq,20210225,15300,16000,32000,34500
168,씨이랩,kosdaq,20210224,13550,35000,46600,40800
169,오로스테크놀로지,kosdaq,20210224,15650,21000,42000,54600
170,피엔에이치테크,kosdaq,20210216,18050,18000,20500,23850
171,하나금융스팩17호,kosdaq,20210210,1575,2000,2045,2050
172,프레스티지바이오파마(유가),kospi,20210205,12350,32000,28800,32800
173,아이퀘스트,kosdaq,20210205,9490,11000,22000,20000
174,신한스팩7호,kosdaq,20210204,2125,2000,2020,2030
175,와이더플래닛,kosdaq,20210203,7850,16000,24900,20000
176,레인보우로보틱스,kosdaq,20210203,29300,10000,20000,26000
177,솔루엠(유가),kospi,20210202,21150,17000,34000,29150
178,핑거,kosdaq,20210129,12800,16000,32000,29100
179,씨앤투스성진,kosdaq,20210128,5610,32000,31700,28700
180,모비릭스,kosdaq,20210128,17100,14000,28000,36400
181,선진뷰티사이언스,kosdaq,20210127,6380,11500,23000,29900
182,엔비티,kosdaq,20210121,7430,19000,38000,36500
183,한국스팩9호,kosdaq,20210121,4395,2000,2020,2030
184,유안타스팩7호,kosdaq,20201228,2150,2000,2010,2005
185,지놈앤컴퍼니,kosdaq,20201223,19900,40000,80000,68800
186,대신밸런스스팩9호,kosdaq,20201223,3090,2000,2020,2050
187,석경에이티,kosdaq,20201223,18850,10000,20000,26000
188,이에스알켄달스퀘어리츠(유가),kospi,20201223,5430,5000,4970,5190
189,프리시젼바이오,kosdaq,20201222,7490,12500,25000,32500
190,알체라,kosdaq,20201221,15250,10000,20000,26000
191,엔에이치스팩18호,kosdaq,20201221,1720,2000,2025,2025
192,에프앤가이드,kosdaq,20201217,8090,7000,14000,12850
193,에이치엠씨아이비스팩5호,kosdaq,20201216,2095,2000,2000,-
194,티엘비,kosdaq,20201214,40700,38000,75900,54500
195,인바이오,kosdaq,20201211,5570,5800,11600,12200
196,엔젠바이오,kosdaq,20201210,9660,14000,28000,25650
197,퀀타매트릭스,kosdaq,20201209,6530,25500,25050,24100
198,디비금융스팩8호,kosdaq,20201209,2105,2000,1985,1985
199,명신산업(유가),kospi,20201207,18950,6500,13000,16900
200,클리노믹스,kosdaq,20201204,8610,13900,18500,19000
201,포인트모바일,kosdaq,20201203,18100,15000,30000,30550
202,엔에프씨,kosdaq,20201202,10800,13400,20700,16950
203,앱코,kosdaq,20201202,11700,24300,30150,28900
204,제일전기공업,kosdaq,20201126,12100,17000,34000,28650
205,하나기술,kosdaq,20201125,56200,35000,70000,91000
206,티앤엘,kosdaq,20201120,38600,36000,72000,54000
207,에이플러스에셋어드바이저(유가),kospi,20201120,6030,7500,8100,6880
208,고바이오랩,kosdaq,20201118,14050,15000,30000,31300
209,네패스아크,kosdaq,20201117,29500,26500,36200,38700
210,교촌에프앤비(유가),kospi,20201112,12200,12300,23850,31000
211,소룩스,kosdaq,20201106,8810,10000,20000,26000
212,위드텍,kosdaq,20201030,15550,25000,37100,41100
213,센코,kosdaq,20201029,14100,13000,13350,15250
214,바이브컴퍼니,kosdaq,20201028,33300,28000,40000,31300
215,미코바이오메드,kosdaq,20201022,11600,15000,16100,13700
216,피플바이오,kosdaq,20201019,10550,20000,18000,23400
217,하이브(구.빅히트)(유가),kospi,20201015,173500,135000,270000,258000
218,넥스틴,kosdaq,20201008,63200,75400,71100,71600
219,원방테크,kosdaq,20200924,11050,54300,48900,43700
220,엔에이치스팩17호,kosdaq,20200923,1720,2000,2005,1995
221,비나텍,kosdaq,20200923,44400,33000,44000,40750
222,박셀바이오,kosdaq,20200922,66400,30000,27000,21300
223,비비씨,kosdaq,20200921,11300,30700,27650,22300
224,교보스팩10호,kosdaq,20200918,2250,2000,2020,2005
225,핌스,kosdaq,20200918,14500,19000,21000,18300
226,압타머사이언스,kosdaq,20200916,10900,25000,28850,27750
227,이오플로우,kosdaq,20200914,20600,19000,21750,20000
228,카카오게임즈,kosdaq,20200910,58100,24000,48000,62400
229,피엔케이피부임상연구센타,kosdaq,20200909,5500,18300,28000,26800
230,코람코에너지플러스리츠(유가),kospi,20200831,5600,5000,4800,4735
231,미래에셋대우스팩5호,kosdaq,20200828,2130,2000,2000,2010
232,아이디피,kosdaq,20200824,8700,9800,13200,12500
233,셀레믹스,kosdaq,20200821,8720,20000,24900,25800
234,미투젠,kosdaq,20200818,16150,27000,29100,25500
235,브랜드엑스코퍼레이션,kosdaq,20200813,8000,13000,12900,11700
236,영림원소프트랩,kosdaq,20200812,11100,11500,17600,13650
237,한국파마,kosdaq,20200810,32800,9000,18000,16850
238,제이알글로벌리츠(유가),kospi,20200807,4655,5000,4700,4825
239,이루다,kosdaq,20200806,5640,9000,18000,17650
240,이지스레지던스리츠(유가),kospi,20200805,4585,5000,4500,4190
241,미래에셋맵스리츠1호(유가),kospi,20200805,4385,5000,4500,4350
242,와이팜,kosdaq,20200731,4850,11000,15550,18800
243,이엔드디,kosdaq,20200730,27750,14400,18200,21000
244,엠투아이,kosdaq,20200729,9370,15600,18850,15900
245,에이치엠씨아이비스팩4호,kosdaq,20200729,2090,2000,2010,2000
246,더네이쳐홀딩스,kosdaq,20200727,29700,46000,41400,43000
247,제놀루션,kosdaq,20200724,13150,14000,28000,24750
248,솔트룩스,kosdaq,20200723,10400,25000,40000,34300
249,하나금융스팩16호,kosdaq,20200723,2160,2000,2020,2020
250,티에스아이,kosdaq,20200722,10450,10000,20000,17200
251,이지스밸류플러스리츠(유가),kospi,20200716,5160,5000,4800,4410
252,에이프로,kosdaq,20200716,12200,21600,43200,56100
253,IBKS스팩13호,kosdaq,20200715,2015,2000,2010,2010
254,소마젠,kosdaq,20200713,6070,11000,11650,15100
255,신도기연,kosdaq,20200706,5120,16000,32000,22400
256,위더스제약,kosdaq,20200703,8930,15900,31800,34400
257,SK바이오팜(유가),kospi,20200702,77500,49000,98000,127000
258,마크로밀엠브레인,kosdaq,20200701,3605,6800,13600,16050
259,젠큐릭스,kosdaq,20200625,9800,22700,25100,21650
260,IBKS스팩14호,kosdaq,20200622,3645,2000,2010,2010
261,엘이티,kosdaq,20200622,13750,7800,15600,20250
262,에스씨엠생명과학,kosdaq,20200617,12000,17000,29500,36100
263,엔에이치스팩16호,kosdaq,20200617,1305,2000,2005,2005
264,드림씨아이에스,kosdaq,20200522,14100,14900,28000,30500
265,이베스트스팩5호,kosdaq,20200520,2080,2000,2000,2000
266,케이프이에스스팩4호,kosdaq,20200324,2090,2000,2005,1980
267,엔피디,kosdaq,20200316,2565,5400,4860,3775
268,플레이디,kosdaq,20200312,5910,8500,11250,8800
269,에스케이스팩6호,kosdaq,20200311,2115,2000,2025,2010
270,서울바이오시스,kosdaq,20200306,7720,7500,13000,11100
271,제이앤티씨,kosdaq,20200304,5230,11000,10200,10350
272,켄코아에어로스페이스,kosdaq,20200303,11800,10000,11500,10250
273,레몬,kosdaq,20200228,5990,7200,8620,10400
274,서남,kosdaq,20200220,2920,3100,3900,4750
275,신영스팩6호,kosdaq,20200212,2285,2000,2000,2010
276,위세아이텍,kosdaq,20200210,11800,12000,13900,12400
277,하나금융스팩15호,kosdaq,20200130,2035,2000,2000,2000
278,케이비스팩20호,kosdaq,20200130,2290,2000,2000,2000
279,한화플러스스팩1호,kosdaq,20191227,3790,2000,2005,2000
280,피피아이,kosdaq,20191226,2895,7000,11000,9630
281,천랩,kosdaq,20191226,32100,40000,42950,38500
282,엔에이치스팩15호,kosdaq,20191224,2465,2000,2000,2000
283,메탈라이프,kosdaq,20191224,11400,13000,26000,33800
284,하이스팩5호,kosdaq,20191223,2035,2000,2000,2005
285,브릿지바이오테라퓨틱스,kosdaq,20191220,12800,60000,62400,54300
286,메드팩토,kosdaq,20191219,31100,40000,40000,35900
287,대신밸런스스팩8호,kosdaq,20191219,3250,2000,2005,2005
288,유안타스팩6호,kosdaq,20191219,1315,2000,2005,2000
289,신테카바이오,kosdaq,20191217,11050,12000,14950,16700
290,제이엘케이인스펙션,kosdaq,20191211,4960,9000,8500,9000
291,태웅로직스,kosdaq,20191210,5140,4500,8170,6110
292,IBKS스팩12호,kosdaq,20191209,2210,2000,2040,2050
293,리메드,kosdaq,20191206,14550,13000,14100,13450
294,에스케이스팩5호,kosdaq,20191205,3430,2000,2010,2010
295,엔에이치프라임리츠(유가),kospi,20191205,4700,5000,5000,6500
296,IBKS스팩11호,kosdaq,20191203,2135,2000,2005,2010
297,코리아센터,kosdaq,20191129,5490,18000,23000,22850
298,유안타스팩5호,kosdaq,20191128,1795,2000,2145,2010
299,노터스,kosdaq,20191127,6980,20000,29750,36500
300,센트랄모텍(유가),kospi,20191125,18300,6000,7650,9940
301,티움바이오,kosdaq,20191122,18000,12000,11800,13450
302,씨에스베어링,kosdaq,20191121,10150,8400,8400,8950
303,코리아에셋투자증권,kosdaq,20191120,9970,10000,9900,8290
304,우양,kosdaq,20191120,4075,4200,6060,4785
305,현대에너지솔루션(유가),kospi,20191119,50900,18000,18200,17300
306,에스제이그룹,kosdaq,20191118,21650,38600,43500,46400
307,제테마,kosdaq,20191114,15700,21000,20100,22450
308,한화시스템(유가),kospi,20191113,14300,12250,11600,11100
309,라파스,kosdaq,20191111,41000,20000,19950,18050
310,아이티엠반도체,kosdaq,20191107,34200,26000,26750,24700
311,자이에스앤디(유가),kospi,20191106,8080,5200,6650,6120
312,미래에셋대우스팩4호,kosdaq,20191106,-,2000,2000,2000
313,미디어젠,kosdaq,20191105,9970,10600,11250,9150
314,하나금융스팩14호,kosdaq,20191101,-,2000,2000,2005
315,신한스팩6호,kosdaq,20191031,-,2000,2010,2010
316,티라유텍,kosdaq,20191031,9160,12050,24100,20650
317,롯데리츠(유가),kospi,20191030,5040,5000,5000,6500
318,지누스(유가),kospi,20191030,49350,70000,73500,83000
319,교보스팩9호,kosdaq,20191029,-,2000,2010,2010
320,캐리소프트,kosdaq,20191029,7030,9000,12100,13850
321,케이엔제이,kosdaq,20191025,11450,11000,15700,14900
322,엔바이오니아,kosdaq,20191024,9020,8200,10700,12100
323,팜스빌,kosdaq,20191022,12800,14000,16800,14350
324,라온피플,kosdaq,20191018,6860,14000,13300,15550
325,아톤,kosdaq,20191017,30250,43000,46050,42850
326,녹십자웰빙,kosdaq,20191014,8150,11300,11900,12500
327,대신밸런스스팩7호,kosdaq,20191011,-,2000,2025,2025
328,유진스팩5호,kosdaq,20191002,-,2000,2045,2045
329,케이비스팩19호,kosdaq,20190930,-,2000,2045,2050
330,올리패스,kosdaq,20190920,5380,20000,30600,24800
331,라닉스,kosdaq,20190918,6990,6000,7100,8090
332,하나금융스팩13호,kosdaq,20190918,-,2000,2040,2070
333,한독크린텍,kosdaq,20190905,11000,15100,24500,19250
334,상상인이안스팩2호,kosdaq,20190830,-,2000,2150,2035
335,네오크레마,kosdaq,20190822,14300,8000,9530,8370
336,미래에셋대우스팩3호,kosdaq,20190820,-,2000,2120,-
337,마니커에프앤지,kosdaq,20190820,4100,4000,8000,6950
338,나노브릭,kosdaq,20190819,2445,16000,14400,14800
339,에스피시스템스,kosdaq,20190814,10200,4900,9800,12700
340,레이,kosdaq,20190808,24300,20000,25150,24750
341,그린플러스,kosdaq,20190807,13550,10000,11150,10700
342,코윈테크,kosdaq,20190805,28650,34500,31050,21750
343,덕산테코피아,kosdaq,20190802,16200,19000,17100,15600
344,슈프리마아이디,kosdaq,20190801,17000,27000,34750,28000
345,한국바이오젠,kosdaq,20190801,6420,6000,12000,13200
346,세경하이테크,kosdaq,20190730,19900,35000,33250,33350
347,윌링스,kosdaq,20190725,11450,12500,22800,29600
348,대모(구.대모엔지니어링),kosdaq,20190724,8140,5200,8710,11300
349,에이스토리,kosdaq,20190719,27800,14300,12900,-
350,플리토,kosdaq,20190717,41900,26000,31600,27800
351,이베스트이안스팩1호,kosdaq,20190715,-,2000,3040,-
352,세틀뱅크,kosdaq,20190712,23350,55000,49500,51600
353,아이스크림에듀,kosdaq,20190711,5360,15900,14350,11700
354,펌텍코리아,kosdaq,20190704,16050,190000,171000,152300
355,에이에프더블류,kosdaq,20190701,3800,22500,28000,21750
356,신영스팩5호,kosdaq,20190624,-,2000,4000,3740
357,케이비스팩18호,kosdaq,20190624,-,2000,2300,2990
358,신한스팩5호,kosdaq,20190619,-,2000,3860,2805
359,압타바이오,kosdaq,20190612,21150,30000,50200,38900
360,까스텔바쟉,kosdaq,20190610,11000,12000,17000,19250
361,마이크로디지탈,kosdaq,20190605,5360,23000,41050,39100
362,유진스팩4호,kosdaq,20190531,-,2000,2500,3250
363,디비금융스팩7호,kosdaq,20190531,-,2000,2080,2700
364,수젠텍,kosdaq,20190528,14050,12000,11150,10150
365,컴퍼니케이파트너스,kosdaq,20190523,6460,4500,8200,10650
366,엔에이치스팩14호,kosdaq,20190508,-,2000,2115,2030
367,에스앤케이,kosdaq,20190507,36800,40400,36400,33650
368,한화에스비아이스팩,kosdaq,20190503,-,2000,2005,2655
369,하이스팩4호,kosdaq,20190429,-,2000,2005,2015
370,아모그린텍,kosdaq,20190329,12350,9900,10300,10200
371,현대오토에버(유가),kospi,20190328,130000,48000,75500,88700
372,지노믹트리,kosdaq,20190327,13000,27000,29450,27300
373,케이비스팩17호,kosdaq,20190327,-,2000,1995,2000
374,이지케어텍,kosdaq,20190322,26450,12300,24600,31950
375,유안타스팩4호,kosdaq,20190321,-,2000,2005,2000
376,미래에셋벤처투자,kosdaq,20190315,6250,4500,6150,5310
377,드림텍(유가),kospi,20190314,9390,13000,17350,15400
378,에코프로비엠,kosdaq,20190305,128000,48000,61100,63200
379,셀리드,kosdaq,20190220,-,33000,43750,51100
380,천보,kosdaq,20190211,247200,40000,52500,47650
381,이노테라피,kosdaq,20190201,9300,18000,22200,19350
382,노랑풍선,kosdaq,20190130,-,20000,30350,34150
383,웹케시,kosdaq,20190125,18000,26000,31700,28500
384,에어부산(유가),kospi,20181227,-,3600,4020,5220
385,비피도,kosdaq,20181226,8350,18000,36000,36500
386,키움스팩5호,kosdaq,20181226,-,2000,2000,2010
387,엔에이치스팩13호,kosdaq,20181224,-,2000,2000,2010
388,유틸렉스,kosdaq,20181224,5750,50000,60100,78100
389,신영스팩4호,kosdaq,20181221,-,2000,2005,2005
390,미래에셋대우스팩2호,kosdaq,20181221,-,2000,2015,2010
391,디케이티,kosdaq,20181221,-,7400,12900,10550
392,한국스팩8호,kosdaq,20181220,-,2000,2005,2005
393,삼성머스트스팩3호,kosdaq,20181220,-,2000,2005,2000
394,위지윅스튜디오,kosdaq,20181220,-,11000,11250,9350
395,대신밸런스스팩6호,kosdaq,20181219,-,2000,2005,2000
396,에이비엘바이오,kosdaq,20181219,22300,15000,13500,13650
397,머큐리,kosdaq,20181214,-,6100,9630,7800
398,전진바이오팜,kosdaq,20181214,4055,10000,11550,12750
399,뉴트리,kosdaq,20181213,-,14500,13050,13900
400,골든브릿지이안스팩5호,kosdaq,20181212,-,2000,2000,1995
401,이노메트리,kosdaq,20181212,-,26000,40000,29550
402,대유에이피,kosdaq,20181207,-,3000,6000,4935
403,에스케이에이씨피씨스팩4호,kosdaq,20181207,-,2000,2020,2010
404,에코캡,kosdaq,20181205,-,4200,4100,5330
405,교보스팩8호,kosdaq,20181205,-,2000,2020,2015
406,베스파,kosdaq,20181203,-,35000,33400,30000
407,윙입푸드,kosdaq,20181130,-,2000,1800,2340
408,하나머스트스팩6호,kosdaq,20181130,-,2000,2020,2030
409,남화산업,kosdaq,20181129,-,3700,5610,7290
410,엠아이텍,kosdaq,20181129,-,4500,4050,4770
411,티로보틱스,kosdaq,20181129,7940,16000,14400,13050
412,티앤알바이오팹,kosdaq,20181128,19150,18000,16200,12500
413,네오펙트,kosdaq,20181128,2215,11000,9900,7700
414,아시아나IDT(유가),kospi,20181123,14400,15000,14300,12450
415,디알젬,kosdaq,20181122,-,6500,8470,6760
416,싸이토젠,kosdaq,20181122,61200,17000,17800,15600
417,파멥신,kosdaq,20181121,3650,60000,58100,63600
418,아주IB투자,kosdaq,20181121,-,1500,1350,1150
419,디케이앤디,kosdaq,20181120,-,6000,7570,6230
420,디자인,kosdaq,20181115,-,10100,20200,15200
421,노바렉스,kosdaq,20181114,32250,19000,25450,20100
422,셀리버리,kosdaq,20181109,16300,25000,32000,28700
423,대보마그네틱,kosdaq,20181106,-,31000,60200,58500
424,노바텍,kosdaq,20181102,-,10000,14100,18300
425,엘앤씨바이오,kosdaq,20181101,-,24000,29800,26950
426,디비금융스팩6호,kosdaq,20181031,-,2000,2010,2010
427,옵티팜,kosdaq,20181026,9600,10000,9000,11700
428,로보티즈,kosdaq,20181026,22950,14000,28000,19600
429,에스퓨얼셀,kosdaq,20181015,21700,16500,33000,33800
430,나우아이비캐피탈,kosdaq,20181004,-,8500,9300,7180
431,푸드나무,kosdaq,20181004,21900,24000,43350,34000
432,하나제약(유가),kospi,20181002,18050,26000,30100,33150
433,크리스에프앤씨,kosdaq,20181001,-,30000,27000,24000
434,IBKS스팩10호,kosdaq,20180921,-,2000,2110,2110
435,지티지웰니스,kosdaq,20180921,-,11000,15250,-
436,우진아이엔에스(유가),kospi,20180914,-,15000,15150,19650
437,삼성스팩2호,kosdaq,20180913,-,2000,2030,2040
438,명성티엔에스,kosdaq,20180913,-,20000,22000,28600
439,디지캡,kosdaq,20180907,-,12000,13250,10900
440,대신밸런스스팩5호,kosdaq,20180830,-,2000,2050,2075
441,액트로,kosdaq,20180828,7160,20000,20700,18000
442,오파스넷,kosdaq,20180824,-,11000,18000,14200
443,에이피티씨,kosdaq,20180823,16600,9000,9310,7980
444,바이오솔루션,kosdaq,20180820,16400,29000,28200,28500
445,대유,kosdaq,20180810,-,9000,13250,12400
446,신한알파리츠(유가),kospi,20180808,-,5000,5330,5200
447,디아이티,kosdaq,20180807,-,10000,10550,10650
448,에스에스알,kosdaq,20180806,5350,9000,18000,23400
449,휴네시온,kosdaq,20180802,-,10000,15000,16350
450,티웨이항공(유가),kospi,20180801,2055,12000,11600,11550
451,롯데정보통신(유가),kospi,20180727,26850,29800,30550,29000
452,한국유니온제약,kosdaq,20180726,-,18000,23000,19500
453,엠코르셋,kosdaq,20180723,-,11500,11050,12950
454,IBKS스팩9호,kosdaq,20180720,-,2000,2250,2230
455,올릭스,kosdaq,20180718,22600,36000,72000,65600
456,아이큐어,kosdaq,20180712,13350,65000,58500,60600
457,에스브이인베스트먼트,kosdaq,20180706,-,7000,9000,7710
458,이리츠코크렙기업(유가),kospi,20180627,-,5000,5010,4600
459,이원다이애그노믹스,kosdaq,20180626,3170,6500,9000,10800
460,하나금융스팩11호,kosdaq,20180608,-,2000,2000,2000
461,파워넷,kosdaq,20180607,4370,6500,10100,7750
462,현대사료,kosdaq,20180601,-,6600,13200,17150
463,세종메디칼,kosdaq,20180529,-,15000,23100,30000
464,제노레이,kosdaq,20180528,8930,23000,45900,37350
465,한국스팩7호,kosdaq,20180511,-,2000,2000,1985
466,유안타스팩3호,kosdaq,20180508,-,2000,1980,1980
467,제이티씨(JTC),kosdaq,20180406,2720,8500,14050,16300
468,대신밸런스스팩3호,kosdaq,20180404,-,2000,2005,1990
469,케어랩스,kosdaq,20180328,-,20000,40000,52000
470,애경산업(유가),kospi,20180322,14650,29100,28000,34000
471,에코마이스터,kosdaq,20180315,2750,5200,7000,6030
472,린드먼아시아인베스트먼트,kosdaq,20180314,-,6500,13000,16900
473,오스테오닉,kosdaq,20180222,2950,7700,15400,13100
474,엔지켐생명과학,kosdaq,20180221,21200,56000,87000,85200
475,동구바이오제약,kosdaq,20180213,6800,16000,32000,41600
476,알리코제약,kosdaq,20180212,-,12000,18100,23500
477,아시아종묘,kosdaq,20180212,-,4500,4520,4570
478,카페24,kosdaq,20180208,13350,57000,84500,84700
479,링크제니시스,kosdaq,20180205,-,30000,53000,40500
480,배럴,kosdaq,20180201,-,9500,10400,13500
481,에스지이,kosdaq,20180126,-,6000,5400,5260
482,씨앤지하이테크,kosdaq,20180125,-,16000,18600,18650
483,시스웍,kosdaq,20171226,-,2800,3810,3390
484,한국스팩6호,kosdaq,20171221,-,2000,1965,1975
485,디바이스이엔지,kosdaq,20171220,-,12000,10800,12100
486,동부스팩5호,kosdaq,20171212,-,2000,2010,1955
487,동양피스톤(유가),kospi,20171208,-,5700,5130,4845
488,진에어(유가),kospi,20171208,14900,31800,31800,28850
489,씨티케이코스메틱스,kosdaq,20171207,-,55000,49500,42300
490,메카로,kosdaq,20171206,-,33000,43000,38500
491,에스트래픽,kosdaq,20171205,-,10000,20000,15000
492,체리부로,kosdaq,20171204,-,4700,5020,3980
493,대원,kosdaq,20171201,-,15000,16000,13300
494,비즈니스온커뮤니케이션,kosdaq,20171130,-,9000,16900,14000
495,삼양패키징(유가),kospi,20171129,-,26000,25750,23800
496,한화에이스스팩4호,kosdaq,20171127,-,2000,2010,1990
497,스튜디오드래곤,kosdaq,20171124,-,35000,55300,71800
498,IBKS스팩7호,kosdaq,20171110,-,2000,2030,2020
499,비디아이,kosdaq,20171109,-,10000,17600,16950
500,티슈진,kosdaq,20171106,8010,27000,52000,42700
501,테이팩스(유가),kospi,20171031,-,23000,26600,27000
502,영화테크,kosdaq,20171026,-,12500,25000,32500
503,세원,kosdaq,20171020,-,5700,8600,11150
504,신한스팩4호,kosdaq,20171020,-,2000,2000,1995
505,상신전자,kosdaq,20171016,-,13300,13300,22000
506,야스,kosdaq,20170929,9630,23500,21150,19100
507,IBKS스팩8호,kosdaq,20170929,-,2000,2080,2080
508,에스엔피월드,kosdaq,20170928,-,5100,5100,5270
509,유티아이,kosdaq,20170927,-,25000,22500,-
510,신흥에스이씨,kosdaq,20170927,-,16000,29400,-
511,선익시스템,kosdaq,20170920,-,37000,33300,29750
512,엠플러스,kosdaq,20170920,-,18000,28350,23400
513,앱클론,kosdaq,20170918,13100,10000,20000,26000
514,샘코,kosdaq,20170915,-,11000,12000,10250
515,펄어비스,kosdaq,20170914,59200,103000,92700,98900
516,케이피에스,kosdaq,20170906,-,14000,13500,14000
517,덕우전자,kosdaq,20170828,-,15500,16900,15850
518,이더블유케이,kosdaq,20170822,-,5000,10000,11950
519,하나금융스팩10호,kosdaq,20170822,-,2000,2020,2005
520,알에스오토메이션,kosdaq,20170811,-,6000,11950,15500
521,컬러레이,kosdaq,20170810,-,3800,3660,4050
522,엔에이치스팩12호,kosdaq,20170807,-,2000,2040,2000
523,모트렉스,kosdaq,20170804,-,38300,38000,33400
524,데이타솔루션,kosdaq,20170803,-,3300,6600,5680
525,지니언스,kosdaq,20170802,-,13500,20050,15200
526,디앤씨미디어,kosdaq,20170801,-,20000,32300,27300
527,셀트리온헬스케어,kosdaq,20170728,72500,41000,43650,50300
528,이즈미디어,kosdaq,20170726,-,7500,8400,9360
529,한국스팩5호,kosdaq,20170724,-,2000,2020,2000
530,힘스,kosdaq,20170720,-,20000,32500,33000
531,브이원텍,kosdaq,20170713,-,17700,20100,18900
532,아우딘퓨쳐스,kosdaq,20170712,-,26000,23400,23300
533,제일홀딩스,kosdaq,20170630,8480,20700,18650,19050
534,하나금융스팩9호,kosdaq,20170626,-,2000,1955,1960
535,교보스팩7호,kosdaq,20170622,-,2000,2020,2005
536,한화수성스팩,kosdaq,20170608,-,2000,2020,1970
537,보라티알,kosdaq,20170608,-,14300,18900,17600
538,삼양옵틱스,kosdaq,20170602,-,16700,16700,16800
539,IBKS스팩6호,kosdaq,20170601,-,2000,1980,1990
540,필옵틱스,kosdaq,20170601,-,48000,48200,56000
541,미래에셋대우스팩1호,kosdaq,20170526,-,2000,2000,1980
542,넷마블게임즈(유가),kospi,20170512,71600,157000,165000,162000
543,ING생명보험(유가),kospi,20170511,-,33000,31200,31600
544,한화에이스스팩3호,kosdaq,20170502,-,2000,2000,2010
545,엔에이치스팩10호,kosdaq,20170502,-,2000,1995,1980
546,하나머티리얼즈,kosdaq,20170428,-,12000,17500,15950
547,와이엠티,kosdaq,20170427,-,21000,35100,31050
548,케이비스팩11호,kosdaq,20170427,-,2000,2000,1980
549,신영스팩3호,kosdaq,20170406,-,2000,2000,2040
550,이엘피,kosdaq,20170406,-,20000,22000,22400
551,서진시스템,kosdaq,20170327,-,25000,40000,37350
552,코미코,kosdaq,20170323,-,13000,29050,21500
553,아스타,kosdaq,20170320,-,8000,9700,12600
554,덴티움(유가),kospi,20170315,86000,32000,38200,34500
555,대신밸런스스팩4호,kosdaq,20170303,-,2000,2000,1990
556,에스디생명공학,kosdaq,20170302,2950,12000,15200,12200
557,신신제약,kosdaq,20170228,-,4500,6170,8020
558,에프엔에스테크,kosdaq,20170227,-,14000,17050,17450
559,모바일어플라이언스,kosdaq,20170224,-,3500,5900,5980
560,신한스팩3호,kosdaq,20170223,-,2000,2010,1980
561,피씨엘,kosdaq,20170223,-,8000,7800,9160
562,호전실업(유가),kospi,20170202,-,25000,24500,24250
563,서플러스글로벌,kosdaq,20170125,-,8000,8500,7140
564,유바이오로직스,kosdaq,20170124,-,6000,5600,5070
565,엔에이치스팩11호,kosdaq,20161228,-,2000,1990,1970
566,퓨전데이타,kosdaq,20161221,-,11500,20750,19800
567,디에스씨인베스트먼트,kosdaq,20161219,-,1700,3400,3560
568,티에스인베스트먼트,kosdaq,20161215,-,1300,1470,1910
569,마이크로프랜드,kosdaq,20161212,-,7300,6570,5950
570,코썬바이오,kosdaq,20161209,-,7000,6300,5090
571,애니젠,kosdaq,20161207,9480,18000,17800,12600
572,유니온커뮤니티,kosdaq,20161207,-,5000,4465,3340
573,신라젠,kosdaq,20161206,12100,15000,13500,12850
574,핸즈코퍼레이션(유가),kospi,20161202,3860,12000,10800,9100
575,IBKS스팩5호,kosdaq,20161202,-,2000,2000,1990
576,퓨쳐켐,kosdaq,20161201,-,15000,15750,11050
577,오션브릿지,kosdaq,20161201,-,6600,7730,6700
578,엘앤케이바이오,kosdaq,20161130,-,15000,15750,11900
579,뉴파워프라즈마,kosdaq,20161130,-,17500,17500,16800
580,에이치엔티일렉트로닉스,kosdaq,20161128,-,10000,12100,10550
581,핸디소프트,kosdaq,20161124,-,5600,8180,7220
582,두산밥캣(유가),kospi,20161118,-,30000,36000,35900
583,에스케이스팩3호,kosdaq,20161116,-,2000,2050,2010
584,삼성바이오로직스(유가),kospi,20161110,875000,136000,135000,144000
585,클리오,kosdaq,20161109,-,41000,39950,36800
586,오가닉티코스메틱,kosdaq,20161104,-,4000,6510,5730
587,로고스바이오시스템스,kosdaq,20161103,-,25500,25500,21350
588,아이비케이에스지엠비스팩,kosdaq,20161102,-,2000,2050,2000
589,인크로스,kosdaq,20161031,-,43000,67700,47400
590,코스메카코리아,kosdaq,20161028,-,54000,71400,62500
591,에이치엘사이언스(구.건강사랑),kosdaq,20161028,-,27000,38400,38200
592,제이더블유생명과학(유가),kospi,20161027,13850,30000,33050,42950
593,그레이트리치과기,kosdaq,20161025,-,5000,5000,6500
594,금세기차륜(골든센츄리),kosdaq,20161019,-,3500,4005,3815
595,인텔리안테크놀로지스,kosdaq,20161018,-,19000,18750,17050
596,에이치시티,kosdaq,20161017,-,17000,19500,17550
597,잉글우드랩,kosdaq,20161014,-,6000,8360,7300
598,앤디포스,kosdaq,20161012,-,14500,17500,18800
599,수산아이앤티(구.플러스기술),kosdaq,20161011,-,11500,11500,14950
600,미투온,kosdaq,20161010,-,3800,3420,4445
601,화승엔터프라이즈(유가),kospi,20161004,-,15000,13500,14950
602,케이비스팩10호,kosdaq,20160929,-,2000,2000,2005
603,엘에스전선아시아(유가),kospi,20160922,-,8000,7200,6350
604,모두투어리츠(유가),kospi,20160922,-,6000,5700,5230
605,유니테크노,kosdaq,20160920,-,10300,12750,11400
606,교보비엔케이스팩,kosdaq,20160908,-,2000,2100,1990
607,하나금융스팩8호,kosdaq,20160908,-,2000,2010,1995
608,자이글,kosdaq,20160906,-,11000,13600,12900
609,헝셩그룹,kosdaq,20160818,-,3600,3240,2690
610,에코마케팅,kosdaq,20160808,18150,35000,68000,47600
611,팍스넷,kosdaq,20160801,-,5200,10400,12550
612,두올(유가),kospi,20160729,-,8500,8190,7060
613,엔지스테크널러지,kosdaq,20160728,-,10000,19000,24700
614,우리손에프앤지,kosdaq,20160727,-,2210,4000,2910
615,옵토팩,kosdaq,20160720,-,5900,6210,8070
616,장원테크,kosdaq,20160715,-,17500,22250,17150
617,대유위니아(구.위니아만도),kosdaq,20160714,-,6800,7900,7670
618,한국자산신탁(유가),kospi,20160713,-,10300,9900,9600
619,바이오리더스,kosdaq,20160707,-,15000,17100,14200
620,피앤씨테크,kosdaq,20160704,-,10200,11000,10350
621,로스웰,kosdaq,20160630,-,3200,3915,3415
622,해성디에스(유가),kospi,20160624,-,12000,16700,14600
623,녹십자랩셀,kosdaq,20160623,-,18500,37000,48100
624,에스티팜,kosdaq,20160623,-,29000,47000,48800
625,한국스팩4호,kosdaq,20160622,-,2000,1950,1930
626,알엔투테크놀로지,kosdaq,20160622,-,5800,12500,8750
627,미래에셋스팩5호,kosdaq,20160609,-,2000,1995,1935
628,용평리조트(유가),kospi,20160527,-,7000,9000,11700
629,해태제과식품(유가),kospi,20160511,7420,15100,18960,24600
630,레이언스,kosdaq,20160411,10450,25000,23700,23050
631,씨엠에스에듀,kosdaq,20160407,-,23200,26800,24950
632,동양파일,kosdaq,20160406,-,10000,9000,9100
633,대림씨엔에스(유가),kospi,20160330,-,27700,24950,23250
634,팬젠,kosdaq,20160311,-,16500,24900,22300
635,하이에이아이스팩1호,kosdaq,20160308,-,2000,1970,1945
636,에이피위성통신,kosdaq,20160304,-,9700,12400,10750
637,IBKS스팩4호,kosdaq,20160302,-,2000,2030,1975
638,케이비스팩9호,kosdaq,20160229,-,2000,1975,1975
639,큐리언트,kosdaq,20160229,-,21000,33900,39000
640,안트로젠,kosdaq,20160215,21950,24000,38000,39100
641,제이에스코퍼레이션(유가),kospi,20160204,-,23000,39100,37750
642,아이엠텍,kosdaq,20160203,-,7500,8500,12350
643,유니트론텍,kosdaq,20160202,-,14000,25300,24850
644,차이나크리스탈신소재,kosdaq,20160128,-,3000,4000,3870
645,한솔씨앤피,kosdaq,20160127,-,13000,18950,19600
646,에스와이패널,kosdaq,20151229,-,5000,4700,6110
647,코리아오토글라스(유가),kospi,20151229,-,11000,11600,13600
648,코디엠,kosdaq,20151229,-,4700,7490,6100
649,잇츠스킨(유가),kospi,20151228,-,170000,172000,152000
650,육일씨엔에쓰,kosdaq,20151224,-,6000,6560,5160
651,휴젤,kosdaq,20151224,-,150000,199500,168300
652,대신밸런스스팩2호,kosdaq,20151224,-,2000,2000,2000
653,이에스브이,kosdaq,20151224,-,10000,18500,13600
654,한국맥널티,kosdaq,20151223,-,8000,16000,13250
655,아진산업,kosdaq,20151222,-,6500,7620,6320
656,덱스터,kosdaq,20151222,-,14000,24800,28800
657,씨트리,kosdaq,20151221,14750,6500,9250,12000
658,강스템바이오텍,kosdaq,20151221,-,6000,7200,9360
659,메가엠디,kosdaq,20151218,-,3000,5020,3800
660,동부스팩4호,kosdaq,20151218,-,2000,2000,2005
661,파크시스템스,kosdaq,20151217,-,9000,11000,8660
662,보광산업,kosdaq,20151217,-,4000,6110,6310
663,하나금융스팩7호,kosdaq,20151216,-,2000,2010,2005
664,뉴트리바이오텍,kosdaq,20151216,-,21000,23000,29000
665,예스티,kosdaq,20151216,-,14500,15500,18000
666,멕아이씨에스,kosdaq,20151214,-,4500,8000,6600
667,엔에스,kosdaq,20151207,-,8000,12950,14750
668,미래테크놀로지,kosdaq,20151201,-,16100,14950,13700
669,세진중공업(유가),kospi,20151130,-,3500,3495,3135
670,하이즈항공,kosdaq,20151125,-,18000,16200,16800
671,엠지메드,kosdaq,20151120,-,40000,41000,36300
672,리드,kosdaq,20151120,-,5100,4590,3945
673,케이디켐,kosdaq,20151119,-,16000,14850,12500
674,매직마이크로,kosdaq,20151119,-,5500,5420,4850
675,네오오토,kosdaq,20151118,-,12000,11800,10000
676,골든브릿지스팩4호,kosdaq,20151118,-,2000,1990,2000
677,케어젠,kosdaq,20151117,-,110000,101500,107000
678,아이진,kosdaq,20151116,-,13500,12900,13100
679,나무가,kosdaq,20151112,-,37000,33400,33000
680,유앤아이,kosdaq,20151112,-,30000,28650,24350
681,금호에이치티(유가),kospi,20151111,-,10000,9500,8860
682,제주항공(유가),kospi,20151106,-,30000,49500,48100
683,에이치엠씨스팩3호,kosdaq,20151105,-,2000,2020,2025
684,더블유게임즈,kosdaq,20151104,-,65000,65100,62500
685,연우,kosdaq,20151102,-,25200,28150,36550
686,키움스팩4호,kosdaq,20151030,-,2000,2060,2055
687,에이티젠,kosdaq,20151023,-,17000,34000,25800
688,현대드림스팩4호,kosdaq,20151022,-,2000,2090,2075
689,엑시콘,kosdaq,20151022,-,10000,10400,8650
690,이베스트스팩3호,kosdaq,20151019,-,2000,2090,2085
691,에치디프로,kosdaq,20151013,-,8900,9580,8650
692,IBKS스팩3호,kosdaq,20151008,-,2000,2100,2100
693,동부스팩3호,kosdaq,20151006,-,2000,2105,2100
694,신영해피투모로우2호스팩,kosdaq,20151005,-,2000,2090,2100
695,엘아이지넥스원(유가),kospi,20151002,-,76000,68400,72800
696,엔에이치스팩9호,kosdaq,20150925,-,2000,2070,2090
697,제너셈,kosdaq,20150925,-,10500,11000,10500
698,타이거일렉,kosdaq,20150925,-,6000,5720,7430
699,아이콘트롤스(유가),kospi,20150924,-,32000,31650,-
700,동일제강(유가),kospi,20150924,-,3000,3870,-
701,인포마크,kosdaq,20150923,-,14000,25000,20100
702,유진스팩3호,kosdaq,20150909,-,2000,2105,2100
703,한국스팩3호,kosdaq,20150902,-,2000,2125,2160
704,케이티비스팩3호,kosdaq,20150828,-,2000,2185,2155
705,교보스팩5호,kosdaq,20150827,-,2000,2300,2190
706,웹스,kosdaq,20150824,4050,7200,11400,8000
707,에이제이네트웍스(유가),kospi,20150821,-,34300,30900,35500
708,현대드림스팩3호,kosdaq,20150821,-,2000,2000,2165
709,파인텍,kosdaq,20150817,-,10500,21000,17100
710,교보스팩4호,kosdaq,20150813,-,2000,3365,3150
711,흥국에프엔비,kosdaq,20150807,-,20000,40000,52000
712,미래에셋스팩4호,kosdaq,20150806,-,2000,3130,4065
713,케이비스팩8호,kosdaq,20150805,-,2000,2370,2345
714,칩스앤미디어,kosdaq,20150805,-,10500,13700,16400
715,아시아경제신문사,kosdaq,20150731,-,3600,3240,4210
716,아이쓰리시스템,kosdaq,20150730,-,36000,63000,58000
717,로지시스,kosdaq,20150729,-,2500,4180,5430
718,엘아이지이에스스팩,kosdaq,20150727,-,2000,2770,2220
719,파마리서치프로덕트,kosdaq,20150724,-,55000,110000,114500
720,에스케이스팩2호,kosdaq,20150723,-,2000,2140,2150
721,펩트론,kosdaq,20150722,-,16000,32000,41600
722,한화에이스스팩2호,kosdaq,20150720,-,2000,2125,2160
723,이노션(유가),kospi,20150717,-,68000,66500,60500
724,유안타스팩2호,kosdaq,20150717,-,2000,2125,2140
725,키움스팩3호,kosdaq,20150710,-,2000,2110,2115
726,토니모리(유가),kospi,20150710,-,32000,64000,50500
727,미래에셋생명보험(유가),kospi,20150708,-,7500,7400,7240
728,골든브릿지스팩3호,kosdaq,20150630,-,2000,2035,2050
729,동운아나텍,kosdaq,20150630,-,10000,12500,12800
730,유테크,kosdaq,20150630,-,9000,12550,10850
731,엔에이치스팩8호,kosdaq,20150630,-,2000,2080,2110
732,민앤지,kosdaq,20150630,-,28000,56000,44850
733,경보제약(유가),kospi,20150629,-,15000,30000,34250
734,에스엔텍,kosdaq,20150626,-,6500,10000,13000
735,코아스템,kosdaq,20150626,-,16000,32000,41600
736,이베스트스팩2호,kosdaq,20150626,-,2000,2020,2055
737,세미콘라이트,kosdaq,20150625,-,11300,11500,14950
738,에스케이디앤디(유가),kospi,20150623,-,26000,52000,67600
739,베셀,kosdaq,20150619,-,9000,13400,10400
740,대신밸런스스팩1호,kosdaq,20150618,-,2000,2025,2015
741,하나머스트스팩5호,kosdaq,20150618,-,2000,2025,2030
742,싸이맥스,kosdaq,20150617,-,16300,15200,14000
743,하이스팩3호,kosdaq,20150616,-,2000,2020,2020
744,픽셀플러스,kosdaq,20150612,-,30000,27000,29000
745,엔에이치스팩7호,kosdaq,20150612,-,2000,2130,2125
746,한화에이씨피씨스팩,kosdaq,20150610,-,2000,2155,2120
747,제노포커스,kosdaq,20150529,-,11000,22000,25300
748,미래에셋스팩3호,kosdaq,20150522,-,2000,2255,2230
749,대우스팩3호,kosdaq,20150519,-,2000,2600,2400
750,한화엠지아이스팩,kosdaq,20150518,-,2000,2900,2465
751,대우에스비아이스팩1호,kosdaq,20150513,-,2000,2365,-
752,엔에이치스팩5호,kosdaq,20150508,-,2000,2250,2230
753,유진에이씨피씨스팩2호,kosdaq,20150428,-,2000,2315,-
754,하나머스트스팩4호,kosdaq,20150422,-,2000,3010,2560
755,한화에이스스팩1호,kosdaq,20150420,-,2000,2245,-
756,유지인트,kosdaq,20150413,-,15000,29150,24800
757,케이티비스팩2호,kosdaq,20150403,-,2000,2150,2170
758,NS쇼핑(구.농수산홈쇼핑)(유가),kospi,20150327,14000,235000,211500,215500
759,케이비스팩7호,kosdaq,20150325,-,2000,2260,2310
760,세화아이엠씨(유가),kospi,20150319,-,16300,18100,16500
761,포시에스,kosdaq,20150211,-,9100,15500,16000
762,골든브릿지스팩2호,kosdaq,20150205,-,2000,2220,2165
763,현대드림스팩2호,kosdaq,20141229,-,2000,1995,1995
764,케이비스팩6호,kosdaq,20141229,-,2000,2030,2105
765,국일신동,kosdaq,20141229,-,1700,3225,2745
766,영백씨엠,kosdaq,20141229,-,5500,11000,9510
767,NH스팩2호,kosdaq,20141229,-,2000,2015,2000
768,하이셈,kosdaq,20141226,-,1500,2610,2220
769,휴메딕스,kosdaq,20141226,-,28000,43600,39200
770,서전기전,kosdaq,20141224,-,6500,8000,9200
771,교보스팩3호,kosdaq,20141224,-,2000,2005,2010
772,오킨스전자,kosdaq,20141224,-,7100,11000,12650
773,하나머스트스팩3호,kosdaq,20141224,-,2000,2015,2010
774,아스트,kosdaq,20141224,-,9500,8550,9000
775,케이비스팩5호,kosdaq,20141224,-,2000,2000,2000
776,넥스트엔터테인먼트월드,kosdaq,20141223,-,16300,15800,18150
777,아이티센,kosdaq,20141223,-,7500,8460,8770
778,제일모직(구.삼성에버랜드)(유가),kospi,20141218,-,53000,106000,113000
779,하이로닉,kosdaq,20141217,-,51000,63800,73300
780,하나머스트스팩2호,kosdaq,20141217,-,2000,2000,2000
781,우리에스엘스팩,kosdaq,20141217,-,2000,2000,2010
782,디티앤씨(구.디지털이엠씨),kosdaq,20141217,-,18500,30000,26050
783,엘아이지스팩2호,kosdaq,20141217,-,2000,2015,2015
784,녹십자엠에스,kosdaq,20141217,-,6000,9000,10350
785,랩지노믹스,kosdaq,20141216,-,13200,16650,14250
786,에이디테크놀로지,kosdaq,20141216,-,15000,13500,14000
787,비씨월드제약,kosdaq,20141215,-,15700,18100,17550
788,동부스팩2호,kosdaq,20141212,-,2000,2010,2
789,알테오젠,kosdaq,20141212,-,26000,25150,21500
790,한국스팩2호,kosdaq,20141210,-,2000,2015,2005
791,에스케이씨코오롱피아이,kosdaq,20141208,-,8000,7800,7580
792,대창스틸,kosdaq,20141205,-,2500,3605,4145
793,에프엔씨엔터테인먼트,kosdaq,20141204,-,28000,25200,27600
794,하이스팩2호,kosdaq,20141201,-,2000,2010,2015
795,씨에스윈드(유가),kospi,20141127,-,43500,39150,33300
796,케이티비스팩1호,kosdaq,20141124,-,2000,2030,2025
797,텔콘,kosdaq,20141124,-,14500,13800,11750
798,파티게임즈,kosdaq,20141121,-,13000,26000,29900
799,IBKS스팩2호,kosdaq,20141120,-,2000,2030,2015
800,유안타스팩1호,kosdaq,20141119,-,2000,2045,2055
801,디에이테크놀로지,kosdaq,20141119,-,6600,7800,6630
802,삼성SDS(유가),kospi,20141114,132500,190000,380000,327500
803,케이비스팩4호,kosdaq,20141112,-,2000,2080,2025
804,현대에이블스팩1호,kosdaq,20141110,-,2000,3500,2975
805,교보위드스팩,kosdaq,20141107,-,2000,2250,2585
806,테고사이언스,kosdaq,20141106,-,13500,27000,31050
807,슈피겐코리아,kosdaq,20141105,-,27500,37100,42650
808,테라셈,kosdaq,20141030,-,3000,3200,2745
809,영우디에스피,kosdaq,20141029,-,5000,5500,6320
810,대우스팩2호,kosdaq,20141022,-,2000,2005,-
811,신한스팩2호,kosdaq,20141013,-,2000,1990,1995
812,메디아나,kosdaq,20141007,-,6200,6370,5850
813,데브시스터즈,kosdaq,20141006,-,53000,71000,61000
814,KB스팩3호,kosdaq,20140930,-,2000,2045,-
815,감마누,kosdaq,20140814,-,11000,22000,18700
816,우리스팩3호,kosdaq,20140813,-,2000,2150,2085
817,신화콘텍,kosdaq,20140808,-,9100,8190,7100
818,쿠쿠전자(유가),kospi,20140806,-,104000,180000,207000
819,파버나인,kosdaq,20140804,-,12500,12300,12000
820,덕신하우징,kosdaq,20140801,-,13000,21650,20950
821,창해에탄올,kosdaq,20140730,-,8300,16600,14600
822,윈하이텍,kosdaq,20140725,-,8300,13300,15250
823,아진엑스텍,kosdaq,20140724,-,7000,7900,7060
824,미래에셋스팩2호,kosdaq,20140723,-,2000,2110,2160
825,화인베스틸(유가),kospi,20140722,-,4700,4490,5160
826,트루윈,kosdaq,20140711,-,10500,17000,14450
827,하나머스트스팩,kosdaq,20140610,-,2000,2330,2675
828,캐스텍코리아,kosdaq,20140527,-,6500,11500,9800
829,BGF리테일(구.보광훼미리마트)(유가),kospi,20140519,-,41000,57000,55200
830,유진스팩1호,kosdaq,20140508,-,2000,2090,2065
831,KB스팩2호,kosdaq,20140428,-,2000,2075,2145
832,오이솔루션,kosdaq,20140227,-,10000,20000,23000
833,인터파크INT,kosdaq,20140206,-,7700,15400,17700
834,한국정보인증,kosdaq,20140204,-,1800,2900,3335
835,솔루에타,kosdaq,20131227,-,24000,21600,22750
836,이지웰페어,kosdaq,20131227,-,4400,7000,8050
837,키움제2호스팩,kosdaq,20131220,-,2000,2020,1980
838,기가레인(구.맥시스),kosdaq,20131219,-,5500,4950,4280
839,인트로메딕,kosdaq,20131219,-,6000,6700,5700
840,알티캐스트,kosdaq,20131206,-,8500,8500,7940
841,현대공업,kosdaq,20131204,-,7500,8850,7610
842,엔브이에이치코리아,kosdaq,20131203,-,4500,4440,4300
843,디엠티,kosdaq,20131126,-,5700,5210,5990
844,우리기업인수목적2호,kosdaq,20131121,-,2000,2005,1970
845,신송홀딩스,kosdaq,20131121,-,6500,10900,10100
846,라이온켐텍,kosdaq,20131119,-,12500,14200,16050
847,램테크놀러지,kosdaq,20131118,-,3900,6250,5320
848,미동전자통신,kosdaq,20131113,-,20000,19400,16500
849,에이씨티,kosdaq,20131108,-,8100,12000,10200
850,해성옵틱스,kosdaq,20131106,-,6600,7800,6850
851,내츄럴엔도텍,kosdaq,20131031,-,40000,80000,84700
852,현대로템(유가),kospi,20131030,-,23000,33700,38750
853,테스나,kosdaq,20131022,-,13500,15300,13050
854,파수닷컴,kosdaq,20131018,-,5800,6000,6900
855,엘티씨,kosdaq,20131008,-,20500,25000,21250
856,지엔씨에너지,kosdaq,20131002,-,6000,12000,13800
857,아미코젠,kosdaq,20130912,-,25000,50000,57500
858,금호N.T,kosdaq,20130802,-,3100,6200,7130
859,파이오링크,kosdaq,20130801,-,10500,18500,15750
860,KG이티에스,kosdaq,20130724,-,3800,4000,4600
861,나스미디어,kosdaq,20130717,-,8800,15050,15350
862,엑세스바이오,kosdaq,20130530,-,4500,9000,10350
863,디에스알(유가),kospi,20130515,-,4000,5000,5750
864,레고켐바이오사이언스,kosdaq,20130510,-,15500,19900,17500
865,삼목강업,kosdaq,20130430,-,2600,3440,3955
866,세호로보트,kosdaq,20130403,-,7800,14000,13050
867,윈팩,kosdaq,20130307,-,4000,4050,4340
868,코렌텍,kosdaq,20130305,-,16000,15950,15550
869,제로투세븐,kosdaq,20130219,-,8300,13050,12000
870,지디,kosdaq,20130213,-,18000,25150,26200
871,아이원스,kosdaq,20130207,-,4500,5500,5200
872,우리이앤엘,kosdaq,20130205,-,4900,4410,4790
873,아이센스,kosdaq,20130130,-,19000,29200,25950
874,포티스,kosdaq,20130129,-,3900,5700,6550
875,씨에스엘쏠라,kosdaq,20121227,-,10000,12500,11700
876,SBIAXES(구.AXES홀딩스),kosdaq,20121217,-,3600,3240,3725
877,우리로광통신,kosdaq,20121127,-,10300,9270,8360
878,디젠스,kosdaq,20121122,-,1800,2800,2380
879,GMB코리아(유가),kospi,20121120,-,6000,5990,5810
880,맥스로텍,kosdaq,20121116,-,7000,10650,9100
881,와이엠씨,kosdaq,20121115,-,6000,7090,6030
882,CJ헬로비전(유가),kospi,20121109,-,16000,15100,15500
883,아바텍,kosdaq,20121106,-,6300,10500,12050
884,코이즈,kosdaq,20120927,-,7500,9000,9050
885,모다정보통신,kosdaq,20120925,-,7000,8900,7570
886,나노스,kosdaq,20120802,-,7000,9280,10650
887,에이제이렌터카(구.아주오토렌탈)(유가),kospi,20120727,-,7000,6460,6160
888,우양에이치씨,kosdaq,20120726,-,5500,4950,5170
889,엠씨넥스,kosdaq,20120725,-,15000,13500,11500
890,네이블커뮤니케이션즈,kosdaq,20120719,-,9000,9920,8730
891,디지탈옵틱,kosdaq,20120713,3920,11500,10900,12500
892,피엔티,kosdaq,20120706,-,17000,22300,19400
893,사조씨푸드(유가),kospi,20120629,-,10600,10000,8910
894,비아트론,kosdaq,20120504,-,15900,25500,21700
895,에스비아이모기지,kosdaq,20120430,-,7000,6300,5360
896,코오롱패션머티리얼(유가),kospi,20120405,-,14500,20000,23000
897,빛샘전자,kosdaq,20120321,-,4400,8800,10100
898,휴비스(유가),kospi,20120223,-,12200,12250,11550
899,사람인에이치알,kosdaq,20120221,-,5000,10000,11500
900,뉴로스,kosdaq,20120215,-,8500,13600,12500
901,남화토건,kosdaq,20120131,-,3000,4000,4290
902,케이탑리츠,kosdaq,20120131,-,5500,5550,5130
903,동아팜텍,kosdaq,20120120,-,24000,35000,29750
904,원익머트리얼즈,kosdaq,20111228,-,27000,40000,38500
905,디엔에이링크,kosdaq,20111226,-,7700,15400,17700
906,GS리테일(지에스리테일)(유가),kospi,20111223,-,19500,19500,22400
907,나이스디앤비,kosdaq,20111222,-,1700,2450,2815
908,시큐브,kosdaq,20111221,-,4900,4410,5070
909,서암기계공업,kosdaq,20111219,-,3800,4000,3400
910,인터지스(유가),kospi,20111216,-,10000,9000,-
911,씨유메디칼시스템,kosdaq,20111215,-,12000,16000,18400
912,사파이어테크놀로지,kosdaq,20111205,-,65000,58500,49800
913,넥스트리밍,kosdaq,20111202,-,6000,5400,6210
914,티브이로직,kosdaq,20111201,-,12000,10850,1530
915,에스에프씨,kosdaq,20111130,-,14000,12600,10750
916,신진에스엠,kosdaq,20111128,-,15000,15000,13300
917,이엠넷,kosdaq,20111125,-,6400,11400,9700
918,와이지엔터테인먼트,kosdaq,20111123,-,34000,68000,78200
919,쎄미시스코,kosdaq,20111118,-,9500,11100,9900
920,아이테스트,kosdaq,20111111,-,2400,2690,-
921,테크윙,kosdaq,20111110,-,23000,30000,25500
922,신흥기계,kosdaq,20111108,-,8500,16000,17100
923,씨큐브,kosdaq,20111108,-,5750,7000,6140
924,씨엔플러스,kosdaq,20111102,-,11500,15200,14100
925,테라세미콘,kosdaq,20111101,-,13500,23800,24000
926,케이맥,kosdaq,20111025,-,14500,24750,28450
927,로보스타,kosdaq,20111017,-,5800,7800,8970
928,넥솔론(유가),kospi,20111014,-,4000,6000,5200
929,대한과학,kosdaq,20111011,-,3000,5010,5760
930,피앤이솔루션,kosdaq,20110927,-,8000,8110,7070
931,화진,kosdaq,20110810,-,4300,6330,5390
932,제이씨케미칼,kosdaq,20110808,-,7200,10300,8800
933,아이씨디,kosdaq,20110805,-,34000,62800,72200
934,제닉,kosdaq,20110803,-,22000,35600,40900
935,경봉,kosdaq,20110729,-,7100,10900,9300
936,삼원강재(유가),kospi,20110722,-,4000,8000,9200
937,상아프론테크,kosdaq,20110721,-,6000,7680,6700
938,신세계인터내셔날(유가),kospi,20110714,-,65000,103000,118000
939,나이벡,kosdaq,20110713,-,10000,15000,12750
940,옵티시스,kosdaq,20110712,-,7600,11000,12100
941,대양전기공업,kosdaq,20110708,-,9000,11200,9550
942,한국항공우주산업(유가),kospi,20110630,-,15500,19300,22150
943,하이마트(유가),kospi,20110629,-,59000,53100,57000
944,탑금속,kosdaq,20110624,-,6500,8120,8750
945,엠케이트렌드(유가),kospi,20110621,-,11000,15500,13200
946,쓰리피시스템,kosdaq,20110617,-,5800,5800,4930
947,코오롱플라스틱(유가),kospi,20110615,-,4300,6900,7150
948,리켐,kosdaq,20110614,-,14000,18200,20900
949,넥스트아이,kosdaq,20110614,-,10000,9000,7740
950,완리인터내셔널홀딩스,kosdaq,20110613,-,4100,3850,3275
951,KT스카이라이프(유가),kospi,20110603,-,17000,17500,20100
952,엘티에스,kosdaq,20110602,-,34000,30600,30200
953,세아특수강(유가),kospi,20110601,-,28000,32500,37350
954,케이엠에이치,kosdaq,20110525,-,9500,8550,7270
955,골프존,kosdaq,20110520,-,85000,94400,85500
956,한국종합기술(유가),kospi,20110428,-,7100,9300,7910
957,이퓨쳐,kosdaq,20110427,-,6400,12800,10900
958,티케이케미칼,kosdaq,20110426,-,5000,4850,5570
959,일진머티리얼즈(유가),kospi,20110304,-,15800,15300,14100
960,부스타,kosdaq,20110223,-,4200,3780,4345
961,현대위아(유가),kospi,20110221,-,65000,76500,70200
962,나노신소재,kosdaq,20110209,-,17000,17550,14950
963,케이아이엔엑스,kosdaq,20110208,-,8000,8000,6950
964,티피씨,kosdaq,20110208,-,5200,7000,5950
965,엘비세미콘,kosdaq,20110131,-,4700,4650,4550
966,제이엔케이히터,kosdaq,20110131,-,13600,12250,14050
967,딜리,kosdaq,20110131,-,8000,7600,8740
968,블루콤,kosdaq,20110126,-,12000,18850,16050
969,인트론바이오테크놀로지,kosdaq,20110126,-,6100,12200,10400
970,중국고섬공고(유가),kospi,20110125,-,7000,6300,5900
971,씨그널정보통신,kosdaq,20110124,-,8500,17000,14450
972,다나와,kosdaq,20110124,-,14000,25800,21950
973,인텍플러스,kosdaq,20110105,-,7000,14000,16100
974,티에스이,kosdaq,20110105,-,45000,66600,76500
975,KB게임(KB스팩),kosdaq,20110105,-,2500,2700,3105
976,두산엔진(유가),kospi,20110104,-,19300,22350,25700
977,액트,kosdaq,20101227,-,2700,2430,2790
978,대구도시가스(유가),kospi,20101224,-,5400,5560,6390
979,현대HCN(유가),kospi,20101223,-,3800,3420,3600
980,IBKS스마트스팩,kosdaq,20101222,-,1000,990,998
981,대정화금,kosdaq,20101220,-,9200,13100,13800
982,케이티스(구.한국인포서비스)(유가),kospi,20101217,-,2700,2920,2635
983,한전산업개발(유가),kospi,20101216,-,5500,5490,5060
984,동부티에스블랙펄스팩,kosdaq,20101208,-,2000,1970,1970
985,하이제1호스팩,kosdaq,20101203,-,4000,4060,4010
986,세우테크,kosdaq,20101201,-,5500,6500,7470
987,코라오홀딩스(유가),kospi,20101130,-,4800,7300,6210
988,대구방송,kosdaq,20101129,-,7500,7100,8160
989,케이티롤,kosdaq,20101126,-,6800,8210,9440
990,시그네틱스,kosdaq,20101126,-,2600,2700,2460
991,한국전자인증,kosdaq,20101119,-,1600,1800,2070
992,코프라,kosdaq,20101112,-,7000,14000,11950
993,디케이락,kosdaq,20101112,-,7500,7480,6460
994,하나그린스팩1호,kosdaq,20101110,-,4000,4210,4220
995,아나패스,kosdaq,20101105,-,52000,54400,62500
996,삼본정밀전자,kosdaq,20101105,-,8800,9300,8600
997,케이엔엔,kosdaq,20101103,-,9000,8800,8270
998,부국퓨쳐스타즈스팩,kosdaq,20101029,-,2000,2300,2305
999,아이텍반도체,kosdaq,20101026,-,9100,9150,8000
1000,누리플랜,kosdaq,20101026,-,5500,8400,7800
1001,인화정공,kosdaq,20101022,-,26000,30200,25700
1002,코렌,kosdaq,20101022,-,5800,6300,5860
1003,아이씨코리아,kosdaq,20101019,-,2800,4500,4740
1004,키움제1호스팩,kosdaq,20101005,-,2000,2100,1985
1005,휠라코리아(유가),kospi,20100928,-,35000,70000,68700
1006,포메탈,kosdaq,20100917,-,6000,5710,6560
1007,알파칩스,kosdaq,20100917,-,12000,15500,16550
1008,케이티씨에스(구.한국인포데이타(유가),kospi,20100916,-,2600,3055,2600
1009,성융광전투자,kosdaq,20100915,-,2800,2920,2810
1010,다원시스,kosdaq,20100914,-,11000,11300,12950
1011,현대홈쇼핑(유가),kospi,20100913,-,90000,124500,130500
1012,이트레이드1호스팩,kosdaq,20100910,-,2000,2005,1995
1013,씨젠,kosdaq,20100910,-,30500,27450,31550
1014,와이솔,kosdaq,20100910,-,8000,7200,8280
1015,에이치엠씨아이비1호스팩,kosdaq,20100831,-,2000,2120,2145
1016,교보케이티비스팩,kosdaq,20100827,-,4000,3950,3950
1017,에스비아이앤솔로몬드림스팩,kosdaq,20100824,-,1250,1235,1220
1018,대신증권그로쓰알파,kosdaq,20100824,-,2000,1990,1975
1019,한국투자신성장1호스팩,kosdaq,20100824,-,2200,2210,2200
1020,도화종합기술공사(유가),kospi,20100812,-,22000,19800,16900
1021,엠에스오토텍,kosdaq,20100806,-,5500,11000,9350
1022,이글루시큐리티,kosdaq,20100804,-,14000,12600,10750
1023,아이마켓코리아(유가),kospi,20100730,-,15300,22100,25400
1024,인터로조,kosdaq,20100728,-,12000,10800,9200
1025,하이텍팜,kosdaq,20100728,-,11500,16200,13800
1026,우진(유가),kospi,20100726,-,15000,30000,34500
1027,웨이포트(홍콩),kosdaq,20100723,-,1400,1395,1190
1028,크루셜텍,kosdaq,20100721,-,23500,31900,27150
1029,에스디시스템,kosdaq,20100716,-,14800,17500,20100
1030,한화스팩1호,kosdaq,20100709,-,5000,4960,4985
1031,신영증권스팩1호,kosdaq,20100702,-,1000,1065,1005
1032,웅진에너지(유가),kospi,20100630,-,9500,12000,13800
1033,유비벨록스,kosdaq,20100618,-,11000,12250,12800
1034,처음앤씨,kosdaq,20100618,-,13000,12100,13900
1035,케이엔디티앤아이,kosdaq,20100615,-,8500,11000,9350
1036,히든챔피언제1호스팩,kosdaq,20100611,-,2000,1960,1900
1037,이연제약(유가),kospi,20100610,-,16500,16500,14050
1038,솔라시아,kosdaq,20100609,-,5000,9500,8080
1039,실리콘웍스,kosdaq,20100608,-,67000,66900,70900
1040,투비소프트,kosdaq,20100601,-,8000,16000,18400
1041,인피니트헬스케어(구.인피니트테,kosdaq,20100526,-,5200,5940,5050
1042,신한제1호스팩,kosdaq,20100525,-,5000,4500,4450
1043,모바일리더,kosdaq,20100525,-,15000,21000,18900
1044,만도(유가),kospi,20100519,-,83000,97000,111500
1045,삼성생명(유가),kospi,20100512,-,110000,119500,114000
1046,우리스팩1호(유가),kospi,20100511,-,10000,10500,10050
1047,동아체육용품유한공사,kosdaq,20100423,-,5000,4500,3825
1048,뉴프라이드,kosdaq,20100421,-,7500,15000,12750
1049,케이씨에스,kosdaq,20100414,-,1600,3200,3680
1050,차이나킹하이웨이,kosdaq,20100331,-,3700,4100,3485
1051,디지탈아리아,kosdaq,20100326,-,11000,22000,25300
1052,동양밸류오션SPAC(유가),kospi,20100325,-,10000,15000,12750
1053,현대드림투게더,kosdaq,20100319,-,6000,6800,7820
1054,대한생명보험(유가),kospi,20100317,-,8200,8700,8850
1055,미래에셋스팩1호,kosdaq,20100312,-,1500,1540,1770
1056,대우증권그린코리아SPAC(유가),kospi,20100303,-,3500,3705,3550
1057,이미지스테크놀로지,kosdaq,20100226,-,6000,6000,6900
1058,하이소닉,kosdaq,20100209,-,13000,14200,12500
1059,인포바인,kosdaq,20100209,-,33000,36000,30600
1060,차이나하오란리사이클링,kosdaq,20100205,-,4700,4350,5000
1061,에스이티아이,kosdaq,20100204,-,17500,15750,15450
1062,모베이스,kosdaq,20100204,-,13200,17000,14900
1063,에이치디시에스,kosdaq,20100202,-,15000,18500,15750
1064,지역난방공사(유가),kospi,20100129,-,45000,90000,76500
1065,락앤락(유가),kospi,20100128,-,15700,20000,23000
1066,우리넷,kosdaq,20100127,-,6700,9900,9300
1067,스타플렉스,kosdaq,20100127,-,15000,15700,13350
1068,아세아텍,kosdaq,20100126,-,4100,3985,3400
1069,영흥철강(유가),kospi,20100125,-,12000,12400,13700
1070,우노앤컴퍼니,kosdaq,20100115,-,6500,5850,6720
1071,승화엘엠씨,kosdaq,20100106,-,6700,8800,7480
1072,코디에스,kosdaq,20100105,-,6000,9300,7910
1073,글로벌에스엠테크리미티드,kosdaq,20091223,-,3200,3710,3650
1074,KPX라이프사이언스,kosdaq,20091222,-,6200,7600,6460
1075,동양피엔에프,kosdaq,20091222,-,12000,17000,14450
1076,아이티엑스시큐리티,kosdaq,20091222,-,6000,7400,8510
1077,위메이드엔터테인먼트,kosdaq,20091218,-,62000,57000,50700
1078,멜파스,kosdaq,20091218,-,43200,45000,51700
1079,현대푸드시스템(유가),kospi,20091217,-,11600,18000,16800
1080,한전기술(유가),kospi,20091214,-,21600,27000,31050
1081,디오텍,kosdaq,20091210,-,9000,11000,12650
1082,중국엔진집단유한공사,kosdaq,20091204,-,6000,8500,7230
1083,이원컴포텍,kosdaq,20091201,-,2000,4000,4600
1084,강원비앤이,kosdaq,20091120,-,4700,5000,5750
1085,GKL(유가),kospi,20091119,-,12000,15000,15850
1086,이너스텍,kosdaq,20091113,-,10000,11500,13200
1087,에스케이씨앤씨(유가),kospi,20091111,-,30000,32250,35650
1088,동방선기,kosdaq,20091110,-,4000,4055,3450
1089,디엠씨,kosdaq,20091106,-,6300,5670,4855
1090,진매트릭스,kosdaq,20091106,-,8000,8100,9000
1091,비츠로셀,kosdaq,20091028,-,5500,5870,5040
1092,스틸플라워,kosdaq,20091027,-,13500,14050,13150
1093,진로(유가),kospi,20091019,-,41000,40100,42450
1094,한스바이오메드,kosdaq,20091009,-,5500,7150,6310
1095,동양생명(유가),kospi,20091008,-,17000,15700,14150
1096,네오위즈벅스,kosdaq,20091006,-,9000,8100,9310
1097,아이앤씨테크놀로지,kosdaq,20091006,-,16000,16000,13650
1098,케이엔더블유,kosdaq,20090929,-,11000,16000,13600
1099,쌍용머티리얼(유가),kospi,20090929,-,17500,15750,13600
1100,에리트베이직(유가),kospi,20090928,-,4000,5490,4670
1101,모린스,kosdaq,20090925,-,39000,36100,31300
1102,디에스케이,kosdaq,20090923,-,5000,10000,11500
1103,톱텍,kosdaq,20090915,-,10400,13350,15350
1104,제넥신,kosdaq,20090915,-,27000,30500,27100
1105,동국S&C,kosdaq,20090831,-,11000,9900,9910
1106,에스앤더블류,kosdaq,20090805,-,6700,10000,8500
1107,게임빌,kosdaq,20090730,-,15000,19800,16850
1108,동일금속,kosdaq,20090728,-,8000,10000,11500
1109,대우캐피탈(유가),kospi,20090625,-,8000,7900,7000
1110,한미파슨스건축사사무소(유가),kospi,20090623,-,14500,19150,22000
1111,동아지질(유가),kospi,20090612,-,14500,16000,18400
1112,어보브반도체,kosdaq,20090605,-,3300,5200,5980
1113,조이맥스,kosdaq,20090603,-,55000,110000,93500
1114,차이나그레이트스타인터내셔널리,kosdaq,20090529,-,1700,3400,3450
1115,이엔에프테크놀로지,kosdaq,20090528,-,5500,11000,9350
1116,뉴그리드테크놀로지,kosdaq,20090526,-,3500,7000,8050
1117,중국원양자원유한공사(유가),kospi,20090522,-,3100,6200,7130
1118,해덕선기,kosdaq,20090521,-,8500,17000,16200
1119,한국정밀기계,kosdaq,20090519,-,22000,44000,50600
1120,서울마린,kosdaq,20090519,-,10000,20000,17000
1121,STX엔파코(유가),kospi,20090515,-,13000,26000,29900
1122,흥국,kosdaq,20090512,-,4200,8400,9660
1123,신텍,kosdaq,20090430,-,12500,25000,26300
1124,우림기계,kosdaq,20090428,-,10000,16000,18400
1125,네프로아이티,kosdaq,20090424,-,4500,9000,10350
1126,티플랙스,kosdaq,20090423,-,3000,6000,6900
1127,에이테크솔루션,kosdaq,20090417,-,5400,10800,12400
1128,엔에스브이,kosdaq,20090417,-,4300,8600,9890
1129,에스티오,kosdaq,20090417,-,5000,10000,11500
1130,에스앤에스텍,kosdaq,20090414,-,4000,8000,9200
1131,뷰웍스,kosdaq,20090410,-,9000,18000,20700
1132,코오롱생명과학,kosdaq,20090407,-,23500,47000,54000
1133,네오피델리티,kosdaq,20090331,-,4500,9000,10350
1134,중국식품포장유한공사,kosdaq,20090327,-,1500,2260,2595
1135,이수앱지스,kosdaq,20090203,-,5500,8000,9200
1136,유비쿼스,kosdaq,20090123,-,6100,7000,8050
1137,대성파인텍,kosdaq,20090123,-,3500,4495,4190
1138,메디톡스,kosdaq,20090116,-,14000,13500,15500
1139,엠게임,kosdaq,20081219,-,10000,15000,14800
1140,아이컴포넌트,kosdaq,20081216,-,3500,4235,4100
1141,연합과기공고유한공사(유가),kospi,20081204,-,2200,2600,2500
1142,LG파워콤(유가),kospi,20081127,-,5700,7000,6730
1143,에너지솔루션즈,kosdaq,20081125,14250,3000,4210,3625
1144,이크레더블,kosdaq,20081024,-,18000,16200,13800
1145,심팩에이앤씨,kosdaq,20081017,-,12000,10800,9200
1146,사이버다임,kosdaq,20081006,-,3100,4015,4210
1147,세운메디칼,kosdaq,20080930,-,5600,9800,8700
1148,마이크로컨텍솔루션,kosdaq,20080923,-,2000,3500,2975
1149,케이제이프리텍,kosdaq,20080918,-,3000,2800,3220
1150,삼강엠앤티,kosdaq,20080801,-,6500,8100,8100
1151,LG이노텍(유가),kospi,20080724,-,40500,43000,44200
1152,아이엠,kosdaq,20080723,-,5000,5437,5523
1153,한텍엔지니어링,kosdaq,20080718,-,8500,7900,6720
1154,코리아에스이,kosdaq,20080715,-,5500,6100,5190
1155,슈프리마,kosdaq,20080711,-,27100,24400,23100
1156,명문제약(유가),kospi,20080710,-,6000,5400,4700
1157,이스트소프트,kosdaq,20080701,-,9800,16000,13600
1158,서울옥션,kosdaq,20080701,-,11000,9900,8420
1159,비유와상징(유가),kospi,20080630,-,33000,29700,25250
1160,씨디아이홀딩스,kosdaq,20080627,-,33000,35100,40350
1161,윌덱스,kosdaq,20080619,-,10000,9000,10350
1162,쎄트렉아이,kosdaq,20080613,-,43000,48000,40800
1163,브리지텍,kosdaq,20080604,-,3100,3200,3495
1164,고영테크놀러지,kosdaq,20080603,14300,11500,10350,10300
1165,제이씨엔터테인먼트,kosdaq,20080530,-,10500,10500,8950
1166,세미텍,kosdaq,20080523,-,5000,5710,5200
1167,테스,kosdaq,20080520,-,34000,38500,32750
1168,우진비앤지,kosdaq,20080520,-,4000,7700,6550
1169,예스이십사,kosdaq,20080507,-,6300,10000,8500
1170,엘디티,kosdaq,20080502,-,3800,7250,8330
1171,실리콘화일,kosdaq,20080425,-,6000,6100,7010
1172,메타바이오메드,kosdaq,20080415,-,9000,12500,10650
1173,효성오앤비,kosdaq,20080408,-,7500,9950,8460
1174,네패스신소재,kosdaq,20080404,-,4400,7650,8790
1175,제너시스템즈,kosdaq,20080326,-,3500,4700,3995
1176,텔레필드,kosdaq,20080201,-,5000,5000,4840
1177,넥실리온,kosdaq,20080130,-,3500,4200,3610
1178,코웰이홀딩스,kosdaq,20080129,-,2000,1900,1615
1179,네오엠텔,kosdaq,20080125,-,8500,10000,8500
1180,마이스코,kosdaq,20080125,-,18000,18000,16650
1181,엔케이(유가),kospi,20080124,-,10000,9000,10350
1182,에스맥,kosdaq,20080123,-,3500,3410,3450
1183,일신랩,kosdaq,20071226,-,4500,6000,5100
1184,쎄믹스,kosdaq,20071226,-,3300,3900,3315
1185,미성포리테크,kosdaq,20071220,-,6300,5900,5020
1186,서원인텍,kosdaq,20071220,-,6000,5500,5560
1187,이씨에스텔레콤,kosdaq,20071218,-,2500,3200,2720
1188,대창메탈,kosdaq,20071217,-,6500,8500,7230
1189,한전KPS(유가),kospi,20071214,-,13300,17100,19650
1190,위즈위드,kosdaq,20071205,-,5200,5650,6490
1191,성진지오텍(유가),kospi,20071129,-,14000,13400,11400
1192,화풍방직(유가),kospi,20071126,-,5600,6300,7240
1193,세실,kosdaq,20071120,-,11000,9900,11350
1194,알에프세미,kosdaq,20071120,-,4800,4600,5290
1195,디엔에프(유가),kospi,20071116,-,12000,10800,9200
1196,씨모텍,kosdaq,20071114,-,23000,25000,23000
1197,제이에스전선(유가),kospi,20071112,-,24000,48000,40800
1198,일진정공,kosdaq,20071106,-,5200,10400,11950
1199,비엠티,kosdaq,20071102,-,8000,7200,8280
1200,쉘라인(유가),kospi,20071101,-,17400,15700,13350
1201,기신정기(유가),kospi,20071030,-,10000,14800,12600
1202,이엠코리아,kosdaq,20071029,-,8500,9390,7990
1203,이엘케이,kosdaq,20071029,-,10000,9000,7650
1204,KSS해운(유가),kospi,20071026,-,65000,130000,149500
1205,효성ITX(유가),kospi,20071025,-,5000,10000,11500
1206,현우산업,kosdaq,20071024,-,6800,6500,5530
1207,다믈멀티미디어,kosdaq,20071019,-,4500,5300,6090
1208,디아이씨(유가),kospi,20071018,-,63000,61000,51900
1209,에스에너지,kosdaq,20071016,-,19000,38000,43700
1210,성우전자,kosdaq,20071012,-,11000,9900,8420
1211,제이엠텔레콤,kosdaq,20071012,-,5700,5700,6550
1212,엘지에스,kosdaq,20071012,-,11000,9900,8420
1213,오디텍,kosdaq,20071008,-,10000,9320,9080
1214,미래나노텍,kosdaq,20071001,-,37000,38000,32300
1215,상보,kosdaq,20071001,-,15000,16500,14100
1216,아이에스시테크놀러지,kosdaq,20071001,-,21000,18900,16100
1217,네오티스,kosdaq,20071001,-,11500,11500,9800
1218,바이오톡스텍,kosdaq,20070921,-,5500,7900,9080
1219,에스티엑스팬오션(유가),kospi,20070921,-,1720,1775,2040
1220,옴니시스템,kosdaq,20070919,-,6500,7160,6090
1221,연이정보통신,kosdaq,20070919,-,4000,3670,3120
1222,푸른기술,kosdaq,20070914,-,12500,12500,14350
1223,웨이브일렉트로닉스,kosdaq,20070912,-,10000,10100,8600
1224,넥스지,kosdaq,20070820,-,9600,12000,10200
1225,빅솔론,kosdaq,20070820,-,10000,12000,10200
1226,3노드디지탈,kosdaq,20070817,-,2500,3000,3450
1227,에스엔케이폴리텍,kosdaq,20070730,-,8900,12500,14350
1228,아구스,kosdaq,20070727,-,14500,19850,16950
1229,아로마소프트,kosdaq,20070725,-,8200,12900,11000
1230,에코프로,kosdaq,20070720,-,9000,16000,18400
1231,바로비젼,kosdaq,20070720,-,8900,12000,11700
1232,메모리앤테스팅,kosdaq,20070718,-,8000,15900,13550
1233,컴투스,kosdaq,20070706,-,12000,24000,20400
1234,디지텍시스템스,kosdaq,20070704,-,21000,37500,43100
1235,삼성카드(유가),kospi,20070627,-,48000,62200,61200
1236,엔텔스,kosdaq,20070620,-,10000,20000,23000
1237,풍강,kosdaq,20070601,-,3700,7300,7800
1238,케이프,kosdaq,20070529,-,18000,36000,30600
1239,동국제약,kosdaq,20070529,-,14000,28000,32200
1240,상신이디피,kosdaq,20070523,-,7000,14000,11900
1241,잘만테크,kosdaq,20070522,-,14000,24000,24100
1242,한라레벨,kosdaq,20070522,-,8600,17200,19750
1243,에버테크노,kosdaq,20070522,-,5200,8000,8200
1244,에프알텍,kosdaq,20070518,-,3300,6000,6900
1245,이엠텍,kosdaq,20070502,-,7100,11000,9350
1246,이트레이드증권,kosdaq,20070221,-,6500,13000,14950
1247,오스템임플란트,kosdaq,20070207,-,15000,16400,17050
1248,나노캠텍,kosdaq,20070130,-,7000,13000,11050
1249,네오팜,kosdaq,20070130,-,8000,12100,10800
1250,비에이치,kosdaq,20070126,-,4600,4805,4020
1251,젯텍,kosdaq,20070110,-,7000,8500,9770
1252,동아엘텍,kosdaq,20070103,-,6000,7020,6250
1253,신양엔지니어링,kosdaq,20061227,-,9100,9400,10800
1254,아비스타(유가),kospi,20061226,-,11100,13200,11300
1255,디앤티,kosdaq,20061222,-,6200,9100,7740
1256,펜타마이크로,kosdaq,20061219,-,10200,14000,11900
1257,휴온스,kosdaq,20061219,-,9300,17100,14550
1258,한국컴퓨터,kosdaq,20061213,-,23500,37000,42550
1259,파트론,kosdaq,20061213,-,8300,10150,11650
1260,유니테스트,kosdaq,20061205,-,22000,28000,23800
1261,다사테크,kosdaq,20061205,-,12000,24000,27600
1262,에스에이티,kosdaq,20061128,-,5200,10400,11950
1263,큐에스아이,kosdaq,20061124,-,6800,13600,11600
1264,크레듀,kosdaq,20061116,-,24000,48000,55200
1265,주연테크(유가),kospi,20061115,-,6400,10200,11700
1266,화신테크,kosdaq,20061110,-,2700,5400,6210
1267,고려반도체시스템,kosdaq,20061108,-,5500,8000,9200
1268,인천도시가스(유가),kospi,20061107,-,19000,34000,28950
1269,성창에어텍,kosdaq,20061103,-,3400,6000,6400
1270,넥스턴,kosdaq,20061101,-,4100,4600,5290
1271,제이티,kosdaq,20061027,-,2700,4000,3400
1272,이녹스,kosdaq,20061020,-,6500,9630,8290
1273,광진윈텍,kosdaq,20061020,-,2600,5200,5980
1274,삼정펄프(유가),kospi,20061017,-,29000,55400,48500
1275,용현비엠,kosdaq,20061010,-,9000,13000,11400
1276,바텍,kosdaq,20060928,-,6700,8920,9000
1277,엠디에스테크놀로지,kosdaq,20060926,-,13000,17500,20100
1278,현대EP(유가),kospi,20060925,-,18500,37000,42550
1279,평산,kosdaq,20060822,-,15500,24400,21400
1280,엘씨텍,kosdaq,20060808,-,1500,3000,3450
1281,지오텔,kosdaq,20060801,-,9800,9250,7870
1282,트라이콤,kosdaq,20060725,-,4800,4320,3675
1283,젠트로,kosdaq,20060725,-,2200,2400,2760
1284,티엘아이,kosdaq,20060725,-,11400,11000,9820
1285,엑스씨이,kosdaq,20060721,-,7500,6900,6850
1286,한국전자금융,kosdaq,20060714,-,20500,32950,28050
1287,미디어플렉스,kosdaq,20060707,-,24000,37500,34800
1288,팬엔터테인먼트,kosdaq,20060707,-,7000,9900,8420
1289,맥스엔지니어링,kosdaq,20060704,-,2900,4285,3645
1290,사이버패스,kosdaq,20060704,-,5200,4860,4140
1291,인포뱅크,kosdaq,20060704,-,4600,4610,3920
1292,켐트로닉스,kosdaq,20060117,-,9500,9800,11250
1293,오스코텍,kosdaq,20060117,-,9000,13000,14950
