,name,type,day,gongmo_p,sicho_p
0,쏘카(유가),kospi,20220818,-,-
1,에이치와이티씨,kosdaq,20220809,15000,-
2,유안타스팩9호,kosdaq,20220804,2000,-
3,새빗켐,kosdaq,20220804,35000,-
4,수산인더스트리(유가),kospi,20220801,35000,33000
5,신한스팩10호,kosdaq,20220729,2000,2150
6,아이씨에이치,kosdaq,20220729,34000,30600
7,성일하이텍,kosdaq,20220728,50000,99900
8,에이프릴바이오,kosdaq,20220728,16000,19500
9,IBKS스팩18호,kosdaq,20220722,2000,2185
10,루닛,kosdaq,20220721,30000,30800
11,에이치피에스피,kosdaq,20220715,25000,50000
12,대신밸런스12호스팩,kosdaq,20220714,2000,2170
13,영창케미칼,kosdaq,20220714,18600,18400
14,코난테크놀로지,kosdaq,20220707,25000,35300
15,넥스트칩,kosdaq,20220701,13000,17150
16,삼성스팩6호,kosdaq,20220630,2000,4000
17,NH스팩23호,kosdaq,20220628,2000,2085
18,교보스팩12호,kosdaq,20220624,2000,2075
19,보로노이,kosdaq,20220624,40000,36000
20,레이저쎌,kosdaq,20220624,16000,20600
21,KB스팩21호,kosdaq,20220623,2000,2100
22,위니아에이드,kosdaq,20220623,16200,14600
23,비플라이소프트,kosdaq,20220620,10000,10500
24,범한퓨얼셀,kosdaq,20220617,40000,41000
25,청담글로벌,kosdaq,20220603,6000,6500
26,마스턴프리미어리츠(유가),kospi,20220531,5000,5750
27,하나금융스팩22호,kosdaq,20220526,2000,2160
28,가온칩스,kosdaq,20220520,14000,24150
29,대명에너지,kosdaq,20220516,15000,15450
30,상상인스팩3호,kosdaq,20220429,2000,2155
31,신영스팩7호,kosdaq,20220428,2000,2295
32,포바이포,kosdaq,20220428,17000,34000
33,신한스팩9호,kosdaq,20220427,2000,2240
34,미래에셋비전스팩1호,kosdaq,20220421,2000,2270
35,키움스팩6호,kosdaq,20220407,2000,2180
36,지투파워,kosdaq,20220401,16400,32800
37,유진스팩8호,kosdaq,20220331,2000,2115
38,코람코더원리츠(유가),kospi,20220328,5000,5260
39,세아메카닉스,kosdaq,20220324,4400,8800
40,공구우먼,kosdaq,20220323,20000,21600
41,유일로보틱스,kosdaq,20220318,10000,20000
42,모아데이타,kosdaq,20220310,20000,18000
43,SK증권스팩7호,kosdaq,20220307,2000,2135
44,노을,kosdaq,20220303,10000,9670
45,비씨엔씨,kosdaq,20220303,13000,26000
46,풍원정밀,kosdaq,20220228,15200,20200
47,스톤브릿지벤처스,kosdaq,20220225,8000,7200
48,하나금융스팩21호,kosdaq,20220225,2000,2080
49,브이씨,kosdaq,20220224,15000,17400
50,퓨런티어,kosdaq,20220223,15000,30000
51,바이오에프디엔씨,kosdaq,20220221,28000,25200
52,한국스팩10호,kosdaq,20220221,2000,2130
53,IBKS스팩17호,kosdaq,20220218,2000,2660
54,인카금융서비스,kosdaq,20220216,18000,17250
55,나래나노텍,kosdaq,20220208,17500,15750
56,아셈스,kosdaq,20220207,8000,16000
57,스코넥,kosdaq,20220204,13000,26000
58,이지트로닉스,kosdaq,20220204,22000,23450
59,LG에너지솔루션(유가),kospi,20220127,300000,597000
60,애드바이오텍,kosdaq,20220124,7000,6730
61,케이옥션,kosdaq,20220124,20000,40000
62,오토앤,kosdaq,20220120,5300,8800
63,디비금융스팩10호,kosdaq,20220120,2000,2075
64,래몽래인,kosdaq,20211230,15000,26000
65,하나금융스팩20호,kosdaq,20211227,2000,2130
66,NH스팩22호,kosdaq,20211224,2000,2090
67,하이스팩7호,kosdaq,20211220,2000,2060
68,교보스팩11호,kosdaq,20211220,2000,2065
69,케이티비네트워크,kosdaq,20211216,5800,6030
70,신한서부티엔디리츠(유가),kospi,20211210,5000,4805
71,툴젠,kosdaq,20211210,70000,82300
72,미래에셋글로벌리츠(유가),kospi,20211203,5000,5310
73,대신밸런스스팩11호,kosdaq,20211202,2000,2060
74,마인즈랩,kosdaq,20211123,30000,29650
75,알비더블유,kosdaq,20211122,21400,42800
76,바이옵트로,kosdaq,20211118,7500,7300
77,NH올원리츠(유가),kospi,20211118,5000,5490
78,트윔,kosdaq,20211117,22000,44000
79,지오엘리먼트,kosdaq,20211111,10000,20000
80,아이티아이즈,kosdaq,20211111,14300,28600
81,비트나인,kosdaq,20211110,11000,15250
82,디어유,kosdaq,20211110,26000,52000
83,지니너스,kosdaq,20211108,20000,18000
84,카카오페이(유가),kospi,20211103,90000,180000
85,피코그램,kosdaq,20211103,12500,25000
86,엔켐,kosdaq,20211101,42000,81600
87,리파인,kosdaq,20211029,21000,18900
88,지앤비에스엔지니어링,kosdaq,20211029,17400,24000
89,아이패밀리에스씨,kosdaq,20211028,25000,28650
90,차백신연구소,kosdaq,20211022,11000,11700
91,지아이텍,kosdaq,20211021,14000,28000
92,NH스팩21호,kosdaq,20211015,2000,2075
93,케이카(유가),kospi,20211013,25000,22500
94,씨유테크,kosdaq,20211008,6000,12000
95,원준,kosdaq,20211007,65000,102000
96,하나금융스팩19호,kosdaq,20211007,2000,2045
97,아스플로,kosdaq,20211007,25000,36000
98,NH스팩20호,kosdaq,20211005,2000,2030
99,에스앤디,kosdaq,20210929,28000,25200
100,실리콘투,kosdaq,20210929,27200,38500
101,프롬바이오,kosdaq,20210928,18000,19250
102,신한스팩8호,kosdaq,20210927,2000,2100
103,바이오플러스,kosdaq,20210927,31500,39500
104,대신밸런스스팩10호,kosdaq,20210917,2000,2305
105,현대중공업(유가),kospi,20210917,60000,111000
106,SK리츠(유가),kospi,20210914,5000,5340
107,유진스팩7호,kosdaq,20210913,2000,4000
108,와이엠텍,kosdaq,20210910,28000,56000
109,에이비온,kosdaq,20210908,17000,16800
110,IBKS스팩16호,kosdaq,20210903,2000,4000
111,일진하이솔루스(유가),kospi,20210901,34300,68600
112,디앤디플랫폼리츠,kosdaq,20210827,5000,5390
113,바이젠셀,kosdaq,20210825,52700,73500
114,아주스틸(유가),kospi,20210820,15100,30200
115,브레인즈컴퍼니,kosdaq,20210819,25000,50000
116,롯데렌탈(유가),kospi,20210819,59000,57500
117,딥노이드,kosdaq,20210817,42000,72000
118,한컴라이프케어(유가),kospi,20210817,13700,16050
119,엠로,kosdaq,20210813,22600,32700
120,플래티어,kosdaq,20210812,11000,22000
121,원티드랩,kosdaq,20210811,35000,70000
122,크래프톤(유가),kospi,20210810,498000,448500
123,에이치케이이노엔,kosdaq,20210809,59000,68100
124,카카오뱅크(유가),kospi,20210806,39000,53700
125,한화플러스스팩2호,kosdaq,20210805,2000,4000
126,에브리봇,kosdaq,20210728,36700,33050
127,맥스트,kosdaq,20210727,15000,30000
128,큐라클,kosdaq,20210722,25000,36500
129,에스디바이오센서(유가),kospi,20210716,52000,57000
130,오비고,kosdaq,20210713,14300,19200
131,아모센스,kosdaq,20210625,12400,12250
132,이노뎁,kosdaq,20210618,18000,22200
133,삼성머스트스팩5호,kosdaq,20210617,2000,4000
134,라온테크,kosdaq,20210617,18000,20250
135,엘비루셈,kosdaq,20210611,14000,18000
136,에이디엠코리아,kosdaq,20210603,3800,7600
137,제주맥주,kosdaq,20210526,3200,4780
138,진시스템,kosdaq,20210526,20000,19100
139,삼영에스앤씨,kosdaq,20210521,11000,22000
140,삼성스팩4호,kosdaq,20210521,2000,2070
141,NH스팩19호(유가),kospi,20210521,2000,2075
142,샘씨엔에스,kosdaq,20210520,6500,6400
143,씨앤씨인터내셔널,kosdaq,20210517,47500,47250
144,에이치피오,kosdaq,20210514,22200,20000
145,SK아이이테크놀로지(유가),kospi,20210511,105000,210000
146,하이스팩6호,kosdaq,20210510,2000,2060
147,쿠콘,kosdaq,20210428,45000,80000
148,해성티피씨,kosdaq,20210421,13000,26000
149,이삭엔지니어링,kosdaq,20210421,11500,23000
150,유진스팩6호,kosdaq,20210408,2000,2050
151,유안타스팩8호,kosdaq,20210405,2000,2030
152,엔시스,kosdaq,20210401,19000,38000
153,자이언트스텝,kosdaq,20210324,11000,22000
154,제노코,kosdaq,20210324,36000,65000
155,라이프시맨틱스,kosdaq,20210323,12500,25000
156,SK바이오사이언스(유가),kospi,20210318,65000,130000
157,바이오다인,kosdaq,20210317,30000,40000
158,네오이뮨텍,kosdaq,20210316,7500,15000
159,디비금융스팩9호,kosdaq,20210316,2000,2025
160,프레스티지바이오로직스,kosdaq,20210311,12400,12100
161,싸이버원,kosdaq,20210311,9500,18000
162,나노씨엠에스,kosdaq,20210309,20000,33000
163,하나머스트스팩7호,kosdaq,20210305,2000,2055
164,뷰노,kosdaq,20210226,21000,32900
165,IBKS스팩15호,kosdaq,20210226,2000,2060
166,유일에너테크,kosdaq,20210225,16000,32000
167,씨이랩,kosdaq,20210224,35000,46600
168,오로스테크놀로지,kosdaq,20210224,21000,42000
169,피엔에이치테크,kosdaq,20210216,18000,20500
170,하나금융스팩17호,kosdaq,20210210,2000,2045
171,프레스티지바이오파마(유가),kospi,20210205,32000,28800
172,아이퀘스트,kosdaq,20210205,11000,22000
173,신한스팩7호,kosdaq,20210204,2000,2020
174,와이더플래닛,kosdaq,20210203,16000,24900
175,레인보우로보틱스,kosdaq,20210203,10000,20000
176,솔루엠(유가),kospi,20210202,17000,34000
177,핑거,kosdaq,20210129,16000,32000
178,씨앤투스성진,kosdaq,20210128,32000,31700
179,모비릭스,kosdaq,20210128,14000,28000
180,선진뷰티사이언스,kosdaq,20210127,11500,23000
181,엔비티,kosdaq,20210121,19000,38000
182,한국스팩9호,kosdaq,20210121,2000,2020
183,유안타스팩7호,kosdaq,20201228,2000,2010
184,지놈앤컴퍼니,kosdaq,20201223,40000,80000
185,대신밸런스스팩9호,kosdaq,20201223,2000,2020
186,석경에이티,kosdaq,20201223,10000,20000
187,이에스알켄달스퀘어리츠(유가),kospi,20201223,5000,4970
188,프리시젼바이오,kosdaq,20201222,12500,25000
189,알체라,kosdaq,20201221,10000,20000
190,엔에이치스팩18호,kosdaq,20201221,2000,2025
191,에프앤가이드,kosdaq,20201217,7000,14000
192,에이치엠씨아이비스팩5호,kosdaq,20201216,2000,2000
193,티엘비,kosdaq,20201214,38000,75900
194,인바이오,kosdaq,20201211,5800,11600
195,엔젠바이오,kosdaq,20201210,14000,28000
196,퀀타매트릭스,kosdaq,20201209,25500,25050
197,디비금융스팩8호,kosdaq,20201209,2000,1985
198,명신산업(유가),kospi,20201207,6500,13000
199,클리노믹스,kosdaq,20201204,13900,18500
200,포인트모바일,kosdaq,20201203,15000,30000
201,엔에프씨,kosdaq,20201202,13400,20700
202,앱코,kosdaq,20201202,24300,30150
203,제일전기공업,kosdaq,20201126,17000,34000
204,하나기술,kosdaq,20201125,35000,70000
205,티앤엘,kosdaq,20201120,36000,72000
206,에이플러스에셋어드바이저(유가),kospi,20201120,7500,8100
207,고바이오랩,kosdaq,20201118,15000,30000
208,네패스아크,kosdaq,20201117,26500,36200
209,교촌에프앤비(유가),kospi,20201112,12300,23850
210,소룩스,kosdaq,20201106,10000,20000
211,위드텍,kosdaq,20201030,25000,37100
212,센코,kosdaq,20201029,13000,13350
213,바이브컴퍼니,kosdaq,20201028,28000,40000
214,미코바이오메드,kosdaq,20201022,15000,16100
215,피플바이오,kosdaq,20201019,20000,18000
216,하이브(구.빅히트)(유가),kospi,20201015,135000,270000
217,넥스틴,kosdaq,20201008,75400,71100
218,원방테크,kosdaq,20200924,54300,48900
219,엔에이치스팩17호,kosdaq,20200923,2000,2005
220,비나텍,kosdaq,20200923,33000,44000
221,박셀바이오,kosdaq,20200922,30000,27000
222,비비씨,kosdaq,20200921,30700,27650
223,교보스팩10호,kosdaq,20200918,2000,2020
224,핌스,kosdaq,20200918,19000,21000
225,압타머사이언스,kosdaq,20200916,25000,28850
226,이오플로우,kosdaq,20200914,19000,21750
227,카카오게임즈,kosdaq,20200910,24000,48000
228,피엔케이피부임상연구센타,kosdaq,20200909,18300,28000
229,코람코에너지플러스리츠(유가),kospi,20200831,5000,4800
230,미래에셋대우스팩5호,kosdaq,20200828,2000,2000
231,아이디피,kosdaq,20200824,9800,13200
232,셀레믹스,kosdaq,20200821,20000,24900
233,미투젠,kosdaq,20200818,27000,29100
234,브랜드엑스코퍼레이션,kosdaq,20200813,13000,12900
235,영림원소프트랩,kosdaq,20200812,11500,17600
236,한국파마,kosdaq,20200810,9000,18000
237,제이알글로벌리츠(유가),kospi,20200807,5000,4700
238,이루다,kosdaq,20200806,9000,18000
239,이지스레지던스리츠(유가),kospi,20200805,5000,4500
240,미래에셋맵스리츠1호(유가),kospi,20200805,5000,4500
241,와이팜,kosdaq,20200731,11000,15550
242,이엔드디,kosdaq,20200730,14400,18200
243,엠투아이,kosdaq,20200729,15600,18850
244,에이치엠씨아이비스팩4호,kosdaq,20200729,2000,2010
245,더네이쳐홀딩스,kosdaq,20200727,46000,41400
246,제놀루션,kosdaq,20200724,14000,28000
247,솔트룩스,kosdaq,20200723,25000,40000
248,하나금융스팩16호,kosdaq,20200723,2000,2020
249,티에스아이,kosdaq,20200722,10000,20000
250,이지스밸류플러스리츠(유가),kospi,20200716,5000,4800
251,에이프로,kosdaq,20200716,21600,43200
252,IBKS스팩13호,kosdaq,20200715,2000,2010
253,소마젠,kosdaq,20200713,11000,11650
254,신도기연,kosdaq,20200706,16000,32000
255,위더스제약,kosdaq,20200703,15900,31800
256,SK바이오팜(유가),kospi,20200702,49000,98000
257,마크로밀엠브레인,kosdaq,20200701,6800,13600
258,젠큐릭스,kosdaq,20200625,22700,25100
259,IBKS스팩14호,kosdaq,20200622,2000,2010
260,엘이티,kosdaq,20200622,7800,15600
261,에스씨엠생명과학,kosdaq,20200617,17000,29500
262,엔에이치스팩16호,kosdaq,20200617,2000,2005
263,드림씨아이에스,kosdaq,20200522,14900,28000
264,이베스트스팩5호,kosdaq,20200520,2000,2000
265,케이프이에스스팩4호,kosdaq,20200324,2000,2005
266,엔피디,kosdaq,20200316,5400,4860
267,플레이디,kosdaq,20200312,8500,11250
268,에스케이스팩6호,kosdaq,20200311,2000,2025
269,서울바이오시스,kosdaq,20200306,7500,13000
270,제이앤티씨,kosdaq,20200304,11000,10200
271,켄코아에어로스페이스,kosdaq,20200303,10000,11500
272,레몬,kosdaq,20200228,7200,8620
273,서남,kosdaq,20200220,3100,3900
274,신영스팩6호,kosdaq,20200212,2000,2000
275,위세아이텍,kosdaq,20200210,12000,13900
276,하나금융스팩15호,kosdaq,20200130,2000,2000
277,케이비스팩20호,kosdaq,20200130,2000,2000
278,한화플러스스팩1호,kosdaq,20191227,2000,2005
279,피피아이,kosdaq,20191226,7000,11000
280,천랩,kosdaq,20191226,40000,42950
281,엔에이치스팩15호,kosdaq,20191224,2000,2000
282,메탈라이프,kosdaq,20191224,13000,26000
283,하이스팩5호,kosdaq,20191223,2000,2000
284,브릿지바이오테라퓨틱스,kosdaq,20191220,60000,62400
285,메드팩토,kosdaq,20191219,40000,40000
286,대신밸런스스팩8호,kosdaq,20191219,2000,2005
287,유안타스팩6호,kosdaq,20191219,2000,2005
288,신테카바이오,kosdaq,20191217,12000,14950
289,제이엘케이인스펙션,kosdaq,20191211,9000,8500
290,태웅로직스,kosdaq,20191210,4500,8170
291,IBKS스팩12호,kosdaq,20191209,2000,2040
292,리메드,kosdaq,20191206,13000,14100
293,에스케이스팩5호,kosdaq,20191205,2000,2010
294,엔에이치프라임리츠(유가),kospi,20191205,5000,5000
295,IBKS스팩11호,kosdaq,20191203,2000,2005
296,코리아센터,kosdaq,20191129,18000,23000
297,유안타스팩5호,kosdaq,20191128,2000,2145
298,노터스,kosdaq,20191127,20000,29750
299,센트랄모텍(유가),kospi,20191125,6000,7650
300,티움바이오,kosdaq,20191122,12000,11800
301,씨에스베어링,kosdaq,20191121,8400,8400
302,코리아에셋투자증권,kosdaq,20191120,10000,9900
303,우양,kosdaq,20191120,4200,6060
304,현대에너지솔루션(유가),kospi,20191119,18000,18200
305,에스제이그룹,kosdaq,20191118,38600,43500
306,제테마,kosdaq,20191114,21000,20100
307,한화시스템(유가),kospi,20191113,12250,11600
308,라파스,kosdaq,20191111,20000,19950
309,아이티엠반도체,kosdaq,20191107,26000,26750
310,자이에스앤디(유가),kospi,20191106,5200,6650
311,미래에셋대우스팩4호,kosdaq,20191106,2000,2000
312,미디어젠,kosdaq,20191105,10600,11250
313,하나금융스팩14호,kosdaq,20191101,2000,2000
314,신한스팩6호,kosdaq,20191031,2000,2010
315,티라유텍,kosdaq,20191031,12050,24100
316,롯데리츠(유가),kospi,20191030,5000,5000
317,지누스(유가),kospi,20191030,70000,73500
318,교보스팩9호,kosdaq,20191029,2000,2010
319,캐리소프트,kosdaq,20191029,9000,12100
320,케이엔제이,kosdaq,20191025,11000,15700
321,엔바이오니아,kosdaq,20191024,8200,10700
322,팜스빌,kosdaq,20191022,14000,16800
323,라온피플,kosdaq,20191018,14000,13300
324,아톤,kosdaq,20191017,43000,46050
325,녹십자웰빙,kosdaq,20191014,11300,11900
326,대신밸런스스팩7호,kosdaq,20191011,2000,2025
327,유진스팩5호,kosdaq,20191002,2000,2045
328,케이비스팩19호,kosdaq,20190930,2000,2045
329,올리패스,kosdaq,20190920,20000,30600
330,라닉스,kosdaq,20190918,6000,7100
331,하나금융스팩13호,kosdaq,20190918,2000,2040
332,한독크린텍,kosdaq,20190905,15100,24500
333,상상인이안스팩2호,kosdaq,20190830,2000,2150
334,네오크레마,kosdaq,20190822,8000,9530
335,미래에셋대우스팩3호,kosdaq,20190820,2000,2120
336,마니커에프앤지,kosdaq,20190820,4000,8000
337,나노브릭,kosdaq,20190819,16000,14400
338,에스피시스템스,kosdaq,20190814,4900,9800
339,레이,kosdaq,20190808,20000,25150
340,그린플러스,kosdaq,20190807,10000,11150
341,코윈테크,kosdaq,20190805,34500,31050
342,덕산테코피아,kosdaq,20190802,19000,17100
343,슈프리마아이디,kosdaq,20190801,27000,34750
344,한국바이오젠,kosdaq,20190801,6000,12000
345,세경하이테크,kosdaq,20190730,35000,33250
346,윌링스,kosdaq,20190725,12500,22800
347,대모(구.대모엔지니어링),kosdaq,20190724,5200,8710
348,에이스토리,kosdaq,20190719,14300,12900
349,플리토,kosdaq,20190717,26000,31600
350,이베스트이안스팩1호,kosdaq,20190715,2000,3040
351,세틀뱅크,kosdaq,20190712,55000,49500
352,아이스크림에듀,kosdaq,20190711,15900,14350
353,펌텍코리아,kosdaq,20190704,190000,171000
354,에이에프더블류,kosdaq,20190701,22500,28000
355,신영스팩5호,kosdaq,20190624,2000,4000
356,케이비스팩18호,kosdaq,20190624,2000,2300
357,신한스팩5호,kosdaq,20190619,2000,3860
358,압타바이오,kosdaq,20190612,30000,50200
359,까스텔바쟉,kosdaq,20190610,12000,17000
360,마이크로디지탈,kosdaq,20190605,23000,41050
361,유진스팩4호,kosdaq,20190531,2000,2500
362,디비금융스팩7호,kosdaq,20190531,2000,2080
363,수젠텍,kosdaq,20190528,12000,11150
364,컴퍼니케이파트너스,kosdaq,20190523,4500,8200
365,엔에이치스팩14호,kosdaq,20190508,2000,2115
366,에스앤케이,kosdaq,20190507,40400,36400
367,한화에스비아이스팩,kosdaq,20190503,2000,2005
368,하이스팩4호,kosdaq,20190429,2000,2005
369,아모그린텍,kosdaq,20190329,9900,10300
370,현대오토에버(유가),kospi,20190328,48000,75500
371,지노믹트리,kosdaq,20190327,27000,29450
372,케이비스팩17호,kosdaq,20190327,2000,1995
373,이지케어텍,kosdaq,20190322,12300,24600
374,유안타스팩4호,kosdaq,20190321,2000,2005
375,미래에셋벤처투자,kosdaq,20190315,4500,6150
376,드림텍(유가),kospi,20190314,13000,17350
377,에코프로비엠,kosdaq,20190305,48000,61100
378,셀리드,kosdaq,20190220,33000,43750
379,천보,kosdaq,20190211,40000,52500
380,이노테라피,kosdaq,20190201,18000,22200
381,노랑풍선,kosdaq,20190130,20000,30350
382,웹케시,kosdaq,20190125,26000,31700
383,에어부산(유가),kospi,20181227,3600,4020
384,비피도,kosdaq,20181226,18000,36000
385,키움스팩5호,kosdaq,20181226,2000,2000
386,엔에이치스팩13호,kosdaq,20181224,2000,2000
387,유틸렉스,kosdaq,20181224,50000,60100
388,신영스팩4호,kosdaq,20181221,2000,2005
389,미래에셋대우스팩2호,kosdaq,20181221,2000,2015
390,디케이티,kosdaq,20181221,7400,12900
391,한국스팩8호,kosdaq,20181220,2000,2005
392,삼성머스트스팩3호,kosdaq,20181220,2000,2005
393,위지윅스튜디오,kosdaq,20181220,11000,11250
394,대신밸런스스팩6호,kosdaq,20181219,2000,2005
395,에이비엘바이오,kosdaq,20181219,15000,13500
396,머큐리,kosdaq,20181214,6100,9630
397,전진바이오팜,kosdaq,20181214,10000,11550
398,뉴트리,kosdaq,20181213,14500,13050
399,골든브릿지이안스팩5호,kosdaq,20181212,2000,2000
400,이노메트리,kosdaq,20181212,26000,40000
401,대유에이피,kosdaq,20181207,3000,6000
402,에스케이에이씨피씨스팩4호,kosdaq,20181207,2000,2020
403,에코캡,kosdaq,20181205,4200,4100
404,교보스팩8호,kosdaq,20181205,2000,2020
405,베스파,kosdaq,20181203,35000,33400
406,윙입푸드,kosdaq,20181130,2000,1800
407,하나머스트스팩6호,kosdaq,20181130,2000,2020
408,남화산업,kosdaq,20181129,3700,5610
409,엠아이텍,kosdaq,20181129,4500,4050
410,티로보틱스,kosdaq,20181129,16000,14400
411,티앤알바이오팹,kosdaq,20181128,18000,16200
412,네오펙트,kosdaq,20181128,11000,9900
413,아시아나IDT(유가),kospi,20181123,15000,14300
414,디알젬,kosdaq,20181122,6500,8470
415,싸이토젠,kosdaq,20181122,17000,17800
416,파멥신,kosdaq,20181121,60000,58100
417,아주IB투자,kosdaq,20181121,1500,1350
418,디케이앤디,kosdaq,20181120,6000,7570
419,디자인,kosdaq,20181115,10100,20200
420,노바렉스,kosdaq,20181114,19000,25450
421,셀리버리,kosdaq,20181109,25000,32000
422,대보마그네틱,kosdaq,20181106,31000,60200
423,노바텍,kosdaq,20181102,10000,14100
424,엘앤씨바이오,kosdaq,20181101,24000,29800
425,디비금융스팩6호,kosdaq,20181031,2000,2010
426,옵티팜,kosdaq,20181026,10000,9000
427,로보티즈,kosdaq,20181026,14000,28000
428,에스퓨얼셀,kosdaq,20181015,16500,33000
429,나우아이비캐피탈,kosdaq,20181004,8500,9300
430,푸드나무,kosdaq,20181004,24000,43350
431,하나제약(유가),kospi,20181002,26000,30100
432,크리스에프앤씨,kosdaq,20181001,30000,27000
433,IBKS스팩10호,kosdaq,20180921,2000,2110
434,지티지웰니스,kosdaq,20180921,11000,15250
435,우진아이엔에스(유가),kospi,20180914,15000,15150
436,삼성스팩2호,kosdaq,20180913,2000,2030
437,명성티엔에스,kosdaq,20180913,20000,22000
438,디지캡,kosdaq,20180907,12000,13250
439,대신밸런스스팩5호,kosdaq,20180830,2000,2050
440,액트로,kosdaq,20180828,20000,20700
441,오파스넷,kosdaq,20180824,11000,18000
442,에이피티씨,kosdaq,20180823,9000,9310
443,바이오솔루션,kosdaq,20180820,29000,28200
444,대유,kosdaq,20180810,9000,13250
445,신한알파리츠(유가),kospi,20180808,5000,5330
446,디아이티,kosdaq,20180807,10000,10550
447,에스에스알,kosdaq,20180806,9000,18000
448,휴네시온,kosdaq,20180802,10000,15000
449,티웨이항공(유가),kospi,20180801,12000,11600
450,롯데정보통신(유가),kospi,20180727,29800,30550
451,한국유니온제약,kosdaq,20180726,18000,23000
452,엠코르셋,kosdaq,20180723,11500,11050
453,IBKS스팩9호,kosdaq,20180720,2000,2250
454,올릭스,kosdaq,20180718,36000,72000
455,아이큐어,kosdaq,20180712,65000,58500
456,에스브이인베스트먼트,kosdaq,20180706,7000,9000
457,이리츠코크렙기업(유가),kospi,20180627,5000,5010
458,이원다이애그노믹스,kosdaq,20180626,6500,9000
459,하나금융스팩11호,kosdaq,20180608,2000,2000
460,파워넷,kosdaq,20180607,6500,10100
461,현대사료,kosdaq,20180601,6600,13200
462,세종메디칼,kosdaq,20180529,15000,23100
463,제노레이,kosdaq,20180528,23000,45900
464,한국스팩7호,kosdaq,20180511,2000,2000
465,유안타스팩3호,kosdaq,20180508,2000,1980
466,제이티씨(JTC),kosdaq,20180406,8500,14050
467,대신밸런스스팩3호,kosdaq,20180404,2000,2005
468,케어랩스,kosdaq,20180328,20000,40000
469,애경산업(유가),kospi,20180322,29100,28000
470,에코마이스터,kosdaq,20180315,5200,7000
471,린드먼아시아인베스트먼트,kosdaq,20180314,6500,13000
472,오스테오닉,kosdaq,20180222,7700,15400
473,엔지켐생명과학,kosdaq,20180221,56000,87000
474,동구바이오제약,kosdaq,20180213,16000,32000
475,알리코제약,kosdaq,20180212,12000,18100
476,아시아종묘,kosdaq,20180212,4500,4520
477,카페24,kosdaq,20180208,57000,84500
478,링크제니시스,kosdaq,20180205,30000,53000
479,배럴,kosdaq,20180201,9500,10400
480,에스지이,kosdaq,20180126,6000,5400
481,씨앤지하이테크,kosdaq,20180125,16000,18600
482,시스웍,kosdaq,20171226,2800,3810
483,한국스팩6호,kosdaq,20171221,2000,1965
484,디바이스이엔지,kosdaq,20171220,12000,10800
485,동부스팩5호,kosdaq,20171212,2000,2010
486,동양피스톤(유가),kospi,20171208,5700,5130
487,진에어(유가),kospi,20171208,31800,31800
488,씨티케이코스메틱스,kosdaq,20171207,55000,49500
489,메카로,kosdaq,20171206,33000,43000
490,에스트래픽,kosdaq,20171205,10000,20000
491,체리부로,kosdaq,20171204,4700,5020
492,대원,kosdaq,20171201,15000,16000
493,비즈니스온커뮤니케이션,kosdaq,20171130,9000,16900
494,삼양패키징(유가),kospi,20171129,26000,25750
495,한화에이스스팩4호,kosdaq,20171127,2000,2010
496,스튜디오드래곤,kosdaq,20171124,35000,55300
497,IBKS스팩7호,kosdaq,20171110,2000,2030
498,비디아이,kosdaq,20171109,10000,17600
499,티슈진,kosdaq,20171106,27000,52000
500,테이팩스(유가),kospi,20171031,23000,26600
501,영화테크,kosdaq,20171026,12500,25000
502,세원,kosdaq,20171020,5700,8600
503,신한스팩4호,kosdaq,20171020,2000,2000
504,상신전자,kosdaq,20171016,13300,13300
505,야스,kosdaq,20170929,23500,21150
506,IBKS스팩8호,kosdaq,20170929,2000,2080
507,에스엔피월드,kosdaq,20170928,5100,5100
508,유티아이,kosdaq,20170927,25000,22500
509,신흥에스이씨,kosdaq,20170927,16000,29400
510,선익시스템,kosdaq,20170920,37000,33300
511,엠플러스,kosdaq,20170920,18000,28350
512,앱클론,kosdaq,20170918,10000,20000
513,샘코,kosdaq,20170915,11000,12000
514,펄어비스,kosdaq,20170914,103000,92700
515,케이피에스,kosdaq,20170906,14000,13500
516,덕우전자,kosdaq,20170828,15500,16900
517,이더블유케이,kosdaq,20170822,5000,10000
518,하나금융스팩10호,kosdaq,20170822,2000,2020
519,알에스오토메이션,kosdaq,20170811,6000,11950
520,컬러레이,kosdaq,20170810,3800,3660
521,엔에이치스팩12호,kosdaq,20170807,2000,2040
522,모트렉스,kosdaq,20170804,38300,38000
523,데이타솔루션,kosdaq,20170803,3300,6600
524,지니언스,kosdaq,20170802,13500,20050
525,디앤씨미디어,kosdaq,20170801,20000,32300
526,셀트리온헬스케어,kosdaq,20170728,41000,43650
527,이즈미디어,kosdaq,20170726,7500,8400
528,한국스팩5호,kosdaq,20170724,2000,2020
529,힘스,kosdaq,20170720,20000,32500
530,브이원텍,kosdaq,20170713,17700,20100
531,아우딘퓨쳐스,kosdaq,20170712,26000,23400
532,제일홀딩스,kosdaq,20170630,20700,18650
533,하나금융스팩9호,kosdaq,20170626,2000,1955
534,교보스팩7호,kosdaq,20170622,2000,2020
535,한화수성스팩,kosdaq,20170608,2000,2020
536,보라티알,kosdaq,20170608,14300,18900
537,삼양옵틱스,kosdaq,20170602,16700,16700
538,IBKS스팩6호,kosdaq,20170601,2000,1980
539,필옵틱스,kosdaq,20170601,48000,48200
540,미래에셋대우스팩1호,kosdaq,20170526,2000,2000
541,넷마블게임즈(유가),kospi,20170512,157000,165000
542,ING생명보험(유가),kospi,20170511,33000,31200
543,한화에이스스팩3호,kosdaq,20170502,2000,2000
544,엔에이치스팩10호,kosdaq,20170502,2000,1995
545,하나머티리얼즈,kosdaq,20170428,12000,17500
546,와이엠티,kosdaq,20170427,21000,35100
547,케이비스팩11호,kosdaq,20170427,2000,2000
548,신영스팩3호,kosdaq,20170406,2000,2000
549,이엘피,kosdaq,20170406,20000,22000
550,서진시스템,kosdaq,20170327,25000,40000
551,코미코,kosdaq,20170323,13000,29050
552,아스타,kosdaq,20170320,8000,9700
553,덴티움(유가),kospi,20170315,32000,38200
554,대신밸런스스팩4호,kosdaq,20170303,2000,2000
555,에스디생명공학,kosdaq,20170302,12000,15200
556,신신제약,kosdaq,20170228,4500,6170
557,에프엔에스테크,kosdaq,20170227,14000,17050
558,모바일어플라이언스,kosdaq,20170224,3500,5900
559,신한스팩3호,kosdaq,20170223,2000,2010
560,피씨엘,kosdaq,20170223,8000,7800
561,호전실업(유가),kospi,20170202,25000,24500
562,서플러스글로벌,kosdaq,20170125,8000,8500
563,유바이오로직스,kosdaq,20170124,6000,5600
564,엔에이치스팩11호,kosdaq,20161228,2000,1990
565,퓨전데이타,kosdaq,20161221,11500,20750
566,디에스씨인베스트먼트,kosdaq,20161219,1700,3400
567,티에스인베스트먼트,kosdaq,20161215,1300,1470
568,마이크로프랜드,kosdaq,20161212,7300,6570
569,코썬바이오,kosdaq,20161209,7000,6300
570,애니젠,kosdaq,20161207,18000,17800
571,유니온커뮤니티,kosdaq,20161207,5000,4465
572,신라젠,kosdaq,20161206,15000,13500
573,핸즈코퍼레이션(유가),kospi,20161202,12000,10800
574,IBKS스팩5호,kosdaq,20161202,2000,2000
575,퓨쳐켐,kosdaq,20161201,15000,15750
576,오션브릿지,kosdaq,20161201,6600,7730
577,엘앤케이바이오,kosdaq,20161130,15000,15750
578,뉴파워프라즈마,kosdaq,20161130,17500,17500
579,에이치엔티일렉트로닉스,kosdaq,20161128,10000,12100
580,핸디소프트,kosdaq,20161124,5600,8180
581,두산밥캣(유가),kospi,20161118,30000,36000
582,에스케이스팩3호,kosdaq,20161116,2000,2050
583,삼성바이오로직스(유가),kospi,20161110,136000,135000
584,클리오,kosdaq,20161109,41000,39950
585,오가닉티코스메틱,kosdaq,20161104,4000,6510
586,로고스바이오시스템스,kosdaq,20161103,25500,25500
587,아이비케이에스지엠비스팩,kosdaq,20161102,2000,2050
588,인크로스,kosdaq,20161031,43000,67700
589,코스메카코리아,kosdaq,20161028,54000,71400
590,에이치엘사이언스(구.건강사랑),kosdaq,20161028,27000,38400
591,제이더블유생명과학(유가),kospi,20161027,30000,33050
592,그레이트리치과기,kosdaq,20161025,5000,5000
593,금세기차륜(골든센츄리),kosdaq,20161019,3500,4005
594,인텔리안테크놀로지스,kosdaq,20161018,19000,18750
595,에이치시티,kosdaq,20161017,17000,19500
596,잉글우드랩,kosdaq,20161014,6000,8360
597,앤디포스,kosdaq,20161012,14500,17500
598,수산아이앤티(구.플러스기술),kosdaq,20161011,11500,11500
599,미투온,kosdaq,20161010,3800,3420
600,화승엔터프라이즈(유가),kospi,20161004,15000,13500
601,케이비스팩10호,kosdaq,20160929,2000,2000
602,엘에스전선아시아(유가),kospi,20160922,8000,7200
603,모두투어리츠(유가),kospi,20160922,6000,5700
604,유니테크노,kosdaq,20160920,10300,12750
605,교보비엔케이스팩,kosdaq,20160908,2000,2100
606,하나금융스팩8호,kosdaq,20160908,2000,2010
607,자이글,kosdaq,20160906,11000,13600
608,헝셩그룹,kosdaq,20160818,3600,3240
609,에코마케팅,kosdaq,20160808,35000,68000
610,팍스넷,kosdaq,20160801,5200,10400
611,두올(유가),kospi,20160729,8500,8190
612,엔지스테크널러지,kosdaq,20160728,10000,19000
613,우리손에프앤지,kosdaq,20160727,2210,4000
614,옵토팩,kosdaq,20160720,5900,6210
615,장원테크,kosdaq,20160715,17500,22250
616,대유위니아(구.위니아만도),kosdaq,20160714,6800,7900
617,한국자산신탁(유가),kospi,20160713,10300,9900
618,바이오리더스,kosdaq,20160707,15000,17100
619,피앤씨테크,kosdaq,20160704,10200,11000
620,로스웰,kosdaq,20160630,3200,3915
621,해성디에스(유가),kospi,20160624,12000,16700
622,녹십자랩셀,kosdaq,20160623,18500,37000
623,에스티팜,kosdaq,20160623,29000,47000
624,한국스팩4호,kosdaq,20160622,2000,1950
625,알엔투테크놀로지,kosdaq,20160622,5800,12500
626,미래에셋스팩5호,kosdaq,20160609,2000,1995
627,용평리조트(유가),kospi,20160527,7000,9000
628,해태제과식품(유가),kospi,20160511,15100,18960
629,레이언스,kosdaq,20160411,25000,23700
630,씨엠에스에듀,kosdaq,20160407,23200,26800
631,동양파일,kosdaq,20160406,10000,9000
632,대림씨엔에스(유가),kospi,20160330,27700,24950
633,팬젠,kosdaq,20160311,16500,24900
634,하이에이아이스팩1호,kosdaq,20160308,2000,1970
635,에이피위성통신,kosdaq,20160304,9700,12400
636,IBKS스팩4호,kosdaq,20160302,2000,2030
637,케이비스팩9호,kosdaq,20160229,2000,1975
638,큐리언트,kosdaq,20160229,21000,33900
639,안트로젠,kosdaq,20160215,24000,38000
640,제이에스코퍼레이션(유가),kospi,20160204,23000,39100
641,아이엠텍,kosdaq,20160203,7500,8500
642,유니트론텍,kosdaq,20160202,14000,25300
643,차이나크리스탈신소재,kosdaq,20160128,3000,4000
644,한솔씨앤피,kosdaq,20160127,13000,18950
645,에스와이패널,kosdaq,20151229,5000,4700
646,코리아오토글라스(유가),kospi,20151229,11000,11600
647,코디엠,kosdaq,20151229,4700,7490
648,잇츠스킨(유가),kospi,20151228,170000,172000
649,육일씨엔에쓰,kosdaq,20151224,6000,6560
650,휴젤,kosdaq,20151224,150000,199500
651,대신밸런스스팩2호,kosdaq,20151224,2000,2000
652,이에스브이,kosdaq,20151224,10000,18500
653,한국맥널티,kosdaq,20151223,8000,16000
654,아진산업,kosdaq,20151222,6500,7620
655,덱스터,kosdaq,20151222,14000,24800
656,씨트리,kosdaq,20151221,6500,9250
657,강스템바이오텍,kosdaq,20151221,6000,7200
658,메가엠디,kosdaq,20151218,3000,5020
659,동부스팩4호,kosdaq,20151218,2000,2000
660,파크시스템스,kosdaq,20151217,9000,11000
661,보광산업,kosdaq,20151217,4000,6110
662,하나금융스팩7호,kosdaq,20151216,2000,2010
663,뉴트리바이오텍,kosdaq,20151216,21000,23000
664,예스티,kosdaq,20151216,14500,15500
665,멕아이씨에스,kosdaq,20151214,4500,8000
666,엔에스,kosdaq,20151207,8000,12950
667,미래테크놀로지,kosdaq,20151201,16100,14950
668,세진중공업(유가),kospi,20151130,3500,3495
669,하이즈항공,kosdaq,20151125,18000,16200
670,엠지메드,kosdaq,20151120,40000,41000
671,리드,kosdaq,20151120,5100,4590
672,케이디켐,kosdaq,20151119,16000,14850
673,매직마이크로,kosdaq,20151119,5500,5420
674,네오오토,kosdaq,20151118,12000,11800
675,골든브릿지스팩4호,kosdaq,20151118,2000,1990
676,케어젠,kosdaq,20151117,110000,101500
677,아이진,kosdaq,20151116,13500,12900
678,나무가,kosdaq,20151112,37000,33400
679,유앤아이,kosdaq,20151112,30000,28650
680,금호에이치티(유가),kospi,20151111,10000,9500
681,제주항공(유가),kospi,20151106,30000,49500
682,에이치엠씨스팩3호,kosdaq,20151105,2000,2020
683,더블유게임즈,kosdaq,20151104,65000,65100
684,연우,kosdaq,20151102,25200,28150
685,키움스팩4호,kosdaq,20151030,2000,2060
686,에이티젠,kosdaq,20151023,17000,34000
687,현대드림스팩4호,kosdaq,20151022,2000,2090
688,엑시콘,kosdaq,20151022,10000,10400
689,이베스트스팩3호,kosdaq,20151019,2000,2090
690,에치디프로,kosdaq,20151013,8900,9580
691,IBKS스팩3호,kosdaq,20151008,2000,2100
692,동부스팩3호,kosdaq,20151006,2000,2105
693,신영해피투모로우2호스팩,kosdaq,20151005,2000,2090
694,엘아이지넥스원(유가),kospi,20151002,76000,68400
695,엔에이치스팩9호,kosdaq,20150925,2000,2070
696,제너셈,kosdaq,20150925,10500,11000
697,타이거일렉,kosdaq,20150925,6000,5720
698,아이콘트롤스(유가),kospi,20150924,32000,31650
699,동일제강(유가),kospi,20150924,3000,3870
700,인포마크,kosdaq,20150923,14000,25000
701,유진스팩3호,kosdaq,20150909,2000,2105
702,한국스팩3호,kosdaq,20150902,2000,2125
703,케이티비스팩3호,kosdaq,20150828,2000,2185
704,교보스팩5호,kosdaq,20150827,2000,2300
705,웹스,kosdaq,20150824,7200,11400
706,에이제이네트웍스(유가),kospi,20150821,34300,30900
707,현대드림스팩3호,kosdaq,20150821,2000,2000
708,파인텍,kosdaq,20150817,10500,21000
709,교보스팩4호,kosdaq,20150813,2000,3365
710,흥국에프엔비,kosdaq,20150807,20000,40000
711,미래에셋스팩4호,kosdaq,20150806,2000,3130
712,케이비스팩8호,kosdaq,20150805,2000,2370
713,칩스앤미디어,kosdaq,20150805,10500,13700
714,아시아경제신문사,kosdaq,20150731,3600,3240
715,아이쓰리시스템,kosdaq,20150730,36000,63000
716,로지시스,kosdaq,20150729,2500,4180
717,엘아이지이에스스팩,kosdaq,20150727,2000,2770
718,파마리서치프로덕트,kosdaq,20150724,55000,110000
719,에스케이스팩2호,kosdaq,20150723,2000,2140
720,펩트론,kosdaq,20150722,16000,32000
721,한화에이스스팩2호,kosdaq,20150720,2000,2125
722,이노션(유가),kospi,20150717,68000,66500
723,유안타스팩2호,kosdaq,20150717,2000,2125
724,키움스팩3호,kosdaq,20150710,2000,2110
725,토니모리(유가),kospi,20150710,32000,64000
726,미래에셋생명보험(유가),kospi,20150708,7500,7400
727,골든브릿지스팩3호,kosdaq,20150630,2000,2035
728,동운아나텍,kosdaq,20150630,10000,12500
729,유테크,kosdaq,20150630,9000,12550
730,엔에이치스팩8호,kosdaq,20150630,2000,2080
731,민앤지,kosdaq,20150630,28000,56000
732,경보제약(유가),kospi,20150629,15000,30000
733,에스엔텍,kosdaq,20150626,6500,10000
734,코아스템,kosdaq,20150626,16000,32000
735,이베스트스팩2호,kosdaq,20150626,2000,2020
736,세미콘라이트,kosdaq,20150625,11300,11500
737,에스케이디앤디(유가),kospi,20150623,26000,52000
738,베셀,kosdaq,20150619,9000,13400
739,대신밸런스스팩1호,kosdaq,20150618,2000,2025
740,하나머스트스팩5호,kosdaq,20150618,2000,2025
741,싸이맥스,kosdaq,20150617,16300,15200
742,하이스팩3호,kosdaq,20150616,2000,2020
743,픽셀플러스,kosdaq,20150612,30000,27000
744,엔에이치스팩7호,kosdaq,20150612,2000,2130
745,한화에이씨피씨스팩,kosdaq,20150610,2000,2155
746,제노포커스,kosdaq,20150529,11000,22000
747,미래에셋스팩3호,kosdaq,20150522,2000,2255
748,대우스팩3호,kosdaq,20150519,2000,2600
749,한화엠지아이스팩,kosdaq,20150518,2000,2900
750,대우에스비아이스팩1호,kosdaq,20150513,2000,2365
751,엔에이치스팩5호,kosdaq,20150508,2000,2250
752,유진에이씨피씨스팩2호,kosdaq,20150428,2000,2315
753,하나머스트스팩4호,kosdaq,20150422,2000,3010
754,한화에이스스팩1호,kosdaq,20150420,2000,2245
755,유지인트,kosdaq,20150413,15000,29150
756,케이티비스팩2호,kosdaq,20150403,2000,2150
757,NS쇼핑(구.농수산홈쇼핑)(유가),kospi,20150327,235000,211500
758,케이비스팩7호,kosdaq,20150325,2000,2260
759,세화아이엠씨(유가),kospi,20150319,16300,18100
760,포시에스,kosdaq,20150211,9100,15500
761,골든브릿지스팩2호,kosdaq,20150205,2000,2220
762,현대드림스팩2호,kosdaq,20141229,2000,1995
763,케이비스팩6호,kosdaq,20141229,2000,2030
764,국일신동,kosdaq,20141229,1700,3225
765,영백씨엠,kosdaq,20141229,5500,11000
766,NH스팩2호,kosdaq,20141229,2000,2015
767,하이셈,kosdaq,20141226,1500,2610
768,휴메딕스,kosdaq,20141226,28000,43600
769,서전기전,kosdaq,20141224,6500,8000
770,교보스팩3호,kosdaq,20141224,2000,2005
771,오킨스전자,kosdaq,20141224,7100,11000
772,하나머스트스팩3호,kosdaq,20141224,2000,2015
773,아스트,kosdaq,20141224,9500,8550
774,케이비스팩5호,kosdaq,20141224,2000,2000
775,넥스트엔터테인먼트월드,kosdaq,20141223,16300,15800
776,아이티센,kosdaq,20141223,7500,8460
777,제일모직(구.삼성에버랜드)(유가),kospi,20141218,53000,106000
778,하이로닉,kosdaq,20141217,51000,63800
779,하나머스트스팩2호,kosdaq,20141217,2000,2000
780,우리에스엘스팩,kosdaq,20141217,2000,2000
781,디티앤씨(구.디지털이엠씨),kosdaq,20141217,18500,30000
782,엘아이지스팩2호,kosdaq,20141217,2000,2015
783,녹십자엠에스,kosdaq,20141217,6000,9000
784,랩지노믹스,kosdaq,20141216,13200,16650
785,에이디테크놀로지,kosdaq,20141216,15000,13500
786,비씨월드제약,kosdaq,20141215,15700,18100
787,동부스팩2호,kosdaq,20141212,2000,2010
788,알테오젠,kosdaq,20141212,26000,25150
789,한국스팩2호,kosdaq,20141210,2000,2015
790,에스케이씨코오롱피아이,kosdaq,20141208,8000,7800
791,대창스틸,kosdaq,20141205,2500,3605
792,에프엔씨엔터테인먼트,kosdaq,20141204,28000,25200
793,하이스팩2호,kosdaq,20141201,2000,2010
794,씨에스윈드(유가),kospi,20141127,43500,39150
795,케이티비스팩1호,kosdaq,20141124,2000,2030
796,텔콘,kosdaq,20141124,14500,13800
797,파티게임즈,kosdaq,20141121,13000,26000
798,IBKS스팩2호,kosdaq,20141120,2000,2030
799,유안타스팩1호,kosdaq,20141119,2000,2045
800,디에이테크놀로지,kosdaq,20141119,6600,7800
801,삼성SDS(유가),kospi,20141114,190000,380000
802,케이비스팩4호,kosdaq,20141112,2000,2080
803,현대에이블스팩1호,kosdaq,20141110,2000,3500
804,교보위드스팩,kosdaq,20141107,2000,2250
805,테고사이언스,kosdaq,20141106,13500,27000
806,슈피겐코리아,kosdaq,20141105,27500,37100
807,테라셈,kosdaq,20141030,3000,3200
808,영우디에스피,kosdaq,20141029,5000,5500
809,대우스팩2호,kosdaq,20141022,2000,2005
810,신한스팩2호,kosdaq,20141013,2000,1990
811,메디아나,kosdaq,20141007,6200,6370
812,데브시스터즈,kosdaq,20141006,53000,71000
813,KB스팩3호,kosdaq,20140930,2000,2045
814,감마누,kosdaq,20140814,11000,22000
815,우리스팩3호,kosdaq,20140813,2000,2150
816,신화콘텍,kosdaq,20140808,9100,8190
817,쿠쿠전자(유가),kospi,20140806,104000,180000
818,파버나인,kosdaq,20140804,12500,12300
819,덕신하우징,kosdaq,20140801,13000,21650
820,창해에탄올,kosdaq,20140730,8300,16600
821,윈하이텍,kosdaq,20140725,8300,13300
822,아진엑스텍,kosdaq,20140724,7000,7900
823,미래에셋스팩2호,kosdaq,20140723,2000,2110
824,화인베스틸(유가),kospi,20140722,4700,4490
825,트루윈,kosdaq,20140711,10500,17000
826,하나머스트스팩,kosdaq,20140610,2000,2330
827,캐스텍코리아,kosdaq,20140527,6500,11500
828,BGF리테일(구.보광훼미리마트)(유가),kospi,20140519,41000,57000
829,유진스팩1호,kosdaq,20140508,2000,2090
830,KB스팩2호,kosdaq,20140428,2000,2075
831,오이솔루션,kosdaq,20140227,10000,20000
832,인터파크INT,kosdaq,20140206,7700,15400
833,한국정보인증,kosdaq,20140204,1800,2900
834,솔루에타,kosdaq,20131227,24000,21600
835,이지웰페어,kosdaq,20131227,4400,7000
836,키움제2호스팩,kosdaq,20131220,2000,2020
837,기가레인(구.맥시스),kosdaq,20131219,5500,4950
838,인트로메딕,kosdaq,20131219,6000,6700
839,알티캐스트,kosdaq,20131206,8500,8500
840,현대공업,kosdaq,20131204,7500,8850
841,엔브이에이치코리아,kosdaq,20131203,4500,4440
842,디엠티,kosdaq,20131126,5700,5210
843,우리기업인수목적2호,kosdaq,20131121,2000,2005
844,신송홀딩스,kosdaq,20131121,6500,10900
845,라이온켐텍,kosdaq,20131119,12500,14200
846,램테크놀러지,kosdaq,20131118,3900,6250
847,미동전자통신,kosdaq,20131113,20000,19400
848,에이씨티,kosdaq,20131108,8100,12000
849,해성옵틱스,kosdaq,20131106,6600,7800
850,내츄럴엔도텍,kosdaq,20131031,40000,80000
851,현대로템(유가),kospi,20131030,23000,33700
852,테스나,kosdaq,20131022,13500,15300
853,파수닷컴,kosdaq,20131018,5800,6000
854,엘티씨,kosdaq,20131008,20500,25000
855,지엔씨에너지,kosdaq,20131002,6000,12000
856,아미코젠,kosdaq,20130912,25000,50000
857,금호N.T,kosdaq,20130802,3100,6200
858,파이오링크,kosdaq,20130801,10500,18500
859,KG이티에스,kosdaq,20130724,3800,4000
860,나스미디어,kosdaq,20130717,8800,15050
861,엑세스바이오,kosdaq,20130530,4500,9000
862,디에스알(유가),kospi,20130515,4000,5000
863,레고켐바이오사이언스,kosdaq,20130510,15500,19900
864,삼목강업,kosdaq,20130430,2600,3440
865,세호로보트,kosdaq,20130403,7800,14000
866,윈팩,kosdaq,20130307,4000,4050
867,코렌텍,kosdaq,20130305,16000,15950
868,제로투세븐,kosdaq,20130219,8300,13050
869,지디,kosdaq,20130213,18000,25150
870,아이원스,kosdaq,20130207,4500,5500
871,우리이앤엘,kosdaq,20130205,4900,4410
872,아이센스,kosdaq,20130130,19000,29200
873,포티스,kosdaq,20130129,3900,5700
874,씨에스엘쏠라,kosdaq,20121227,10000,12500
875,SBIAXES(구.AXES홀딩스),kosdaq,20121217,3600,3240
876,우리로광통신,kosdaq,20121127,10300,9270
877,디젠스,kosdaq,20121122,1800,2800
878,GMB코리아(유가),kospi,20121120,6000,5990
879,맥스로텍,kosdaq,20121116,7000,10650
880,와이엠씨,kosdaq,20121115,6000,7090
881,CJ헬로비전(유가),kospi,20121109,16000,15100
882,아바텍,kosdaq,20121106,6300,10500
883,코이즈,kosdaq,20120927,7500,9000
884,모다정보통신,kosdaq,20120925,7000,8900
885,나노스,kosdaq,20120802,7000,9280
886,에이제이렌터카(구.아주오토렌탈)(유가),kospi,20120727,7000,6460
887,우양에이치씨,kosdaq,20120726,5500,4950
888,엠씨넥스,kosdaq,20120725,15000,13500
889,네이블커뮤니케이션즈,kosdaq,20120719,9000,9920
890,디지탈옵틱,kosdaq,20120713,11500,10900
891,피엔티,kosdaq,20120706,17000,22300
892,사조씨푸드(유가),kospi,20120629,10600,10000
893,비아트론,kosdaq,20120504,15900,25500
894,에스비아이모기지,kosdaq,20120430,7000,6300
895,코오롱패션머티리얼(유가),kospi,20120405,14500,20000
896,빛샘전자,kosdaq,20120321,4400,8800
897,휴비스(유가),kospi,20120223,12200,12250
898,사람인에이치알,kosdaq,20120221,5000,10000
899,뉴로스,kosdaq,20120215,8500,13600
900,남화토건,kosdaq,20120131,3000,4000
901,케이탑리츠,kosdaq,20120131,5500,5550
902,동아팜텍,kosdaq,20120120,24000,35000
903,원익머트리얼즈,kosdaq,20111228,27000,40000
904,디엔에이링크,kosdaq,20111226,7700,15400
905,GS리테일(지에스리테일)(유가),kospi,20111223,19500,19500
906,나이스디앤비,kosdaq,20111222,1700,2450
907,시큐브,kosdaq,20111221,4900,4410
908,서암기계공업,kosdaq,20111219,3800,4000
909,인터지스(유가),kospi,20111216,10000,9000
910,씨유메디칼시스템,kosdaq,20111215,12000,16000
911,사파이어테크놀로지,kosdaq,20111205,65000,58500
912,넥스트리밍,kosdaq,20111202,6000,5400
913,티브이로직,kosdaq,20111201,12000,10850
914,에스에프씨,kosdaq,20111130,14000,12600
915,신진에스엠,kosdaq,20111128,15000,15000
916,이엠넷,kosdaq,20111125,6400,11400
917,와이지엔터테인먼트,kosdaq,20111123,34000,68000
918,쎄미시스코,kosdaq,20111118,9500,11100
919,아이테스트,kosdaq,20111111,2400,2690
920,테크윙,kosdaq,20111110,23000,30000
921,신흥기계,kosdaq,20111108,8500,16000
922,씨큐브,kosdaq,20111108,5750,7000
923,씨엔플러스,kosdaq,20111102,11500,15200
924,테라세미콘,kosdaq,20111101,13500,23800
925,케이맥,kosdaq,20111025,14500,24750
926,로보스타,kosdaq,20111017,5800,7800
927,넥솔론(유가),kospi,20111014,4000,6000
928,대한과학,kosdaq,20111011,3000,5010
929,피앤이솔루션,kosdaq,20110927,8000,8110
930,화진,kosdaq,20110810,4300,6330
931,제이씨케미칼,kosdaq,20110808,7200,10300
932,아이씨디,kosdaq,20110805,34000,62800
933,제닉,kosdaq,20110803,22000,35600
934,경봉,kosdaq,20110729,7100,10900
935,삼원강재(유가),kospi,20110722,4000,8000
936,상아프론테크,kosdaq,20110721,6000,7680
937,신세계인터내셔날(유가),kospi,20110714,65000,103000
938,나이벡,kosdaq,20110713,10000,15000
939,옵티시스,kosdaq,20110712,7600,11000
940,대양전기공업,kosdaq,20110708,9000,11200
941,한국항공우주산업(유가),kospi,20110630,15500,19300
942,하이마트(유가),kospi,20110629,59000,53100
943,탑금속,kosdaq,20110624,6500,8120
944,엠케이트렌드(유가),kospi,20110621,11000,15500
945,쓰리피시스템,kosdaq,20110617,5800,5800
946,코오롱플라스틱(유가),kospi,20110615,4300,6900
947,리켐,kosdaq,20110614,14000,18200
948,넥스트아이,kosdaq,20110614,10000,9000
949,완리인터내셔널홀딩스,kosdaq,20110613,4100,3850
950,KT스카이라이프(유가),kospi,20110603,17000,17500
951,엘티에스,kosdaq,20110602,34000,30600
952,세아특수강(유가),kospi,20110601,28000,32500
953,케이엠에이치,kosdaq,20110525,9500,8550
954,골프존,kosdaq,20110520,85000,94400
955,한국종합기술(유가),kospi,20110428,7100,9300
956,이퓨쳐,kosdaq,20110427,6400,12800
957,티케이케미칼,kosdaq,20110426,5000,4850
958,일진머티리얼즈(유가),kospi,20110304,15800,15300
959,부스타,kosdaq,20110223,4200,3780
960,현대위아(유가),kospi,20110221,65000,76500
961,나노신소재,kosdaq,20110209,17000,17550
962,케이아이엔엑스,kosdaq,20110208,8000,8000
963,티피씨,kosdaq,20110208,5200,7000
964,엘비세미콘,kosdaq,20110131,4700,4650
965,제이엔케이히터,kosdaq,20110131,13600,12250
966,딜리,kosdaq,20110131,8000,7600
967,블루콤,kosdaq,20110126,12000,18850
968,인트론바이오테크놀로지,kosdaq,20110126,6100,12200
969,중국고섬공고(유가),kospi,20110125,7000,6300
970,씨그널정보통신,kosdaq,20110124,8500,17000
971,다나와,kosdaq,20110124,14000,25800
972,인텍플러스,kosdaq,20110105,7000,14000
973,티에스이,kosdaq,20110105,45000,66600
974,KB게임(KB스팩),kosdaq,20110105,2500,2700
975,두산엔진(유가),kospi,20110104,19300,22350
976,액트,kosdaq,20101227,2700,2430
977,대구도시가스(유가),kospi,20101224,5400,5560
978,현대HCN(유가),kospi,20101223,3800,3420
979,IBKS스마트스팩,kosdaq,20101222,1000,990
980,대정화금,kosdaq,20101220,9200,13100
981,케이티스(구.한국인포서비스)(유가),kospi,20101217,2700,2920
982,한전산업개발(유가),kospi,20101216,5500,5490
983,동부티에스블랙펄스팩,kosdaq,20101208,2000,1970
984,하이제1호스팩,kosdaq,20101203,4000,4060
985,세우테크,kosdaq,20101201,5500,6500
986,코라오홀딩스(유가),kospi,20101130,4800,7300
987,대구방송,kosdaq,20101129,7500,7100
988,케이티롤,kosdaq,20101126,6800,8210
989,시그네틱스,kosdaq,20101126,2600,2700
990,한국전자인증,kosdaq,20101119,1600,1800
991,코프라,kosdaq,20101112,7000,14000
992,디케이락,kosdaq,20101112,7500,7480
993,하나그린스팩1호,kosdaq,20101110,4000,4210
994,아나패스,kosdaq,20101105,52000,54400
995,삼본정밀전자,kosdaq,20101105,8800,9300
996,케이엔엔,kosdaq,20101103,9000,8800
997,부국퓨쳐스타즈스팩,kosdaq,20101029,2000,2300
998,아이텍반도체,kosdaq,20101026,9100,9150
999,누리플랜,kosdaq,20101026,5500,8400
1000,인화정공,kosdaq,20101022,26000,30200
1001,코렌,kosdaq,20101022,5800,6300
1002,아이씨코리아,kosdaq,20101019,2800,4500
1003,키움제1호스팩,kosdaq,20101005,2000,2100
1004,휠라코리아(유가),kospi,20100928,35000,70000
1005,포메탈,kosdaq,20100917,6000,5710
1006,알파칩스,kosdaq,20100917,12000,15500
1007,케이티씨에스(구.한국인포데이타(유가),kospi,20100916,2600,3055
1008,성융광전투자,kosdaq,20100915,2800,2920
1009,다원시스,kosdaq,20100914,11000,11300
1010,현대홈쇼핑(유가),kospi,20100913,90000,124500
1011,이트레이드1호스팩,kosdaq,20100910,2000,2005
1012,씨젠,kosdaq,20100910,30500,27450
1013,와이솔,kosdaq,20100910,8000,7200
1014,에이치엠씨아이비1호스팩,kosdaq,20100831,2000,2120
1015,교보케이티비스팩,kosdaq,20100827,4000,3950
1016,에스비아이앤솔로몬드림스팩,kosdaq,20100824,1250,1235
1017,대신증권그로쓰알파,kosdaq,20100824,2000,1990
1018,한국투자신성장1호스팩,kosdaq,20100824,2200,2210
1019,도화종합기술공사(유가),kospi,20100812,22000,19800
1020,엠에스오토텍,kosdaq,20100806,5500,11000
1021,이글루시큐리티,kosdaq,20100804,14000,12600
1022,아이마켓코리아(유가),kospi,20100730,15300,22100
1023,인터로조,kosdaq,20100728,12000,10800
1024,하이텍팜,kosdaq,20100728,11500,16200
1025,우진(유가),kospi,20100726,15000,30000
1026,웨이포트(홍콩),kosdaq,20100723,1400,1395
1027,크루셜텍,kosdaq,20100721,23500,31900
1028,에스디시스템,kosdaq,20100716,14800,17500
1029,한화스팩1호,kosdaq,20100709,5000,4960
1030,신영증권스팩1호,kosdaq,20100702,1000,1065
1031,웅진에너지(유가),kospi,20100630,9500,12000
1032,유비벨록스,kosdaq,20100618,11000,12250
1033,처음앤씨,kosdaq,20100618,13000,12100
1034,케이엔디티앤아이,kosdaq,20100615,8500,11000
1035,히든챔피언제1호스팩,kosdaq,20100611,2000,1960
1036,이연제약(유가),kospi,20100610,16500,16500
1037,솔라시아,kosdaq,20100609,5000,9500
1038,실리콘웍스,kosdaq,20100608,67000,66900
1039,투비소프트,kosdaq,20100601,8000,16000
1040,인피니트헬스케어(구.인피니트테,kosdaq,20100526,5200,5940
1041,신한제1호스팩,kosdaq,20100525,5000,4500
1042,모바일리더,kosdaq,20100525,15000,21000
1043,만도(유가),kospi,20100519,83000,97000
1044,삼성생명(유가),kospi,20100512,110000,119500
1045,우리스팩1호(유가),kospi,20100511,10000,10500
1046,동아체육용품유한공사,kosdaq,20100423,5000,4500
1047,뉴프라이드,kosdaq,20100421,7500,15000
1048,케이씨에스,kosdaq,20100414,1600,3200
1049,차이나킹하이웨이,kosdaq,20100331,3700,4100
1050,디지탈아리아,kosdaq,20100326,11000,22000
1051,동양밸류오션SPAC(유가),kospi,20100325,10000,15000
1052,현대드림투게더,kosdaq,20100319,6000,6800
1053,대한생명보험(유가),kospi,20100317,8200,8700
1054,미래에셋스팩1호,kosdaq,20100312,1500,1540
1055,대우증권그린코리아SPAC(유가),kospi,20100303,3500,3705
1056,이미지스테크놀로지,kosdaq,20100226,6000,6000
1057,하이소닉,kosdaq,20100209,13000,14200
1058,인포바인,kosdaq,20100209,33000,36000
1059,차이나하오란리사이클링,kosdaq,20100205,4700,4350
1060,에스이티아이,kosdaq,20100204,17500,15750
1061,모베이스,kosdaq,20100204,13200,17000
1062,에이치디시에스,kosdaq,20100202,15000,18500
1063,지역난방공사(유가),kospi,20100129,45000,90000
1064,락앤락(유가),kospi,20100128,15700,20000
1065,우리넷,kosdaq,20100127,6700,9900
1066,스타플렉스,kosdaq,20100127,15000,15700
1067,아세아텍,kosdaq,20100126,4100,3985
1068,영흥철강(유가),kospi,20100125,12000,12400
1069,우노앤컴퍼니,kosdaq,20100115,6500,5850
1070,승화엘엠씨,kosdaq,20100106,6700,8800
1071,코디에스,kosdaq,20100105,6000,9300
1072,글로벌에스엠테크리미티드,kosdaq,20091223,3200,3710
1073,KPX라이프사이언스,kosdaq,20091222,6200,7600
1074,동양피엔에프,kosdaq,20091222,12000,17000
1075,아이티엑스시큐리티,kosdaq,20091222,6000,7400
1076,위메이드엔터테인먼트,kosdaq,20091218,62000,57000
1077,멜파스,kosdaq,20091218,43200,45000
1078,현대푸드시스템(유가),kospi,20091217,11600,18000
1079,한전기술(유가),kospi,20091214,21600,27000
1080,디오텍,kosdaq,20091210,9000,11000
1081,중국엔진집단유한공사,kosdaq,20091204,6000,8500
1082,이원컴포텍,kosdaq,20091201,2000,4000
1083,강원비앤이,kosdaq,20091120,4700,5000
1084,GKL(유가),kospi,20091119,12000,15000
1085,이너스텍,kosdaq,20091113,10000,11500
1086,에스케이씨앤씨(유가),kospi,20091111,30000,32250
1087,동방선기,kosdaq,20091110,4000,4055
1088,디엠씨,kosdaq,20091106,6300,5670
1089,진매트릭스,kosdaq,20091106,8000,8100
1090,비츠로셀,kosdaq,20091028,5500,5870
1091,스틸플라워,kosdaq,20091027,13500,14050
1092,진로(유가),kospi,20091019,41000,40100
1093,한스바이오메드,kosdaq,20091009,5500,7150
1094,동양생명(유가),kospi,20091008,17000,15700
1095,네오위즈벅스,kosdaq,20091006,9000,8100
1096,아이앤씨테크놀로지,kosdaq,20091006,16000,16000
1097,케이엔더블유,kosdaq,20090929,11000,16000
1098,쌍용머티리얼(유가),kospi,20090929,17500,15750
1099,에리트베이직(유가),kospi,20090928,4000,5490
1100,모린스,kosdaq,20090925,39000,36100
1101,디에스케이,kosdaq,20090923,5000,10000
1102,톱텍,kosdaq,20090915,10400,13350
1103,제넥신,kosdaq,20090915,27000,30500
1104,동국S&C,kosdaq,20090831,11000,9900
1105,에스앤더블류,kosdaq,20090805,6700,10000
1106,게임빌,kosdaq,20090730,15000,19800
1107,동일금속,kosdaq,20090728,8000,10000
1108,대우캐피탈(유가),kospi,20090625,8000,7900
1109,한미파슨스건축사사무소(유가),kospi,20090623,14500,19150
1110,동아지질(유가),kospi,20090612,14500,16000
1111,어보브반도체,kosdaq,20090605,3300,5200
1112,조이맥스,kosdaq,20090603,55000,110000
1113,차이나그레이트스타인터내셔널리,kosdaq,20090529,1700,3400
1114,이엔에프테크놀로지,kosdaq,20090528,5500,11000
1115,뉴그리드테크놀로지,kosdaq,20090526,3500,7000
1116,중국원양자원유한공사(유가),kospi,20090522,3100,6200
1117,해덕선기,kosdaq,20090521,8500,17000
1118,한국정밀기계,kosdaq,20090519,22000,44000
1119,서울마린,kosdaq,20090519,10000,20000
1120,STX엔파코(유가),kospi,20090515,13000,26000
1121,흥국,kosdaq,20090512,4200,8400
1122,신텍,kosdaq,20090430,12500,25000
1123,우림기계,kosdaq,20090428,10000,16000
1124,네프로아이티,kosdaq,20090424,4500,9000
1125,티플랙스,kosdaq,20090423,3000,6000
1126,에이테크솔루션,kosdaq,20090417,5400,10800
1127,엔에스브이,kosdaq,20090417,4300,8600
1128,에스티오,kosdaq,20090417,5000,10000
1129,에스앤에스텍,kosdaq,20090414,4000,8000
1130,뷰웍스,kosdaq,20090410,9000,18000
1131,코오롱생명과학,kosdaq,20090407,23500,47000
1132,네오피델리티,kosdaq,20090331,4500,9000
1133,중국식품포장유한공사,kosdaq,20090327,1500,2260
1134,이수앱지스,kosdaq,20090203,5500,8000
1135,유비쿼스,kosdaq,20090123,6100,7000
1136,대성파인텍,kosdaq,20090123,3500,4495
1137,메디톡스,kosdaq,20090116,14000,13500
1138,엠게임,kosdaq,20081219,10000,15000
1139,아이컴포넌트,kosdaq,20081216,3500,4235
1140,연합과기공고유한공사(유가),kospi,20081204,2200,2600
1141,LG파워콤(유가),kospi,20081127,5700,7000
1142,에너지솔루션즈,kosdaq,20081125,3000,4210
1143,이크레더블,kosdaq,20081024,18000,16200
1144,심팩에이앤씨,kosdaq,20081017,12000,10800
1145,사이버다임,kosdaq,20081006,3100,4015
1146,세운메디칼,kosdaq,20080930,5600,9800
1147,마이크로컨텍솔루션,kosdaq,20080923,2000,3500
1148,케이제이프리텍,kosdaq,20080918,3000,2800
1149,삼강엠앤티,kosdaq,20080801,6500,8100
1150,LG이노텍(유가),kospi,20080724,40500,43000
1151,아이엠,kosdaq,20080723,5000,5437
1152,한텍엔지니어링,kosdaq,20080718,8500,7900
1153,코리아에스이,kosdaq,20080715,5500,6100
1154,슈프리마,kosdaq,20080711,27100,24400
1155,명문제약(유가),kospi,20080710,6000,5400
1156,이스트소프트,kosdaq,20080701,9800,16000
1157,서울옥션,kosdaq,20080701,11000,9900
1158,비유와상징(유가),kospi,20080630,33000,29700
1159,씨디아이홀딩스,kosdaq,20080627,33000,35100
1160,윌덱스,kosdaq,20080619,10000,9000
1161,쎄트렉아이,kosdaq,20080613,43000,48000
1162,브리지텍,kosdaq,20080604,3100,3200
1163,고영테크놀러지,kosdaq,20080603,11500,10350
1164,제이씨엔터테인먼트,kosdaq,20080530,10500,10500
1165,세미텍,kosdaq,20080523,5000,5710
1166,테스,kosdaq,20080520,34000,38500
1167,우진비앤지,kosdaq,20080520,4000,7700
1168,예스이십사,kosdaq,20080507,6300,10000
1169,엘디티,kosdaq,20080502,3800,7250
1170,실리콘화일,kosdaq,20080425,6000,6100
1171,메타바이오메드,kosdaq,20080415,9000,12500
1172,효성오앤비,kosdaq,20080408,7500,9950
1173,네패스신소재,kosdaq,20080404,4400,7650
1174,제너시스템즈,kosdaq,20080326,3500,4700
1175,텔레필드,kosdaq,20080201,5000,5000
1176,넥실리온,kosdaq,20080130,3500,4200
1177,코웰이홀딩스,kosdaq,20080129,2000,1900
1178,네오엠텔,kosdaq,20080125,8500,10000
1179,마이스코,kosdaq,20080125,18000,18000
1180,엔케이(유가),kospi,20080124,10000,9000
1181,에스맥,kosdaq,20080123,3500,3410
1182,일신랩,kosdaq,20071226,4500,6000
1183,쎄믹스,kosdaq,20071226,3300,3900
1184,미성포리테크,kosdaq,20071220,6300,5900
1185,서원인텍,kosdaq,20071220,6000,5500
1186,이씨에스텔레콤,kosdaq,20071218,2500,3200
1187,대창메탈,kosdaq,20071217,6500,8500
1188,한전KPS(유가),kospi,20071214,13300,17100
1189,위즈위드,kosdaq,20071205,5200,5650
1190,성진지오텍(유가),kospi,20071129,14000,13400
1191,화풍방직(유가),kospi,20071126,5600,6300
1192,세실,kosdaq,20071120,11000,9900
1193,알에프세미,kosdaq,20071120,4800,4600
1194,디엔에프(유가),kospi,20071116,12000,10800
1195,씨모텍,kosdaq,20071114,23000,25000
1196,제이에스전선(유가),kospi,20071112,24000,48000
1197,일진정공,kosdaq,20071106,5200,10400
1198,비엠티,kosdaq,20071102,8000,7200
1199,쉘라인(유가),kospi,20071101,17400,15700
1200,기신정기(유가),kospi,20071030,10000,14800
1201,이엠코리아,kosdaq,20071029,8500,9390
1202,이엘케이,kosdaq,20071029,10000,9000
1203,KSS해운(유가),kospi,20071026,65000,130000
1204,효성ITX(유가),kospi,20071025,5000,10000
1205,현우산업,kosdaq,20071024,6800,6500
1206,다믈멀티미디어,kosdaq,20071019,4500,5300
1207,디아이씨(유가),kospi,20071018,63000,61000
1208,에스에너지,kosdaq,20071016,19000,38000
1209,성우전자,kosdaq,20071012,11000,9900
1210,제이엠텔레콤,kosdaq,20071012,5700,5700
1211,엘지에스,kosdaq,20071012,11000,9900
1212,오디텍,kosdaq,20071008,10000,9320
1213,미래나노텍,kosdaq,20071001,37000,38000
1214,상보,kosdaq,20071001,15000,16500
1215,아이에스시테크놀러지,kosdaq,20071001,21000,18900
1216,네오티스,kosdaq,20071001,11500,11500
1217,바이오톡스텍,kosdaq,20070921,5500,7900
1218,에스티엑스팬오션(유가),kospi,20070921,1720,1775
1219,옴니시스템,kosdaq,20070919,6500,7160
1220,연이정보통신,kosdaq,20070919,4000,3670
1221,푸른기술,kosdaq,20070914,12500,12500
1222,웨이브일렉트로닉스,kosdaq,20070912,10000,10100
1223,넥스지,kosdaq,20070820,9600,12000
1224,빅솔론,kosdaq,20070820,10000,12000
1225,3노드디지탈,kosdaq,20070817,2500,3000
1226,에스엔케이폴리텍,kosdaq,20070730,8900,12500
1227,아구스,kosdaq,20070727,14500,19850
1228,아로마소프트,kosdaq,20070725,8200,12900
1229,에코프로,kosdaq,20070720,9000,16000
1230,바로비젼,kosdaq,20070720,8900,12000
1231,메모리앤테스팅,kosdaq,20070718,8000,15900
1232,컴투스,kosdaq,20070706,12000,24000
1233,디지텍시스템스,kosdaq,20070704,21000,37500
1234,삼성카드(유가),kospi,20070627,48000,62200
1235,엔텔스,kosdaq,20070620,10000,20000
1236,풍강,kosdaq,20070601,3700,7300
1237,케이프,kosdaq,20070529,18000,36000
1238,동국제약,kosdaq,20070529,14000,28000
1239,상신이디피,kosdaq,20070523,7000,14000
1240,잘만테크,kosdaq,20070522,14000,24000
1241,한라레벨,kosdaq,20070522,8600,17200
1242,에버테크노,kosdaq,20070522,5200,8000
1243,에프알텍,kosdaq,20070518,3300,6000
1244,이엠텍,kosdaq,20070502,7100,11000
1245,이트레이드증권,kosdaq,20070221,6500,13000
1246,오스템임플란트,kosdaq,20070207,15000,16400
1247,나노캠텍,kosdaq,20070130,7000,13000
1248,네오팜,kosdaq,20070130,8000,12100
1249,비에이치,kosdaq,20070126,4600,4805
1250,젯텍,kosdaq,20070110,7000,8500
1251,동아엘텍,kosdaq,20070103,6000,7020
1252,신양엔지니어링,kosdaq,20061227,9100,9400
1253,아비스타(유가),kospi,20061226,11100,13200
1254,디앤티,kosdaq,20061222,6200,9100
1255,펜타마이크로,kosdaq,20061219,10200,14000
1256,휴온스,kosdaq,20061219,9300,17100
1257,한국컴퓨터,kosdaq,20061213,23500,37000
1258,파트론,kosdaq,20061213,8300,10150
1259,유니테스트,kosdaq,20061205,22000,28000
1260,다사테크,kosdaq,20061205,12000,24000
1261,에스에이티,kosdaq,20061128,5200,10400
1262,큐에스아이,kosdaq,20061124,6800,13600
1263,크레듀,kosdaq,20061116,24000,48000
1264,주연테크(유가),kospi,20061115,6400,10200
1265,화신테크,kosdaq,20061110,2700,5400
1266,고려반도체시스템,kosdaq,20061108,5500,8000
1267,인천도시가스(유가),kospi,20061107,19000,34000
1268,성창에어텍,kosdaq,20061103,3400,6000
1269,넥스턴,kosdaq,20061101,4100,4600
1270,제이티,kosdaq,20061027,2700,4000
1271,이녹스,kosdaq,20061020,6500,9630
1272,광진윈텍,kosdaq,20061020,2600,5200
1273,삼정펄프(유가),kospi,20061017,29000,55400
1274,용현비엠,kosdaq,20061010,9000,13000
1275,바텍,kosdaq,20060928,6700,8920
1276,엠디에스테크놀로지,kosdaq,20060926,13000,17500
1277,현대EP(유가),kospi,20060925,18500,37000
1278,평산,kosdaq,20060822,15500,24400
1279,엘씨텍,kosdaq,20060808,1500,3000
1280,지오텔,kosdaq,20060801,9800,9250
1281,트라이콤,kosdaq,20060725,4800,4320
1282,젠트로,kosdaq,20060725,2200,2400
1283,티엘아이,kosdaq,20060725,11400,11000
1284,엑스씨이,kosdaq,20060721,7500,6900
1285,한국전자금융,kosdaq,20060714,20500,32950
1286,미디어플렉스,kosdaq,20060707,24000,37500
1287,팬엔터테인먼트,kosdaq,20060707,7000,9900
1288,맥스엔지니어링,kosdaq,20060704,2900,4285
1289,사이버패스,kosdaq,20060704,5200,4860
1290,인포뱅크,kosdaq,20060704,4600,4610
1291,켐트로닉스,kosdaq,20060117,9500,9800
1292,오스코텍,kosdaq,20060117,9000,13000
