기업명,매출액(백만원),순이익(백만원),구주매출,희망공모가(최저),희망공모가(최고),청약경쟁률(:1),확정공모가(원),경쟁률(:1),의무보유확약(:1),시초/공모%(수익률),공모가(원),시초가(원),상장일
에이치피에스피,"61,174","17,658",1,"  23,000 ~ 25,000 ","  23,000 ~ 25,000 ",1159.05,"25,000",1511.36,42.54,100,25000,50000,20220715
영창케미칼,"60,760","2,506",0.83,"  15,000 ~ 18,600 ","  15,000 ~ 18,600 ",682.13,"18,600",1616.27,5.92,-1.08,18600,18400,20220714
넥스트칩,"10,383","-13,496",1,"  9,900 ~ 11,600 ","  9,900 ~ 11,600 ",1727.38,"13,000",1623.41,11.58,31.92,13000,17150,20220701
위니아에이드,"418,527","24,895",1,"  14,200 ~ 16,200 ","  14,200 ~ 16,200 ",111.26,"16,200",955,1.39,-9.88,16200,14600,20220623
레이저쎌,"3,879","-7,665",1,"  12,000 ~ 14,000 ","  12,000 ~ 14,000 ",1845.11,"16,000",1442.95,12.43,28.75,16000,20600,20220624
범한퓨얼셀,"31,900","3,457",1,"  32,200 ~ 40,000 ","  32,200 ~ 40,000 ",710.37,"40,000",751.39,10.75,2.5,40000,41000,20220617
비플라이소프트,"24,386","-3,424",0.9,"  16,500 ~ 19,000 ","  16,500 ~ 19,000 ",26.86,"10,000",111.05,0.76,5,10000,10500,20220620
청담글로벌,"70,387",849,0.92,"  8,400 ~ 9,600 ","  8,400 ~ 9,600 ",42.1,"6,000",24.79,16.47,8.33,6000,6500,20220603
가온칩스,"17,098","1,852",1,"  11,000 ~ 13,000 ","  11,000 ~ 13,000 ",2183.29,"14,000",1847.12,14.7,72.5,14000,24150,20220520
대명에너지,"159,386","8,132",0.8,"  15,000 ~ 18,000 ","  15,000 ~ 18,000 ",151.58,"15,000",254.74,1.18,3,15000,15450,20220516
포바이포,"13,993","1,354",0.89,"  11,000 ~ 14,000 ","  11,000 ~ 14,000 ",3763.37,"17,000",1846.32,55.52,100,17000,34000,20220428
지투파워,"29,135","2,162",0.83,"  13,500 ~ 16,400 ","  13,500 ~ 16,400 ",2029.37,"16,400",1729.63,11.16,100,16400,32800,20220401
세아메카닉스,"82,695","4,254",0.67,"  3,500 ~ 4,000 ","  3,500 ~ 4,000 ",2475.87,"4,400",1812.83,6.73,100,4400,8800,20220324
공구우먼,"32,683","4,346",1,"  26,000 ~ 31,000 ","  26,000 ~ 31,000 ",7.53,"20,000",56.9,2.65,8,20000,21600,20220323
유일로보틱스,"27,952","2,505",1,"  7,600 ~ 9,200 ","  7,600 ~ 9,200 ",2535.3,"10,000",1756.45,15.92,100,10000,20000,20220318
모아데이타,"13,785","2,093",1,"  24,000 ~ 28,000 ","  24,000 ~ 28,000 ",23.39,"20,000",114.19,0.87,-10,20000,18000,20220310
비씨엔씨,"47,343","2,011",1,"  9,000 ~ 11,500 ","  9,000 ~ 11,500 ",2686.22,"13,000",1831.23,22.84,100,13000,26000,20220303
브이씨,"35,364","4,513",1,"  15,000 ~ 19,500 ","  15,000 ~ 19,500 ",46.41,"15,000",190.59,19.93,16,15000,17400,20220224
풍정밀,"37,117",592,1,"  13,200 ~ 15,200 ","  13,200 ~ 15,200 ",2235.98,"15,200",1556.53,11,32.89,15200,20200,20220228
퓨런티어,"15,082","-2,180",1,"  11,400 ~ 13,700 ","  11,400 ~ 13,700 ",2683,"15,000",1535.42,11.08,100,15000,30000,20220223
바이오에프디엔씨,"8,640","2,461",1,"  23,000 ~ 29,000 ","  23,000 ~ 29,000 ",4.74,"28,000",74.01,11.8,-10,28000,25200,20220221
인카금융서비스,"301,025","11,288",0.68,"  23,000 ~ 27,000 ","  23,000 ~ 27,000 ",25.29,"18,000",13.69,4.19,-4.17,18000,17250,20220216
나래나노텍,"82,805","2,273",0.77,"  17,500 ~ 20,500 ","  17,500 ~ 20,500 ",24.36,"17,500",102,0.97,-10,17500,15750,20220208
아셈스,"34,049","1,052",1,"  7,000 ~ 8,000 ","  7,000 ~ 8,000 ",2435.07,"8,000",1618.26,7.71,100,8000,16000,20220207
스코넥,"4,558","-8,971",1,"  9,000 ~ 12,000 ","  9,000 ~ 12,000 ",1751.25,"13,000",1724.66,59.95,100,13000,26000,20220204
이지트로닉스,"15,349","3,552",1,"  19,000 ~ 22,000 ","  19,000 ~ 22,000 ",887.4,"22,000",1343.51,2.94,6.59,22000,23450,20220204
케이옥션,"24,192","-2,088",0.8,"  17,000 ~ 20,000 ","  17,000 ~ 20,000 ",1408.33,"20,000",1638.36,36.8,100,20000,40000,20220124
오토앤,"49,437","3,444",1,"  4,200 ~ 4,800 ","  4,200 ~ 4,800 ",2395.63,"5,300",1713,8.34,66.04,5300,8800,20220120
래몽래인,"34,650","3,153",1,"  11,500 ~ 13,000 ","  11,500 ~ 13,000 ",2054.63,"15,000",1545.68,17.75,73.33,15000,26000,20211230
케이티비네트워크,"66,974","35,765",1,"  5,800 ~ 7,200 ","  5,800 ~ 7,200 ",327.26,"5,800",50.19,6.94,3.97,5800,6030,20211216
툴젠,713,"-14,882",1,"  100,000 ~ 120,000 ","  100,000 ~ 120,000 ",164.13,"70,000",29.54,0.1,17.57,70000,82300,20211210
마인즈랩,"11,292","-20,386",1,"  26,000 ~ 30,000 ","  26,000 ~ 30,000 ",89.9,"30,000",197.55,19.74,-1.17,30000,29650,20211123
알비더블유,"37,277","3,719",0.62,"  18,700 ~ 21,400 ","  18,700 ~ 21,400 ",3706.79,"21,400",1719.61,15.98,100,21400,42800,20211122
바이옵트로,"16,115","2,235",1,"  7,500 ~ 8,500 ","  7,500 ~ 8,500 ",68.11,"7,500",205.12,0.98,-2.67,7500,7300,20211118
트윔,"18,260","2,916",1,"  17,800 ~ 20,400 ","  17,800 ~ 20,400 ",2266.84,"22,000",1627.34,9.2,100,22000,44000,20211117
지오엘리먼트,"13,180","2,457",1,"  7,600 ~ 8,700 ","  7,600 ~ 8,700 ",1537.44,"10,000",1613.84,15.23,100,10000,20000,20211111
비트나인,"11,576","-10,226",1,"  8,700 ~ 9,700 ","  8,700 ~ 9,700 ",589.64,"11,000",1662.29,5.96,38.64,11000,15250,20211110
디어유,"13,048","-2,250",1,"  18,000 ~ 24,000 ","  18,000 ~ 24,000 ",1598.15,"26,000",2001.11,37.46,100,26000,52000,20211110
아이티아이즈,"51,314","3,015",0.93,"  12,500 ~ 14,300 ","  12,500 ~ 14,300 ",633.61,"14,300",1601.14,9.11,100,14300,28600,20211111
지니너스,"3,794","-9,152",1,"  24,700 ~ 32,200 ","  24,700 ~ 32,200 ",162.5,"20,000",66.03,0.1,-10,20000,18000,20211108
피코그램,"24,273","1,957",1,"  11,000 ~ 12,500 ","  11,000 ~ 12,500 ",1520.35,"12,500",1472.19,12.96,100,12500,25000,20211103
엔켐,"138,888",501,1,"  30,000 ~ 35,000 ","  30,000 ~ 35,000 ",1275.69,"42,000",1647.4,64.45,94.29,42000,81600,20211101
리파인,"54,164","16,067",1,"  21,000 ~ 24,000 ","  21,000 ~ 24,000 ",5.95,"21,000",64.19,3.22,-10,21000,18900,20211029
지앤비에스엔지니어링,"42,392","4,554",1,"  14,300 ~ 17,400 ","  14,300 ~ 17,400 ",1479.87,"17,400",1134.34,4.37,37.93,17400,24000,20211029
차백신연구소,78,"-6,240",1,"  11,000 ~ 15,000 ","  11,000 ~ 15,000 ",42.16,"11,000",206.23,1.93,6.36,11000,11700,20211022
지아이텍,"17,189","4,165",0.74,"  11,500 ~ 13,100 ","  11,500 ~ 13,100 ",2968.35,"14,000",2068.17,25.28,100,14000,28000,20211021
씨유테크,"221,698","10,598",0.66,"  5,100 ~ 5,600 ","  5,100 ~ 5,600 ",1408.69,"6,000",1565.03,22.76,100,6000,12000,20211008
아스플로,"44,784","6,964",1,"  19,000 ~ 22,000 ","  19,000 ~ 22,000 ",2818.08,"25,000",2142.7,12.1,44,25000,36000,20211007
준,"64,030","4,412",1,"  52,000 ~ 60,000 ","  52,000 ~ 60,000 ",1623.28,"65,000",1464.1,44.3,56.92,65000,102000,20211007
실리콘투,"99,398","5,716",0.94,"  23,800 ~ 27,200 ","  23,800 ~ 27,200 ",1701,"27,200",1437.63,8.37,41.54,27200,38500,20210929
프롬바이오,"108,045","-7,813",0.81,"  21,500 ~ 24,500 ","  21,500 ~ 24,500 ",48.24,"18,000",85.71,1.45,6.94,18000,19250,20210928
바이오플러스,"24,367","9,703",1,"  28,500 ~ 31,500 ","  28,500 ~ 31,500 ",1206.63,"31,500",1220.2,7.8,25.4,31500,39500,20210927
에스앤디,"56,537","7,359",1,"  30,000 ~ 32,000 ","  30,000 ~ 32,000 ",4.2,"28,000",173.11,0.01,-10,28000,25200,20210929
와이엠텍,"17,037","3,866",1,"  21,000 ~ 25,000 ","  21,000 ~ 25,000 ",2939.57,"28,000",1696.19,31.59,100,28000,56000,20210910
에이비온,"1,994","-10,476",1,"  14,500 ~ 17,000 ","  14,500 ~ 17,000 ",30.66,"17,000",139.36,4.3,-1.18,17000,16800,20210908
브레인즈컴퍼니,"14,829","3,734",0.67,"  20,000 ~ 22,500 ","  20,000 ~ 22,500 ",1190.39,"25,000",1428.8,8.92,100,25000,50000,20210819
딥노이드,235,"-8,606",1,"  31,500 ~ 42,000 ","  31,500 ~ 42,000 ",834.86,"42,000",1179.07,7.29,71.43,42000,72000,20210817
플래티어,"39,376","2,685",1,"  8,500 ~ 10,000 ","  8,500 ~ 10,000 ",2498.8,"11,000",1631,18.29,100,11000,22000,20210812
엠로,"40,302","3,389",1,"  20,100 ~ 22,600 ","  20,100 ~ 22,600 ",250,"22,600",685.6,6.97,44.69,22600,32700,20210813
티드랩,"14,648","-9,174",0.72,"  28,000 ~ 35,000 ","  28,000 ~ 35,000 ",1731.23,"35,000",1503.91,10.98,100,35000,70000,20210811
에이치케이이노엔,"515,289","67,061",0.54,"  50,000 ~ 59,000 ","  50,000 ~ 59,000 ",388.9,"59,000",1871.36,13.49,15.42,59000,68100,20210809
에브리봇,"49,165",-902,0.75,"  32,600 ~ 36,700 ","  32,600 ~ 36,700 ",159.42,"36,700",576.74,0.67,-9.95,36700,33050,20210728
맥스트,"1,983","-8,921",1,"  11,000 ~ 13,000 ","  11,000 ~ 13,000 ",6762.75,"15,000",1587.01,39.13,100,15000,30000,20210727
오비고,"10,229","-5,332",1,"  12,400 ~ 14,300 ","  12,400 ~ 14,300 ",1485.15,"14,300",1123.74,7.68,34.27,14300,19200,20210713
아모센스,"62,028","-1,196",0.8,"  12,400 ~ 15,200 ","  12,400 ~ 15,200 ",26.55,"12,400",116.79,2.57,-1.21,12400,12250,20210625
이노뎁,"60,760","1,653",1,"  14,000 ~ 18,000 ","  14,000 ~ 18,000 ",692.12,"18,000",1573.93,6.05,23.33,18000,22200,20210618
라온테크,"12,632","-1,432",1,"  12,800 ~ 15,800 ","  12,800 ~ 15,800 ",779.1,"18,000",1526.2,8.9,12.5,18000,20250,20210617
엘비루셈,"209,770","17,105",0.67,"  12,000 ~ 14,000 ","  12,000 ~ 14,000 ",824.51,"14,000",1419.23,4.48,28.57,14000,18000,20210611
에이디엠코리아,"10,206",653,1,"  2,900 ~ 3,300 ","  2,900 ~ 3,300 ",2345.4,"3,800",1515.98,12.35,100,3800,7600,20210603
제주맥주,"7,317","-13,955",1,"  2,600 ~ 2,900 ","  2,600 ~ 2,900 ",1747.82,"3,200",1356.43,5.47,49.38,3200,4780,20210526
삼영에스앤씨,"14,489",633,1,"  7,800 ~ 10,000 ","  7,800 ~ 10,000 ",2392.84,"11,000",1762.39,15.27,100,11000,22000,20210521
진시스템,"1,135","-4,041",1,"  16,000 ~ 20,000 ","  16,000 ~ 20,000 ",354.58,"20,000",934.07,1.5,-4.5,20000,19100,20210526
샘씨엔에스,"20,985",556,0.83,"  5,000 ~ 5,700 ","  5,000 ~ 5,700 ",1104.29,"6,500",1537.67,26.07,-1.54,6500,6400,20210520
씨앤씨인터내셔널,"81,598","6,637",0.6,"  35,000 ~ 47,500 ","  35,000 ~ 47,500 ",898,"47,500",1029.14,5.28,-0.53,47500,47250,20210517
에이치피오,"58,604","8,761",0.75,"  22,200 ~ 25,400 ","  22,200 ~ 25,400 ",95.01,"22,200",252.13,4.12,-9.91,22200,20000,20210514
쿠콘,"39,526","8,382",0.8,"  31,000 ~ 40,000 ","  31,000 ~ 40,000 ",1596.32,"45,000",1594.61,30.9,77.78,45000,80000,20210428
해성티피씨,"15,327","-1,518",1,"  9,500 ~ 11,500 ","  9,500 ~ 11,500 ",2053.27,"13,000",1508.95,16.05,100,13000,26000,20210421
이삭엔지니어링,"32,759","2,679",1,"  9,500 ~ 11,500 ","  9,500 ~ 11,500 ",2262.09,"11,500",1427.15,20.73,100,11500,23000,20210421
엔시스,"31,884","1,912",0.71,"  13,000 ~ 16,500 ","  13,000 ~ 16,500 ",2573.6,"19,000",1467.73,21.73,100,19000,38000,20210401
자이언트스텝,"12,839","-4,430",1,"  9,000 ~ 11,000 ","  9,000 ~ 11,000 ",2342,"11,000",1691.65,24.42,100,11000,22000,20210324
제노코,"32,927","2,198",1,"  27,000 ~ 33,000 ","  27,000 ~ 33,000 ",2095.45,"36,000",1452.49,22.15,80.56,36000,65000,20210324
라이프시맨틱스,"1,162","-3,963",1,"  9,000 ~ 12,500 ","  9,000 ~ 12,500 ",1774.57,"12,500",1402.17,3.78,100,12500,25000,20210323
바이오다인,"4,089","-2,026",1,"  22,500 ~ 28,700 ","  22,500 ~ 28,700 ",48.36,"30,000",1364.85,8.8,33.33,30000,40000,20210317
싸이버,"22,372","1,903",0.44,"  7,600 ~ 8,300 ","  7,600 ~ 8,300 ",1880.43,"9,500",1303.1,9.7,89.47,9500,18000,20210311
프레스티지바이오로직스,185,"-22,057",1,"  8,700 ~ 12,400 ","  8,700 ~ 12,400 ",126.06,"12,400",369.91,6.5,-2.42,12400,12100,20210311
나노씨엠에스,"3,978","-1,691",1,"  14,500 ~ 18,500 ","  14,500 ~ 18,500 ",1243.48,"20,000",1295.75,6.65,65,20000,33000,20210309
뷰노,162,"-5,913",1,"  15,000 ~ 19,500 ","  15,000 ~ 19,500 ",1102.7,"21,000",1457.21,23.8,56.67,21000,32900,20210226
씨이랩,"7,089",62,1,"  23,000 ~ 31,000 ","  23,000 ~ 31,000 ",195.53,"35,000",1371.37,12.97,33.14,35000,46600,20210224
오로스테크놀로지,"26,901","7,570",1,"  17,000 ~ 21,000 ","  17,000 ~ 21,000 ",1033.82,"21,000",1260,37.12,100,21000,42000,20210224
유일에너테크,"47,015","8,164",0.71,"  11,000 ~ 14,000 ","  11,000 ~ 14,000 ",683.55,"16,000",1427.69,61.06,100,16000,32000,20210225
피엔에이치테크,"7,127","-7,627",0.73,"  14,000 ~ 17,000 ","  14,000 ~ 17,000 ",1528.76,"18,000",1454.47,9.58,13.89,18000,20500,20210216
아이퀘스트,"13,153","3,650",1,"  9,200 ~ 10,600 ","  9,200 ~ 10,600 ",2853.34,"11,000",1504.02,18.7,100,11000,22000,20210205
와이더플래닛,"34,760","-1,452",1,"  12,000 ~ 15,000 ","  12,000 ~ 15,000 ",1357.98,"16,000",1449.22,9.59,55.63,16000,24900,20210203
레인보우로보틱스,"1,694","-5,497",1,"  7,000 ~ 9,000 ","  7,000 ~ 9,000 ",1201.26,"10,000",1489.9,19.9,100,10000,20000,20210203
모비릭스,"40,340","6,189",1,"  10,500 ~ 14,000 ","  10,500 ~ 14,000 ",1485.51,"14,000",1407.53,5.73,100,14000,28000,20210128
핑거,"60,015","3,174",0.77,"  13,000 ~ 15,000 ","  13,000 ~ 15,000 ",939.39,"16,000",1453.12,12.64,100,16000,32000,20210129
씨앤투스성진,"47,481",-430,1,"  26,000 ~ 32,000 ","  26,000 ~ 32,000 ",674.04,"32,000",1010.02,1.7,-0.94,32000,31700,20210128
선진뷰티사이언스,"47,403","4,333",0.67,"  10,100 ~ 11,500 ","  10,100 ~ 11,500 ",1987.74,"11,500",1431,17.83,100,11500,23000,20210127
엔비티,"45,058",744,1,"  13,200 ~ 17,600 ","  13,200 ~ 17,600 ",4397.67,"19,000",1425.3,10.7,100,19000,38000,20210121
석경에이티,"6,403","1,111",1,"  8,000 ~ 10,000 ","  8,000 ~ 10,000 ",1751.58,"10,000",1390.29,6.68,100,10000,20000,20201223
프리시젼바이오,"2,409",-706,1,"  10,500 ~ 12,500 ","  10,500 ~ 12,500 ",1557.29,"12,500",1231.23,1.62,100,12500,25000,20201222
지놈앤컴퍼니,46,"-84,669",0.9,"  36,000 ~ 40,000 ","  36,000 ~ 40,000 ",1175.1,"40,000",1163.49,9.08,100,40000,80000,20201223
알체라,"3,291","-11,416",1,"  8,000 ~ 10,000 ","  8,000 ~ 10,000 ",1322.58,"10,000",1315.61,3.88,100,10000,20000,20201221
에프앤가이드,"21,083","3,479",0.61,"  5,200 ~ 6,500 ","  5,200 ~ 6,500 ",1353.9,"7,000",1327.98,7.6,100,7000,14000,20201217
티엘비,"149,136","9,473",0.89,"  33,200 ~ 38,000 ","  33,200 ~ 38,000 ",1551.19,"38,000",1318.82,6.1,99.74,38000,75900,20201214
인바이오,"33,736","1,020",1,"  5,100 ~ 5,800 ","  5,100 ~ 5,800 ",1414.15,"5,800",1386.04,8.23,100,5800,11600,20201211
퀀타매트릭스,811,"-63,811",1,"  19,700 ~ 25,500 ","  19,700 ~ 25,500 ",167.87,"25,500",185.56,4.6,-1.76,25500,25050,20201209
엔젠바이오,"1,478","-6,865",1,"  10,500 ~ 14,000 ","  10,500 ~ 14,000 ",1502.4,"14,000",1006.96,3.33,100,14000,28000,20201210
앱코,"84,271","3,474",0.8,"  21,400 ~ 24,300 ","  21,400 ~ 24,300 ",978.13,"24,300",1141.02,3.64,24.07,24300,30150,20201202
클리노믹스,"4,101","-5,760",1,"  10,900 ~ 13,900 ","  10,900 ~ 13,900 ",341.46,"13,900",494.2,2.05,33.09,13900,18500,20201204
엔에프씨,"32,860","6,572",1,"  10,200 ~ 13,400 ","  10,200 ~ 13,400 ",643.85,"13,400",979.94,6.15,54.48,13400,20700,20201202
포인트모바일,"62,181","8,494",0.85,"  13,000 ~ 15,000 ","  13,000 ~ 15,000 ",1842.97,"15,000",1447.07,18.19,100,15000,30000,20201203
제일전기공업,"146,148","14,127",0.5,"  15,000 ~ 17,000 ","  15,000 ~ 17,000 ",1396.1,"17,000",1196.21,8.86,100,17000,34000,20201126
티앤엘,"32,655","7,286",1,"  34,000 ~ 38,000 ","  34,000 ~ 38,000 ",1109.19,"36,000",338.91,0.41,100,36000,72000,20201120
하나기술,"59,294","4,317",1,"  31,000 ~ 35,000 ","  31,000 ~ 35,000 ",1802.1,"35,000",1393.98,16.83,100,35000,70000,20201125
고바이오랩,577,"-44,067",1,"  18,000 ~ 23,000 ","  18,000 ~ 23,000 ",566.54,"15,000",64.33,0.03,100,15000,30000,20201118
네패스아크,"54,719","4,653",1,"  23,400 ~ 26,500 ","  23,400 ~ 26,500 ",830.21,"26,500",707.7,1.6,36.6,26500,36200,20201117
소룩스,"71,108","5,794",0.82,"  8,000 ~ 10,000 ","  8,000 ~ 10,000 ",1660.08,"10,000",1135.7,0.8,100,10000,20000,20201106
위드텍,"58,061","11,129",1,"  21,000 ~ 25,000 ","  21,000 ~ 25,000 ",1185.51,"25,000",1336.49,23.53,48.4,25000,37100,20201030
센코,"19,835","-2,411",0.82,"  10,000 ~ 13,000 ","  10,000 ~ 13,000 ",366.42,"13,000",848.37,2.2,2.69,13000,13350,20201029
바이브컴퍼니,"16,298",-777,1,"  23,000 ~ 28,000 ","  23,000 ~ 28,000 ",1266.22,"28,000",1221.45,7.96,42.86,28000,40000,20201028
미코바이오메드,"4,098","-13,172",1,"  12,000 ~ 15,000 ","  12,000 ~ 15,000 ",41.74,"15,000",159.15,0.02,7.33,15000,16100,20201022
넥스틴,"9,394","-2,625",1,"  61,500 ~ 75,400 ","  61,500 ~ 75,400 ",13.92,"75,400",30.25,23.3,-5.7,75400,71100,20201008
방테크,"118,882","14,592",0.3,"  43,000 ~ 54,300 ","  43,000 ~ 54,300 ",348.77,"54,300",406.8,3.2,-9.94,54300,48900,20200924
비나텍,"42,763","4,405",1,"  27,000 ~ 32,000 ","  27,000 ~ 32,000 ",1386.85,"33,000",1098.1,22.47,33.33,33000,44000,20200923
압타머사이언스,408,"-3,853",1,"  20,000 ~ 25,000 ","  20,000 ~ 25,000 ",1251.29,"25,000",830.32,3.27,15.4,25000,28850,20200916
비비씨,"19,073","5,653",0.78,"  27,100 ~ 30,700 ","  27,100 ~ 30,700 ",464.19,"30,700",977.5,3.9,-9.93,30700,27650,20200921
핌스,"37,783","5,544",0.7,"  15,000 ~ 19,000 ","  15,000 ~ 19,000 ",1161.84,"19,000",1210.28,4.39,10.53,19000,21000,20200918
카카오게임즈,"322,392","33,315",1,"  20,000 ~ 24,000 ","  20,000 ~ 24,000 ",1524.8,"24,000",1478.53,58.59,100,24000,48000,20200910
피엔케이피부임상연구센타,"12,499","5,376",0.6,"  16,100 ~ 18,300 ","  16,100 ~ 18,300 ","1,727.11","18,300",1372.51,17.1,53.01,18300,28000,20200909
아이디피,"23,230","2,916",0.79,"  8,800 ~ 9,800 ","  8,800 ~ 9,800 ",1149.83,"9,800",894,7.4,34.69,9800,13200,20200824
셀레믹스,"5,141","-2,256",1,"  16,100 ~ 20,000 ","  16,100 ~ 20,000 ",1176.45,"20,000",1203.41,5.41,24.5,20000,24900,20200821
영림소프트랩,"37,899","4,127",1,"  9,500 ~ 11,500 ","  9,500 ~ 11,500 ",2493.57,"11,500",1269.3,4.3,53.04,11500,17600,20200812
이루다,"17,779","2,031",0.8,"  7,500 ~ 9,000 ","  7,500 ~ 9,000 ",3039.55,"9,000",1316.5,7.8,100,9000,18000,20200806
와이팜,"125,429","11,334",0.5,"  9,700 ~ 11,000 ","  9,700 ~ 11,000 ",712.13,"11,000",407.01,8.01,41.36,11000,15550,20200731
이엔드디,"58,313","6,194",1,"  12,350 ~ 14,400 ","  12,350 ~ 14,400 ",808.62,"14,400",1168.72,8.99,26.39,14400,18200,20200730
엠투아이,"24,715","6,003",0.25,"  15,600 ~ 18,900 ","  15,600 ~ 18,900 ",176.83,"15,600",61.7,1.6,20.83,15600,18850,20200729
더네이쳐홀딩스,"235,344","16,142",0.83,"  45,000 ~ 50,000 ","  45,000 ~ 50,000 ",151.9,"46,000",97.21,8.46,-10,46000,41400,20200727
제놀루션,"3,951",-287,1,"  12,000 ~ 14,000 ","  12,000 ~ 14,000 ",894.67,"14,000",1161.09,21.36,100,14000,28000,20200724
솔트룩스,"15,335",145,1,"  24,000 ~ 30,000 ","  24,000 ~ 30,000 ",953.53,"25,000",528.17,5.58,60,25000,40000,20200723
티에스아이,"60,918","-12,175",0.75,"  7,500 ~ 9,500 ","  7,500 ~ 9,500 ",1621.1,"10,000",1283.73,4.97,100,10000,20000,20200722
에이프로,"67,358","7,578",1,"  19,000 ~ 21,600 ","  19,000 ~ 21,600 ",1582.52,"21,600",1090.8,10.46,100,21600,43200,20200716
신도기연,"48,854","3,189",1,"  14,000 ~ 16,000 ","  14,000 ~ 16,000 ",955.01,"16,000",1272.9,14.51,100,16000,32000,20200706
위더스제약,"51,732","8,661",0.62,"  13,900 ~ 15,900 ","  13,900 ~ 15,900 ",1082.03,"15,900",1033.41,17.36,100,15900,31800,20200703
마크로밀엠브레인,"39,075","1,952",1,"  5,200 ~ 6,400 ","  5,200 ~ 6,400 ",888.01,"6,800",1056.8,19.39,100,6800,13600,20200701
엘이티,"40,933","7,172",1,"  6,400 ~ 7,800 ","  6,400 ~ 7,800 ",1552.16,"7,800",1255.9,24.5,100,7800,15600,20200622
에스씨엠생명과학,29,"-40,095",1,"  14,000 ~ 17,000 ","  14,000 ~ 17,000 ",814.91,"17,000",1032.17,7.7,73.53,17000,29500,20200617
드림씨아이에스,"19,200","3,417",1,"  13,000 ~ 14,900 ","  13,000 ~ 14,900 ",669.22,"14,900",926.11,6.82,87.92,14900,28000,20200522
엔피디,"259,266","8,574",1,"  5,400 ~ 6,300 ","  5,400 ~ 6,300 ",32.65,"5,400",307.5,8.78,-10,5400,4860,20200316
플레이디,"34,711","6,038",1,"  6,800 ~ 7,700 ","  6,800 ~ 7,700 ",864.8,"8,500",1270.7,7.55,32.35,8500,11250,20200312
서울바이오시스,"368,194","5,857",1,"  6,500 ~ 7,500 ","  6,500 ~ 7,500 ",942.7,"7,500",1119,10.5,73.33,7500,13000,20200306
제이앤티씨,"229,357","28,114",1,"  8,500 ~ 10,500 ","  8,500 ~ 10,500 ",3.48,"11,000",1077.88,6.72,-7.27,11000,10200,20200304
켄코아에어로스페이스,"28,937","-9,409",0.84,"  13,000 ~ 15,000 ","  13,000 ~ 15,000 ",256.68,"10,000",120.75,2.55,15,10000,11500,20200303
레몬,"31,438","-2,377",1,"  6,200 ~ 7,200 ","  6,200 ~ 7,200 ",800.07,"7,200",426,6.3,19.72,7200,8620,20200228
서남,"4,854","-1,449",1,"  2,700 ~ 3,100 ","  2,700 ~ 3,100 ",881.6,"3,100",1228.4,5.21,25.81,3100,3900,20200220
위세아이텍,"16,549","1,505",1,"  10,000 ~ 11,200 ","  10,000 ~ 11,200 ",1076.62,"12,000",1105.93,6.95,15.83,12000,13900,20200210
피피아이,"38,120","2,549",1,"  6,000 ~ 7,000 ","  6,000 ~ 7,000 ",1147.7,"7,000",997.33,2.47,57.14,7000,11000,20191226
메탈라이프,"19,270","3,742",1,"  10,500 ~ 13,000 ","  10,500 ~ 13,000 ",1397.97,"13,000",1288.21,22.46,100,13000,26000,20191224
신테카바이오,287,"-3,747",1,"  15,000 ~ 19,000 ","  15,000 ~ 19,000 ",123.2,"12,000",75.61,1.32,24.58,12000,14950,20191217
태웅로직스,"24,394","7,318",1,"  3,700 ~ 4,500 ","  3,700 ~ 4,500 ",618.52,"4,500",1024.98,2.53,81.56,4500,8170,20191210
코리아센터,"189,670","4,874",0.91,"  24,000 ~ 27,200 ","  24,000 ~ 27,200 ",4.13,"18,000",37.77,6.04,27.78,18000,23000,20191129
노터스,"36,308","3,747",1,"  17,000 ~ 20,000 ","  17,000 ~ 20,000 ",22.31,"20,000",699.46,0.59,48.75,20000,29750,20191127
코리아에셋투자증권,"165,962","5,507",1,"  8,000 ~ 10,000 ","  8,000 ~ 10,000 ",231.78,"10,000",945.66,2.25,-1,10000,9900,20191120
씨에스베어링,"50,364","3,232",0.6,"  7,400 ~ 8,400 ","  7,400 ~ 8,400 ",699.67,"8,400",1246.86,4.65,0,8400,8400,20191121
에스제이그룹,"68,630","3,531",1,"  32,000 ~ 38,600 ","  32,000 ~ 38,600 ",512.93,"38,600",946.62,13.56,12.69,38600,43500,20191118
아이티엠반도체,"228,237","18,159",0.91,"  23,000 ~ 26,000 ","  23,000 ~ 26,000 ",321.09,"26,000",1078.5,15.8,2.88,26000,26750,20191107
티라유텍,"22,771","1,525",1,"  10,550 ~ 12,050 ","  10,550 ~ 12,050 ",1164.16,"12,050",1240.9,11.9,100,12050,24100,20191031
미디어젠,"13,383",-533,1,"  9,400 ~ 10,600 ","  9,400 ~ 10,600 ",573.16,"10,600",576.27,1.88,6.13,10600,11250,20191105
캐리소프트,"9,969","-2,189",1,"  7,000 ~ 9,000 ","  7,000 ~ 9,000 ",1067,"9,000",924.83,2.7,34.44,9000,12100,20191029
케이엔제이,"51,107","1,698",1,"  8,400 ~ 11,000 ","  8,400 ~ 11,000 ",1104.68,"11,000",1144.3,5.5,42.73,11000,15700,20191025
엔바이오니아,"8,545",648,1,"  8,200 ~ 10,300 ","  8,200 ~ 10,300 ",910.32,"8,200",425.8,3.8,30.49,8200,10700,20191024
팜스빌,"19,833","4,815",0.87,"  11,000 ~ 14,000 ","  11,000 ~ 14,000 ",674.04,"14,000",1035.53,7.05,20,14000,16800,20191022
라온피플,"21,764","6,250",1,"  14,000 ~ 17,000 ","  14,000 ~ 17,000 ",2.07,"14,000",330.36,1.5,-5,14000,13300,20191018
아톤,"28,033","4,096",0.8,"  30,000 ~ 43,000 ","  30,000 ~ 43,000 ",653.96,"43,000",810.88,9.5,7.09,43000,46050,20191017
녹십자웰빙,"53,883","5,678",1,"  9,400 ~ 11,300 ","  9,400 ~ 11,300 ",657.66,"11,300",657.93,4.49,5.31,11300,11900,20191014
올리패스,488,"-27,825",1,"  37,000 ~ 45,000 ","  37,000 ~ 45,000 ",419.4,"20,000",11.07,0.4,53,20000,30600,20190920
한독크린텍,"39,627","4,165",1,"  13,300 ~ 15,100 ","  13,300 ~ 15,100 ",728.28,"15,100",1117.61,8.77,62.25,15100,24500,20190905
에스피시스템스,"46,873","3,235",0.68,"  4,300 ~ 4,900 ","  4,300 ~ 4,900 ",786.16,"4,900",1116.32,13.68,100,4900,9800,20190814
레이,"47,565","6,779",1,"  17,000 ~ 20,000 ","  17,000 ~ 20,000 ",779.56,"20,000",1013.19,10.27,25.75,20000,25150,20190808
코윈테크,"76,832","10,339",1,"  28,400 ~ 34,500 ","  28,400 ~ 34,500 ",0.48,"34,500",163.54,0.9,-10,34500,31050,20190805
그린플러스,"42,151","2,213",1,"  8,500 ~ 10,000 ","  8,500 ~ 10,000 ",700.96,"10,000",863.94,5.85,11.5,10000,11150,20190807
덕산테코피아,"70,930","18,783",0.79,"  17,000 ~ 19,000 ","  17,000 ~ 19,000 ",1.96,"19,000",348.63,7.17,-10,19000,17100,20190802
슈프리마아이디,"18,081","3,571",0.77,"  23,000 ~ 27,000 ","  23,000 ~ 27,000 ",707.26,"27,000",1124.05,13.14,28.7,27000,34750,20190801
윌링스,"54,327","4,294",0.7,"  10,000 ~ 12,500 ","  10,000 ~ 12,500 ",532.83,"12,500",1082.15,18.18,82.4,12500,22800,20190725
대모(구.대모엔지니어링),"51,026","3,119",0.79,"  4,800 ~ 5,200 ","  4,800 ~ 5,200 ",1268.53,"5,200",1103.1,15.6,67.5,5200,8710,20190724
에이스토리,"46,446","2,320",1,"  11,600 ~ 14,300 ","  11,600 ~ 14,300 ",131.51,"14,300",614.25,3.56,-9.79,14300,12900,20190719
플리토,"3,505","-3,761",0.67,"  19,000 ~ 23,000 ","  19,000 ~ 23,000 ",710.71,"26,000",1133,22,21.54,26000,31600,20190717
세틀뱅크,"57,164","11,995",0.64,"  44,000 ~ 49,000 ","  44,000 ~ 49,000 ",309.6,"55,000",1122,14.8,-10,55000,49500,20190712
아이스크림에듀,"86,608","7,108",1,"  15,900 ~ 18,000 ","  15,900 ~ 18,000 ",5.7,"15,900",124.73,1.34,-9.75,15900,14350,20190711
에이에프더블류,"30,330","8,713",0.53,"  19,500 ~ 22,500 ","  19,500 ~ 22,500 ",552.22,"22,500",866.03,13.72,24.44,22500,28000,20190701
압타바이오,300,"-31,123",1,"  21,000 ~ 25,000 ","  21,000 ~ 25,000 ",663.03,"30,000",856.41,35.1,67.33,30000,50200,20190612
까스텔바쟉,"84,152","6,356",0.29,"  16,000 ~ 19,000 ","  16,000 ~ 19,000 ",3.4,"12,000",32.53,3.86,41.67,12000,17000,20190610
마이크로디지탈,"4,554",-30,1,"  20,000 ~ 23,000 ","  20,000 ~ 23,000 ",1116.34,"23,000",621.48,2.29,78.48,23000,41050,20190605
컴퍼니케이파트너스,"9,866","3,336",1,"  3,600 ~ 4,000 ","  3,600 ~ 4,000 ",850.46,"4,500",865.66,27.8,82.22,4500,8200,20190523
수젠텍,"3,440","-20,960",1,"  12,000 ~ 14,000 ","  12,000 ~ 14,000 ",1.48,"12,000",75.21,3.15,-7.08,12000,11150,20190528
아모그린텍,"111,297","-5,238",0.8,"  8,800 ~ 9,900 ","  8,800 ~ 9,900 ",22.13,"9,900",164.22,3.05,4.04,9900,10300,20190329
지노믹트리,454,"-2,113",1,"  17,000 ~ 25,000 ","  17,000 ~ 25,000 ",13.1,"27,000",372,22.8,9.07,27000,29450,20190327
이지케어텍,"55,374","3,606",1,"  10,100 ~ 12,300 ","  10,100 ~ 12,300 ",1272.11,"12,300",1108.03,40.25,100,12300,24600,20190322
미래에셋벤처투자,"54,949","6,305",1,"  3,700 ~ 4,500 ","  3,700 ~ 4,500 ",1021.77,"4,500",441.4,3.7,36.67,4500,6150,20190315
에코프로비엠,"289,870","15,159",1,"  37,500 ~ 42,900 ","  37,500 ~ 42,900 ",273.78,"48,000",988.49,45.04,27.29,48000,61100,20190305
천보,"87,606","14,822",0.8,"  35,000 ~ 40,000 ","  35,000 ~ 40,000 ",426.09,"40,000",891.1,15.8,31.25,40000,52500,20190211
이노테라피,180,"-3,012",1,"  20,200 ~ 25,200 ","  20,200 ~ 25,200 ",463.37,"18,000",154.44,2.83,23.33,18000,22200,20190201
노랑풍선,"83,822","10,436",0.74,"  15,500 ~ 19,000 ","  15,500 ~ 19,000 ",1025.2,"20,000",978.43,12.42,51.75,20000,30350,20190130
웹케시,"77,086","3,679",1,"  24,000 ~ 26,000 ","  24,000 ~ 26,000 ",9473.1,"26,000",614,6.8,21.92,26000,31700,20190125
유틸렉스,133,"-9,593",1,"  38,000 ~ 50,000 ","  38,000 ~ 50,000 ",322.96,"50,000",597.2,18.63,20.2,50000,60100,20181224
디케이티,"117,043","4,611",1,"  6,000 ~ 7,400 ","  6,000 ~ 7,400 ",780.32,"7,400",771.42,3.5,74.32,7400,12900,20181221
에이비엘바이오,71,"-74,734",1,"  13,000 ~ 17,000 ","  13,000 ~ 17,000 ",0.78,"15,000",60.08,10.99,-10,15000,13500,20181219
위지윅스튜디오,"12,989",499,1,"  9,000 ~ 13,000 ","  9,000 ~ 13,000 ",6.84,"11,000",177.33,1.13,2.27,11000,11250,20181220
머큐리,"138,330","4,443",0.5,"  5,200 ~ 6,100 ","  5,200 ~ 6,100 ",930.39,"6,100",749.57,13.35,57.87,6100,9630,20181214
전진바이오팜,"3,136","-3,041",1,"  15,000 ~ 17,000 ","  15,000 ~ 17,000 ",24.8,"10,000",14.69,27.2,15.5,10000,11550,20181214
이노메트리,"14,063","1,177",1,"  21,000 ~ 25,000 ","  21,000 ~ 25,000 ",791.16,"26,000",765.22,11.39,53.85,26000,40000,20181212
티앤알바이오팹,406,"-4,058",1,"  18,000 ~ 23,000 ","  18,000 ~ 23,000 ",500.35,"18,000",101.9,1,-10,18000,16200,20181128
엠아이텍,"22,541","2,051",0.5,"  3,900 ~ 4,500 ","  3,900 ~ 4,500 ",883.39,"4,500",472.57,0.42,-10,4500,4050,20181129
네오펙트,"7,288",160,1,"  10,000 ~ 12,500 ","  10,000 ~ 12,500 ",400.8,"11,000",338.01,0.89,-10,11000,9900,20181128
남화산업,"14,214","8,543",1,"  3,100 ~ 3,700 ","  3,100 ~ 3,700 ",858.4,"3,700",822.09,6.14,51.62,3700,5610,20181129
싸이토젠,850,"-2,149",1,"  13,000 ~ 17,000 ","  13,000 ~ 17,000 ",705.49,"17,000",608.85,0.7,4.71,17000,17800,20181122
디알젬,"49,324","4,132",1,"  5,000 ~ 7,000 ","  5,000 ~ 7,000 ",832.96,"6,500",785.43,1.05,30.31,6500,8470,20181122
파멥신,209,"-6,483",1,"  43,000 ~ 55,000 ","  43,000 ~ 55,000 ",322.78,"60,000",764.16,18.81,-3.17,60000,58100,20181121
디자인,"30,472","2,225",1,"  9,000 ~ 10,100 ","  9,000 ~ 10,100 ",665.04,"10,100",771.73,3.86,100,10100,20200,20181115
노바렉스,"80,854","8,567",1,"  19,000 ~ 24,000 ","  19,000 ~ 24,000 ",631.42,"19,000",48.64,18.99,33.95,19000,25450,20181114
셀리버리,"2,774","-15,008",1,"  20,000 ~ 25,000 ","  20,000 ~ 25,000 ",808.45,"25,000",698.98,16.8,28,25000,32000,20181109
대보마그네틱,"13,165","3,760",0.73,"  22,500 ~ 25,500 ","  22,500 ~ 25,500 ",837.58,"31,000",995.4,45.41,94.19,31000,60200,20181106
엘앤씨바이오,"17,901","3,753",1,"  18,000 ~ 20,000 ","  18,000 ~ 20,000 ",985.59,"24,000",937.08,17.27,24.17,24000,29800,20181101
노바텍,"21,284","3,975",0.7,"  12,500 ~ 16,500 ","  12,500 ~ 16,500 ",326.67,"10,000",66.32,0.03,41,10000,14100,20181102
옵티팜,"13,857","-1,567",0.75,"  10,000 ~ 12,000 ","  10,000 ~ 12,000 ",463.49,"10,000",94.57,11.6,-10,10000,9000,20181026
로보티즈,"17,914","1,781",1,"  9,200 ~ 11,300 ","  9,200 ~ 11,300 ",1043.92,"14,000",958.6,39.8,100,14000,28000,20181026
에스퓨얼셀,"20,295","2,789",0.67,"  10,600 ~ 14,000 ","  10,600 ~ 14,000 ",857.78,"16,500",942.85,40.5,100,16500,33000,20181015
푸드나무,"34,826","3,922",0.87,"  18,700 ~ 22,700 ","  18,700 ~ 22,700 ",914.05,"24,000",791.08,16.5,80.63,24000,43350,20181004
지티지웰니스,"23,053","2,459",1,"  9,000 ~ 9,800 ","  9,000 ~ 9,800 ",514.16,"11,000",946.89,4.22,38.64,11000,15250,20180921
명성티엔에스,"64,575","5,857",0.63,"  16,100 ~ 18,700 ","  16,100 ~ 18,700 ",804.79,"20,000",745.56,11.73,10,20000,22000,20180913
디지캡,"16,311","2,045",0.61,"  8,500 ~ 10,500 ","  8,500 ~ 10,500 ",931.79,"12,000",979.06,4.18,10.42,12000,13250,20180907
액트로,"50,659","5,654",1,"  20,000 ~ 24,000 ","  20,000 ~ 24,000 ",545.42,"20,000",132.07,1.86,3.5,20000,20700,20180828
에이피티씨,"41,122","10,850",1,"  11,500 ~ 13,000 ","  11,500 ~ 13,000 ",22.69,"9,000",20.99,8.7,3.44,9000,9310,20180823
오파스넷,"71,416","3,080",1,"  8,500 ~ 9,700 ","  8,500 ~ 9,700 ",1401.36,"11,000",861.66,14.22,63.64,11000,18000,20180824
바이오솔루션,"5,011","-1,806",1,"  24,000 ~ 29,000 ","  24,000 ~ 29,000 ",302.62,"29,000",174.79,5.04,-2.76,29000,28200,20180820
에스에스알,"11,326","2,515",1,"  6,600 ~ 7,500 ","  6,600 ~ 7,500 ",1231.66,"9,000",928.44,41.62,100,9000,18000,20180806
휴네시온,"13,193","2,995",0.86,"  8,700 ~ 10,000 ","  8,700 ~ 10,000 ",827.74,"10,000",751.89,8.9,50,10000,15000,20180802
디아이티,"85,994","11,909",1,"  9,400 ~ 10,400 ","  9,400 ~ 10,400 ",11.1,"10,000",105.14,6.8,5.5,10000,10550,20180807
한국유니온제약,"47,470","4,420",1,"  13,500 ~ 16,000 ","  13,500 ~ 16,000 ",1015.13,"18,000",918.99,9.4,27.78,18000,23000,20180726
엠코르셋,"124,300","7,757",0.8,"  10,100 ~ 11,500 ","  10,100 ~ 11,500 ",51.47,"11,500",766.05,16.4,-3.91,11500,11050,20180723
올릭스,244,"-5,164",1,"  26,000 ~ 30,000 ","  26,000 ~ 30,000 ",847.09,"36,000",876.72,74.03,100,36000,72000,20180718
아이큐어,"35,674",240,1,"  44,000 ~ 55,000 ","  44,000 ~ 55,000 ",331.42,"65,000",642.1,5.08,-10,65000,58500,20180712
에스브이인베스트먼트,"10,450","2,113",1,"  5,600 ~ 6,300 ","  5,600 ~ 6,300 ",974.23,"7,000",786.73,4.7,28.57,7000,9000,20180706
이다이애그노믹스,"1,449","-3,606",1,"  4,700 ~ 5,700 ","  4,700 ~ 5,700 ",810.33,"6,500",749.79,27.87,38.46,6500,9000,20180626
파워넷,"137,731","6,114",0.5,"  5,500 ~ 6,500 ","  5,500 ~ 6,500 ",1144,"6,500",590.6,7.66,55.38,6500,10100,20180607
현대사료,"106,532","3,513",1,"  5,700 ~ 6,600 ","  5,700 ~ 6,600 ",1690,"6,600",839.16,31.92,100,6600,13200,20180601
세종메디칼,"12,773","3,192",0.6,"  10,800 ~ 13,700 ","  10,800 ~ 13,700 ",922.71,"15,000",836.68,39.75,54,15000,23100,20180529
제노레이,"35,467","2,905",0.76,"  17,500 ~ 20,500 ","  17,500 ~ 20,500 ",1028.72,"23,000",907.12,32.59,99.57,23000,45900,20180528
케어랩스,"18,597","1,935",1,"  15,000 ~ 18,000 ","  15,000 ~ 18,000 ",886.14,"20,000",934.42,40.19,100,20000,40000,20180328
린드먼아시아인베스트먼트,"6,335","2,802",1,"  5,000 ~ 5,500 ","  5,000 ~ 5,500 ",1039.51,"6,500",640.8,27.4,100,6500,13000,20180314
엔지켐생명과학,"21,835","-6,332",1,"  45,000 ~ 70,000 ","  45,000 ~ 70,000 ",342.31,"56,000",258.68,13.25,55.36,56000,87000,20180221
오스테오닉,"6,640","1,541",1,"  5,800 ~ 7,500 ","  5,800 ~ 7,500 ",998.83,"7,700",442,1.7,100,7700,15400,20180222
동구바이오제약,"87,363","10,923",0.93,"  12,000 ~ 14,500 ","  12,000 ~ 14,500 ",836.67,"16,000",727.7,53.41,100,16000,32000,20180213
아시아종묘,"21,313","2,409",1,"  4,200 ~ 5,200 ","  4,200 ~ 5,200 ",243.2,"4,500",239.52,4.39,0.44,4500,4520,20180212
알리코제약,"48,127","2,243",1,"  10,000 ~ 13,000 ","  10,000 ~ 13,000 ",697.3,"12,000",389.27,9.38,50.83,12000,18100,20180212
카페24,"118,080","-1,272",1,"  43,000 ~ 57,000 ","  43,000 ~ 57,000 ",731.58,"57,000",672.71,42.9,48.25,57000,84500,20180208
링크제니시스,"10,195","1,758",1,"  22,000 ~ 25,000 ","  22,000 ~ 25,000 ",1184.36,"30,000",754.6,35.9,76.67,30000,53000,20180205
배럴,"24,247","3,713",1,"  8,000 ~ 9,500 ","  8,000 ~ 9,500 ",369.78,"9,500",298.48,9.06,9.47,9500,10400,20180201
시스웍,"24,178","5,347",1,"  3,300 ~ 3,900 ","  3,300 ~ 3,900 ",830.31,"2,800",78.86,0.44,36.07,2800,3810,20171226
메카로,"48,134","2,926",1,"  25,000 ~ 30,000 ","  25,000 ~ 30,000 ",664.69,"33,000",719.26,42.07,30.3,33000,43000,20171206
씨티케이코스메틱스,"133,888","23,325",1,"  46,000 ~ 55,000 ","  46,000 ~ 55,000 ",145.75,"55,000",188.65,6.6,-10,55000,49500,20171207
에스트래픽,"88,748","8,209",1,"  8,000 ~ 10,000 ","  8,000 ~ 10,000 ",1128.18,"10,000",605.02,13.4,100,10000,20000,20171205
대,"226,696","36,888",0.5,"  13,000 ~ 15,000 ","  13,000 ~ 15,000 ",460.24,"15,000",247.25,0.2,6.67,15000,16000,20171201
체리부로,"290,878","16,031",0.68,"  4,300 ~ 4,700 ","  4,300 ~ 4,700 ",616.6,"4,700",265.38,0.4,6.81,4700,5020,20171204
비즈니스온커뮤니케이션,"11,711","2,626",1,"  8,100 ~ 9,000 ","  8,100 ~ 9,000 ",1075.91,"9,000",513.97,14.9,87.78,9000,16900,20171130
에스엔피월드,"27,164","3,856",1,"  4,300 ~ 5,100 ","  4,300 ~ 5,100 ",661.5,"5,100",534.27,4.97,0,5100,5100,20170928
야스,"82,982","13,064",0.74,"  23,500 ~ 26,500 ","  23,500 ~ 26,500 ",0.52,"23,500",28.9,7.15,-10,23500,21150,20170929
유티아이,"38,852","13,037",0.48,"  28,000 ~ 33,000 ","  28,000 ~ 33,000 ",3.44,"25,000",5.05,0.4,-10,25000,22500,20170927
신흥에스이씨,"90,112","5,552",0.5,"  11,000 ~ 14,000 ","  11,000 ~ 14,000 ",731.42,"16,000",482.4,33.1,83.75,16000,29400,20170927
엠플러스,"28,031","3,542",0.8,"  14,000 ~ 16,000 ","  14,000 ~ 16,000 ","1,003.24","18,000",596.2,27.2,57.5,18000,28350,20170920
샘코,"28,814","2,044",1,"  14,000 ~ 18,000 ","  14,000 ~ 18,000 ",207,"11,000",19.26,0.96,9.09,11000,12000,20170915
앱클론,"3,120","-1,597",1,"  8,000 ~ 10,000 ","  8,000 ~ 10,000 ",799.09,"10,000",564.87,21.72,100,10000,20000,20170918
펄어비스,"33,690","24,425",1,"  80,000 ~ 103,000 ","  80,000 ~ 103,000 ",0.43,"103,000",62.4,6.22,-10,103000,92700,20170914
덕우전자,"76,328","10,785",0.6,"  13,500 ~ 15,500 ","  13,500 ~ 15,500 ",586.43,"15,500",282.69,11.35,9.03,15500,16900,20170828
이더블유케이,"28,570","3,263",0.75,"  4,200 ~ 5,000 ","  4,200 ~ 5,000 ",1160.15,"5,000",588.13,25.95,100,5000,10000,20170822
알에스오토메이션,"70,698","3,004",1,"  5,250 ~ 6,000 ","  5,250 ~ 6,000 ",1058.82,"6,000",656.89,61,99.17,6000,11950,20170811
모트렉스,"200,359","15,018",0.85,"  31,200 ~ 38,300 ","  31,200 ~ 38,300 ",422.73,"38,300",357.12,11.24,-0.78,38300,38000,20170804
디앤씨미디어,"18,893","3,012",1,"  17,000 ~ 20,000 ","  17,000 ~ 20,000 ",563.1,"20,000",539.1,33.5,61.5,20000,32300,20170801
데이타솔루션,"100,820","3,054",0.7,"  2,700 ~ 3,300 ","  2,700 ~ 3,300 ",733.74,"3,300",395.83,23.09,100,3300,6600,20170803
지니언스,"20,615","3,658",1,"  12,000 ~ 13,500 ","  12,000 ~ 13,500 ",922.71,"13,500",620.04,14.5,48.52,13500,20050,20170802
셀트리온헬스케어,"402,389","28,641",1,"  32,500 ~ 41,000 ","  32,500 ~ 41,000 ",6.95,"41,000",38.06,12.5,6.46,41000,43650,20170728
이즈미디어,"39,808","4,167",0.92,"  7,500 ~ 10,000 ","  7,500 ~ 10,000 ",13.87,"7,500",129.22,1.38,12,7500,8400,20170726
힘스,"50,876","4,951",1,"  15,500 ~ 18,800 ","  15,500 ~ 18,800 ",795.94,"20,000",729.64,27.48,62.5,20000,32500,20170720
브이텍,"24,455","7,969",0.8,"  15,200 ~ 17,700 ","  15,200 ~ 17,700 ",754.31,"17,700",557.47,8.3,13.56,17700,20100,20170713
제일홀딩스,"6,196,498","371,783",1,"  20,700 ~ 22,700 ","  20,700 ~ 22,700 ",20.67,"20,700",113.98,2.88,-9.9,20700,18650,20170630
보라티알,"6,963",829,1,"  12,500 ~ 14,300 ","  12,500 ~ 14,300 ",1026.34,"14,300",557.61,13.3,32.17,14300,18900,20170608
삼양옵틱스,"57,221","13,419",1,"  16,700 ~ 20,600 ","  16,700 ~ 20,600 ",2.88,"16,700",33.2,8.7,0,16700,16700,20170602
필옵틱스,"177,220","14,820",1,"  41,000 ~ 48,000 ","  41,000 ~ 48,000 ",588.96,"48,000",647.18,13.25,0.42,48000,48200,20170601
하나머티리얼즈,"52,713","7,608",1,"  10,000 ~ 12,000 ","  10,000 ~ 12,000 ",955.33,"12,000",689.9,49.73,45.83,12000,17500,20170428
와이엠티,"49,939","7,742",0.89,"  16,500 ~ 18,500 ","  16,500 ~ 18,500 ",841.57,"21,000",706.16,42.75,67.14,21000,35100,20170427
이엘피,"16,079","3,204",1,"  17,000 ~ 20,000 ","  17,000 ~ 20,000 ",738.15,"20,000",527.12,11.26,10,20000,22000,20170406
서진시스템,"36,021","6,491",0.91,"  21,000 ~ 25,000 ","  21,000 ~ 25,000 ",742.06,"25,000",588.93,36.65,60,25000,40000,20170327
코미코,"38,664","7,157",0.4,"  11,000 ~ 13,000 ","  11,000 ~ 13,000 ",745.44,"13,000",580.68,30.91,123.46,13000,29050,20170323
모바일어플라이언스,"53,720","1,679",0.27,"  3,000 ~ 3,500 ","  3,000 ~ 3,500 ",636.77,"3,500",471.31,19.13,68.57,3500,5900,20170224
에프엔에스테크,"44,578","2,794",1,"  11,000 ~ 13,000 ","  11,000 ~ 13,000 ",840.67,"14,000",624.02,6.26,21.79,14000,17050,20170227
신신제약,"51,614","3,886",1,"  5,900 ~ 6,700 ","  5,900 ~ 6,700 ",72.5,"4,500",40.88,0.06,37.11,4500,6170,20170228
피씨엘,243,"-1,864",1,"  10,500 ~ 13,000 ","  10,500 ~ 13,000 ",2.01,"8,000",6.61,0.46,-2.5,8000,7800,20170223
서플러스글로벌,"94,114","8,975",0.97,"  7,400 ~ 9,400 ","  7,400 ~ 9,400 ",548,"8,000",81.31,1.04,6.25,8000,8500,20170125
퓨전데이타,"18,784","2,766",1,"  10,000 ~ 11,500 ","  10,000 ~ 11,500 ",572.56,"11,500",345.36,12.05,80.43,11500,20750,20161221
뉴파워프라즈마,"50,265","8,181",1,"  15,000 ~ 17,000 ","  15,000 ~ 17,000 ",521.29,"17,500",501.2,7.8,0,17500,17500,20161130
오션브릿지,"25,389","3,496",1,"  5,400 ~ 6,600 ","  5,400 ~ 6,600 ",1135.44,"6,600",617.92,10.75,17.12,6600,7730,20161201
클리오,"106,914","17,651",0.5,"  36,400 ~ 41,000 ","  36,400 ~ 41,000 ",5.68,"41,000",153.08,10.42,-2.56,41000,39950,20161109
오가닉티코스메틱,"136,188","34,661",1,"  3,200 ~ 3,700 ","  3,200 ~ 3,700 ",672.42,"4,000",672.02,11.3,62.75,4000,6510,20161104
로고스바이오시스템스,"3,870",-250,1,"  22,200 ~ 25,500 ","  22,200 ~ 25,500 ",208.48,"25,500",190.16,0.53,0,25500,25500,20161103
인크로스,"26,514",-230,0.62,"  38,000 ~ 43,000 ","  38,000 ~ 43,000 ",1047.5,"43,000",492.1,6.1,57.44,43000,67700,20161031
에이치엘사이언스(구.건강사랑),"23,705","3,521",0.7,"  23,900 ~ 30,700 ","  23,900 ~ 30,700 ",174,"27,000",274.19,5.6,42.22,27000,38400,20161028
코스메카코리아,"99,150","5,027",1,"  48,000 ~ 54,000 ","  48,000 ~ 54,000 ",391.4,"54,000",573,30.8,32.22,54000,71400,20161028
인텔리안테크놀로지스,"49,296","4,925",1,"  18,000 ~ 20,500 ","  18,000 ~ 20,500 ",744.63,"19,000",319,1.3,-1.32,19000,18750,20161018
에이치시티,"24,454","4,894",1,"  19,200 ~ 22,500 ","  19,200 ~ 22,500 ",127.28,"17,000",95.67,11.6,14.71,17000,19500,20161017
앤디포스,"57,458","13,758",0.71,"  13,000 ~ 14,500 ","  13,000 ~ 14,500 ",524.2,"14,500",406.09,10.6,20.69,14500,17500,20161012
수산아이앤티(구.플러스기술),"14,082","4,296",1,"  10,500 ~ 11,500 ","  10,500 ~ 11,500 ",12.97,"11,500",157.55,0.64,0,11500,11500,20161011
엔지스테크널러지,"6,328","1,753",1,"  8,900 ~ 10,000 ","  8,900 ~ 10,000 ",562.94,"10,000",475.6,21.2,90,10000,19000,20160728
팍스넷,"20,588","3,631",1,"  4,600 ~ 5,200 ","  4,600 ~ 5,200 ",946.51,"5,200",753.07,5.19,100,5200,10400,20160801
우리손에프앤지,"155,022","14,990",0.5,"  1,935 ~ 2,210 ","  1,935 ~ 2,210 ",638.97,"2,210",455.1,40.4,81,2210,4000,20160727
옵토팩,"31,661",-356,1,"  5,000 ~ 5,900 ","  5,000 ~ 5,900 ",371.21,"5,900",397.4,2.82,5.25,5900,6210,20160720
장테크,"202,485","21,381",0.8,"  15,000 ~ 17,500 ","  15,000 ~ 17,500 ",854.49,"17,500",216.32,11.3,27.14,17500,22250,20160715
바이오리더스,"1,167","-5,429",1,"  11,000 ~ 15,000 ","  11,000 ~ 15,000 ",1222.58,"15,000",352.2,6.5,14,15000,17100,20160707
피앤씨테크,"23,950","4,889",1,"  9,000 ~ 10,200 ","  9,000 ~ 10,200 ",679.77,"10,200",306.39,10.89,7.84,10200,11000,20160704
에스티팜,"138,052","25,189",1,"  24,000 ~ 27,000 ","  24,000 ~ 27,000 ",236.85,"29,000",717.41,60.03,62.07,29000,47000,20160623
녹십자랩셀,"34,489","2,260",1,"  13,600 ~ 15,900 ","  13,600 ~ 15,900 ",799.76,"18,500",733.72,51.66,100,18500,37000,20160623
레이언스,"77,943","3,217",1,"  22,000 ~ 25,000 ","  22,000 ~ 25,000 ",328.14,"25,000",430.31,20.7,-5.2,25000,23700,20160411
씨엠에스에듀,"38,273","6,408",1,"  19,000 ~ 23,200 ","  19,000 ~ 23,200 ",185.81,"23,200",302.17,28.83,15.52,23200,26800,20160407
팬젠,"3,400","-2,120",1,"  12,500 ~ 16,500 ","  12,500 ~ 16,500 ",1073,"16,500",614.46,14.04,50.91,16500,24900,20160311
에이피위성통신,"34,571","7,042",1,"  8,700 ~ 9,700 ","  8,700 ~ 9,700 ",869.66,"9,700",271.55,7.8,27.84,9700,12400,20160304
큐리언트,215,"-10,706",1,"  18,000 ~ 21,000 ","  18,000 ~ 21,000 ",959.28,"21,000",709.15,35.24,61.43,21000,33900,20160229
안트로젠,"1,834","-1,416",1,"  17,000 ~ 22,000 ","  17,000 ~ 22,000 ",1442.55,"24,000",531.1,30.6,58.33,24000,38000,20160215
아이엠텍,"46,553","5,180",1,"  6,500 ~ 7,500 ","  6,500 ~ 7,500 ",138.9,"7,500",112.3,25,13.33,7500,8500,20160203
유니트론텍,"86,379","5,657",1,"  12,300 ~ 14,000 ","  12,300 ~ 14,000 ",1112.76,"14,000",455.8,21.7,80.71,14000,25300,20160202
한솔씨앤피,"50,873","3,745",1,"  13,000 ~ 16,800 ","  13,000 ~ 16,800 ",789.84,"13,000",136.97,5.97,45.77,13000,18950,20160127
코디엠,"38,105","1,914",1,"  4,700 ~ 5,800 ","  4,700 ~ 5,800 ",599.99,"4,700",39.79,2.51,59.36,4700,7490,20151229
이에스브이,"32,746","2,239",1,"  13,000 ~ 15,000 ","  13,000 ~ 15,000 ",558.9,"10,000",23.29,2.38,85,10000,18500,20151224
아진산업,"134,258","15,665",1,"  6,500 ~ 7,500 ","  6,500 ~ 7,500 ",0.47,"6,500",11.61,8.7,17.23,6500,7620,20151222
휴젤,"23,269","10,758",1,"  190,000 ~ 210,000 ","  190,000 ~ 210,000 ",91.63,"150,000",6.7,8.61,33,150000,199500,20151224
한국맥널티,"19,421","5,340",1,"  10,500 ~ 11,500 ","  10,500 ~ 11,500 ",479.79,"8,000",60.5,0.2,100,8000,16000,20151223
덱스터,"18,665","2,862",1,"  11,000 ~ 14,000 ","  11,000 ~ 14,000 ",500.76,"14,000",255.31,33.1,77.14,14000,24800,20151222
메가엠디,"61,775","5,146",1,"  3,600 ~ 4,600 ","  3,600 ~ 4,600 ",280.82,"3,000",16.67,7.5,67.33,3000,5020,20151218
씨트리,"17,164",305,1,"  8,300 ~ 10,200 ","  8,300 ~ 10,200 ",199.96,"6,500",4.7,0.6,42.31,6500,9250,20151221
파크시스템스,"15,293",-717,1,"  9,000 ~ 11,000 ","  9,000 ~ 11,000 ",7.55,"9,000",50.29,57.3,22.22,9000,11000,20151217
예스티,"40,423",670,1,"  14,500 ~ 18,500 ","  14,500 ~ 18,500 ",9.8,"14,500",32.9,73.3,6.9,14500,15500,20151216
뉴트리바이오텍,"45,409","2,388",1,"  21,000 ~ 24,000 ","  21,000 ~ 24,000 ",2.38,"21,000",93.92,28.32,9.52,21000,23000,20151216
엔에스,"20,780","1,614",1,"  6,300 ~ 7,200 ","  6,300 ~ 7,200 ",29.5,"8,000",179.61,21.42,61.88,8000,12950,20151207
미래테크놀로지,"17,388","3,897",1,"  14,300 ~ 16,100 ","  14,300 ~ 16,100 ",1.5,"16,100",117.3,5.7,-7.14,16100,14950,20151201
엠지메드,"4,691",208,1,"  33,000 ~ 40,000 ","  33,000 ~ 40,000 ",1350.05,"40,000",715.39,14.86,2.5,40000,41000,20151120
매직마이크로,"53,279","3,413",1,"  5,200 ~ 6,400 ","  5,200 ~ 6,400 ",36.57,"5,500",75.03,1.33,-1.45,5500,5420,20151119
케이디켐,"43,295","4,401",1,"  14,700 ~ 17,800 ","  14,700 ~ 17,800 ",5.46,"16,000",66.2,3,-7.19,16000,14850,20151119
하이즈항공,"31,291","3,109",1,"  23,000 ~ 26,000 ","  23,000 ~ 26,000 ",3.08,"18,000",47.27,0.89,-10,18000,16200,20151125
리드,"40,483","2,004",1,"  4,500 ~ 5,100 ","  4,500 ~ 5,100 ",45.64,"5,100",42.89,7,-10,5100,4590,20151120
네오오토,"108,776","6,831",1,"  11,400 ~ 12,800 ","  11,400 ~ 12,800 ",34.44,"12,000",113.08,3.54,-1.67,12000,11800,20151118
아이진,"27,546","-2,926",1,"  12,000 ~ 13,500 ","  12,000 ~ 13,500 ",267.72,"13,500",408.1,7.5,-4.44,13500,12900,20151116
나무가,"218,331","1,822",1,"  32,000 ~ 37,000 ","  32,000 ~ 37,000 ",0.91,"37,000",108.34,3.62,-9.73,37000,33400,20151112
유앤아이,"15,639","1,553",1,"  25,000 ~ 30,000 ","  25,000 ~ 30,000 ",638.25,"30,000",377.4,4,-4.5,30000,28650,20151112
케어젠,"28,584","14,155",1,"  80,000 ~ 90,000 ","  80,000 ~ 90,000 ",263.19,"110,000",833.46,62,-7.73,110000,101500,20151117
더블유게임즈,"71,257","27,908",1,"  51,000 ~ 61,000 ","  51,000 ~ 61,000 ",241.18,"65,000",413.82,14.66,0.15,65000,65100,20151104
연우,"168,759","8,670",1,"  20,300 ~ 25,200 ","  20,300 ~ 25,200 ",680,"25,200",317,51,11.71,25200,28150,20151102
에이티젠,"1,678","-6,031",1,"  12,500 ~ 14,500 ","  12,500 ~ 14,500 ",1166.97,"17,000",695.7,40.6,100,17000,34000,20151023
에치디프로,"66,063","2,664",1,"  7,800 ~ 8,900 ","  7,800 ~ 8,900 ",843.36,"8,900",362.84,6.21,7.64,8900,9580,20151013
타이거일렉,"25,327","2,694",1,"  6,000 ~ 6,900 ","  6,000 ~ 6,900 ",241.92,"6,000",230.02,1.36,-4.67,6000,5720,20150925
제너셈,"32,193","5,028",1,"  9,000 ~ 10,500 ","  9,000 ~ 10,500 ",797.33,"10,500",326.77,4.15,4.76,10500,11000,20150925
인포마크,"70,657","3,389",1,"  12,000 ~ 14,000 ","  12,000 ~ 14,000 ",381,"14,000",251.2,12,78.57,14000,25000,20150923
웹스,"27,878","3,328",1,"  6,500 ~ 7,200 ","  6,500 ~ 7,200 ",1114.21,"7,200",438.83,33.54,58.33,7200,11400,20150824
파인텍,"141,968","11,825",1,"  9,000 ~ 10,500 ","  9,000 ~ 10,500 ",1041.73,"10,500",382.64,45.68,100,10500,21000,20150817
흥국에프엔비,"35,084","6,272",1,"  14,500 ~ 17,500 ","  14,500 ~ 17,500 ",1001.61,"20,000",666.88,63.87,100,20000,40000,20150807
아시아경제신문사,"32,652","4,325",1,"  3,200 ~ 3,600 ","  3,200 ~ 3,600 ",12.31,"3,600",280.85,15.82,-10,3600,3240,20150731
아이쓰리시스템,"30,914","5,314",1,"  28,500 ~ 31,500 ","  28,500 ~ 31,500 ",1506.57,"36,000",768,37.6,75,36000,63000,20150730
로지시스,"32,026","1,745",1,"  2,000 ~ 2,500 ","  2,000 ~ 2,500 ",396.82,"2,500",345.68,13.28,67.2,2500,4180,20150729
파마리서치프로덕트,"24,765","8,838",1,"  40,000 ~ 47,000 ","  40,000 ~ 47,000 ",561,"55,000",728.06,57.9,100,55000,110000,20150724
펩트론,"3,103","-2,059",1,"  9,000 ~ 12,000 ","  9,000 ~ 12,000 ",1093.01,"16,000",699.59,67.4,100,16000,32000,20150722
민앤지,"17,677","5,284",1,"  21,200 ~ 24,000 ","  21,200 ~ 24,000 ",1107.81,"28,000",728.82,45.4,100,28000,56000,20150630
동운아나텍,"44,453","5,747",1,"  10,000 ~ 12,000 ","  10,000 ~ 12,000 ",47.76,"10,000",101.68,7.08,25,10000,12500,20150630
유테크,"51,362","4,185",1,"  8,000 ~ 9,000 ","  8,000 ~ 9,000 ",21.14,"9,000",351.1,8.59,39.44,9000,12550,20150630
코아스템,"12,988","-6,325",1,"  10,800 ~ 13,200 ","  10,800 ~ 13,200 ",751.91,"16,000",868.62,41.74,100,16000,32000,20150626
에스엔텍,"32,465","3,473",1,"  5,600 ~ 6,300 ","  5,600 ~ 6,300 ",22.9,"6,500",189.14,19.88,53.85,6500,10000,20150626
세미콘라이트,"48,137","6,246",1,"  11,300 ~ 13,700 ","  11,300 ~ 13,700 ",143.52,"11,300",187.7,4.5,1.77,11300,11500,20150625
싸이맥스,"54,714","5,993",1,"  14,300 ~ 16,300 ","  14,300 ~ 16,300 ",178.03,"16,300",238.72,2.93,-6.75,16300,15200,20150617
픽셀플러스,"123,937","20,127",1,"  33,000 ~ 37,000 ","  33,000 ~ 37,000 ",68.09,"30,000",131.67,2.25,-10,30000,27000,20150612
제노포커스,"2,195",112,1,"  8,000 ~ 9,000 ","  8,000 ~ 9,000 ",1206.75,"11,000",842.79,41.12,100,11000,22000,20150529
유지인트,"43,378","4,884",1,"  12,400 ~ 14,000 ","  12,400 ~ 14,000 ",857.34,"15,000",643.7,27.15,94.33,15000,29150,20150413
넥스트엔터테인먼트월드,"122,061","12,028",1,"  12,700 ~ 16,300 ","  12,700 ~ 16,300 ",33.55,"16,300",214.69,9.59,-3.07,16300,15800,20141223
아스트,"60,885","-6,517",1,"  7,000 ~ 10,000 ","  7,000 ~ 10,000 ",4.11,"9,500",74.59,5.74,-10,9500,8550,20141224
휴메딕스,"23,544","9,137",1,"  22,700 ~ 25,500 ","  22,700 ~ 25,500 ",571.55,"28,000",688.8,35.18,55.71,28000,43600,20141226
하이로닉,"13,420","3,096",1,"  43,000 ~ 47,400 ","  43,000 ~ 47,400 ",219.96,"51,000",500.56,22.7,25.1,51000,63800,20141217
디티앤씨(구.디지털이엠씨),"20,236","4,519",1,"  14,500 ~ 18,500 ","  14,500 ~ 18,500 ",620.63,"18,500",559.02,74.3,62.16,18500,30000,20141217
에이디테크놀로지,"42,419","3,042",1,"  16,000 ~ 18,000 ","  16,000 ~ 18,000 ",12.4,"15,000",33.19,7.53,-10,15000,13500,20141216
알테오젠,"5,527","1,606",1,"  23,000 ~ 26,000 ","  23,000 ~ 26,000 ",564.78,"26,000",409.2,14.4,-3.27,26000,25150,20141212
비씨월드제약,"30,375","3,454",1,"  12,000 ~ 15,700 ","  12,000 ~ 15,700 ",681,"15,700",356.75,26.6,15.29,15700,18100,20141215
에프엔씨엔터테인먼트,"24,838","1,691",1,"  24,000 ~ 28,000 ","  24,000 ~ 28,000 ",577.37,"28,000",185.35,9.91,-10,28000,25200,20141204
텔콘,"46,462","8,207",1,"  12,500 ~ 14,500 ","  12,500 ~ 14,500 ",482.06,"14,500",162.88,5.53,-4.83,14500,13800,20141124
디에이테크놀로지,"28,863","2,081",1,"  6,600 ~ 8,500 ","  6,600 ~ 8,500 ",488.77,"6,600",55.28,1.81,18.18,6600,7800,20141119
파티게임즈,"27,040","8,748",1,"  10,500 ~ 13,000 ","  10,500 ~ 13,000 ",735.99,"13,000",224.12,24.62,100,13000,26000,20141121
테고사이언스,"6,307","1,596",1,"  10,500 ~ 12,500 ","  10,500 ~ 12,500 ",622.14,"13,500",591.09,30.5,100,13500,27000,20141106
슈피겐코리아,"54,240","9,495",1,"  22,500 ~ 27,500 ","  22,500 ~ 27,500 ",360.12,"27,500",255.6,30.86,34.91,27500,37100,20141105
데브시스터즈,"61,303","22,326",1,"  43,000 ~ 50,000 ","  43,000 ~ 50,000 ",285.28,"53,000",651.66,29.98,33.96,53000,71000,20141006
신화콘텍,"51,059","6,446",1,"  8,100 ~ 9,100 ","  8,100 ~ 9,100 ",99.3,"9,100",441.99,10.37,-10,9100,8190,20140808
덕신하우징,"104,434","11,718",1,"  9,600 ~ 11,000 ","  9,600 ~ 11,000 ",899.07,"13,000",650.72,59.86,66.54,13000,21650,20140801
창해에탄올,"69,032","14,887",1,"  6,000 ~ 6,900 ","  6,000 ~ 6,900 ",675.79,"8,300",578.2,59.5,100,8300,16600,20140730
윈하이텍,"57,400","7,122",1,"  6,600 ~ 7,500 ","  6,600 ~ 7,500 ",589.58,"8,300",444.1,55.6,60.24,8300,13300,20140725
