range,name,type,day,gongmo_p,sicho_p,count,quarter,year,총점,카운트,Quater_per
0,오스코텍,kosdaq,2006-01-17,9000,13000,1,1,2006,1,1,0.0
1,켐트로닉스,kosdaq,2006-01-17,9500,9800,1,1,2006,2,2,0.0
2,인포뱅크,kosdaq,2006-07-04,4600,4610,1,3,2006,1,1,1.0
3,사이버패스,kosdaq,2006-07-04,5200,4860,-1,3,2006,0,2,1.0
4,맥스엔지니어링,kosdaq,2006-07-04,2900,4285,1,3,2006,1,3,1.0
5,팬엔터테인먼트,kosdaq,2006-07-07,7000,9900,1,3,2006,2,4,1.0
6,미디어플렉스,kosdaq,2006-07-07,24000,37500,1,3,2006,3,5,1.0
7,한국전자금융,kosdaq,2006-07-14,20500,32950,1,3,2006,4,6,1.0
8,엑스씨이,kosdaq,2006-07-21,7500,6900,-1,3,2006,3,7,1.0
9,티엘아이,kosdaq,2006-07-25,11400,11000,-1,3,2006,2,8,1.0
10,젠트로,kosdaq,2006-07-25,2200,2400,1,3,2006,3,9,1.0
11,트라이콤,kosdaq,2006-07-25,4800,4320,-1,3,2006,2,10,1.0
12,지오텔,kosdaq,2006-08-01,9800,9250,-1,3,2006,1,11,1.0
13,엘씨텍,kosdaq,2006-08-08,1500,3000,1,3,2006,2,12,1.0
14,평산,kosdaq,2006-08-22,15500,24400,1,3,2006,3,13,1.0
15,현대EP(유가),kospi,2006-09-25,18500,37000,1,3,2006,4,14,1.0
16,엠디에스테크놀로지,kosdaq,2006-09-26,13000,17500,1,3,2006,5,15,1.0
17,바텍,kosdaq,2006-09-28,6700,8920,1,3,2006,6,16,1.0
18,용현비엠,kosdaq,2006-10-10,9000,13000,1,4,2006,1,1,0.375
19,삼정펄프(유가),kospi,2006-10-17,29000,55400,1,4,2006,2,2,0.375
20,광진윈텍,kosdaq,2006-10-20,2600,5200,1,4,2006,3,3,0.375
21,이녹스,kosdaq,2006-10-20,6500,9630,1,4,2006,4,4,0.375
22,제이티,kosdaq,2006-10-27,2700,4000,1,4,2006,5,5,0.375
23,넥스턴,kosdaq,2006-11-01,4100,4600,1,4,2006,6,6,0.375
24,성창에어텍,kosdaq,2006-11-03,3400,6000,1,4,2006,7,7,0.375
25,인천도시가스(유가),kospi,2006-11-07,19000,34000,1,4,2006,8,8,0.375
26,고려반도체시스템,kosdaq,2006-11-08,5500,8000,1,4,2006,9,9,0.375
27,화신테크,kosdaq,2006-11-10,2700,5400,1,4,2006,10,10,0.375
28,주연테크(유가),kospi,2006-11-15,6400,10200,1,4,2006,11,11,0.375
29,크레듀,kosdaq,2006-11-16,24000,48000,1,4,2006,12,12,0.375
30,큐에스아이,kosdaq,2006-11-24,6800,13600,1,4,2006,13,13,0.375
31,에스에이티,kosdaq,2006-11-28,5200,10400,1,4,2006,14,14,0.375
32,다사테크,kosdaq,2006-12-05,12000,24000,1,4,2006,15,15,0.375
33,유니테스트,kosdaq,2006-12-05,22000,28000,1,4,2006,16,16,0.375
34,파트론,kosdaq,2006-12-13,8300,10150,1,4,2006,17,17,0.375
35,한국컴퓨터,kosdaq,2006-12-13,23500,37000,1,4,2006,18,18,0.375
36,휴온스,kosdaq,2006-12-19,9300,17100,1,4,2006,19,19,0.375
37,펜타마이크로,kosdaq,2006-12-19,10200,14000,1,4,2006,20,20,0.375
38,디앤티,kosdaq,2006-12-22,6200,9100,1,4,2006,21,21,0.375
39,아비스타(유가),kospi,2006-12-26,11100,13200,1,4,2006,22,22,0.375
40,신양엔지니어링,kosdaq,2006-12-27,9100,9400,1,4,2006,23,23,0.375
41,동아엘텍,kosdaq,2007-01-03,6000,7020,1,1,2007,1,1,1.0
42,젯텍,kosdaq,2007-01-10,7000,8500,1,1,2007,2,2,1.0
43,비에이치,kosdaq,2007-01-26,4600,4805,1,1,2007,3,3,1.0
44,네오팜,kosdaq,2007-01-30,8000,12100,1,1,2007,4,4,1.0
45,나노캠텍,kosdaq,2007-01-30,7000,13000,1,1,2007,5,5,1.0
46,오스템임플란트,kosdaq,2007-02-07,15000,16400,1,1,2007,6,6,1.0
47,이트레이드증권,kosdaq,2007-02-21,6500,13000,1,1,2007,7,7,1.0
48,이엠텍,kosdaq,2007-05-02,7100,11000,1,2,2007,1,1,1.0
49,에프알텍,kosdaq,2007-05-18,3300,6000,1,2,2007,2,2,1.0
50,에버테크노,kosdaq,2007-05-22,5200,8000,1,2,2007,3,3,1.0
51,한라레벨,kosdaq,2007-05-22,8600,17200,1,2,2007,4,4,1.0
52,잘만테크,kosdaq,2007-05-22,14000,24000,1,2,2007,5,5,1.0
53,상신이디피,kosdaq,2007-05-23,7000,14000,1,2,2007,6,6,1.0
54,동국제약,kosdaq,2007-05-29,14000,28000,1,2,2007,7,7,1.0
55,케이프,kosdaq,2007-05-29,18000,36000,1,2,2007,8,8,1.0
56,풍강,kosdaq,2007-06-01,3700,7300,1,2,2007,9,9,1.0
57,엔텔스,kosdaq,2007-06-20,10000,20000,1,2,2007,10,10,1.0
58,삼성카드(유가),kospi,2007-06-27,48000,62200,1,2,2007,11,11,1.0
59,디지텍시스템스,kosdaq,2007-07-04,21000,37500,1,3,2007,1,1,1.0
60,컴투스,kosdaq,2007-07-06,12000,24000,1,3,2007,2,2,1.0
61,메모리앤테스팅,kosdaq,2007-07-18,8000,15900,1,3,2007,3,3,1.0
62,바로비젼,kosdaq,2007-07-20,8900,12000,1,3,2007,4,4,1.0
63,에코프로,kosdaq,2007-07-20,9000,16000,1,3,2007,5,5,1.0
64,아로마소프트,kosdaq,2007-07-25,8200,12900,1,3,2007,6,6,1.0
65,아구스,kosdaq,2007-07-27,14500,19850,1,3,2007,7,7,1.0
66,에스엔케이폴리텍,kosdaq,2007-07-30,8900,12500,1,3,2007,8,8,1.0
67,3노드디지탈,kosdaq,2007-08-17,2500,3000,1,3,2007,9,9,1.0
68,빅솔론,kosdaq,2007-08-20,10000,12000,1,3,2007,10,10,1.0
69,넥스지,kosdaq,2007-08-20,9600,12000,1,3,2007,11,11,1.0
70,웨이브일렉트로닉스,kosdaq,2007-09-12,10000,10100,1,3,2007,12,12,1.0
71,푸른기술,kosdaq,2007-09-14,12500,12500,-1,3,2007,11,13,1.0
72,연이정보통신,kosdaq,2007-09-19,4000,3670,-1,3,2007,10,14,1.0
73,옴니시스템,kosdaq,2007-09-19,6500,7160,1,3,2007,11,15,1.0
74,에스티엑스팬오션(유가),kospi,2007-09-21,1720,1775,1,3,2007,12,16,1.0
75,바이오톡스텍,kosdaq,2007-09-21,5500,7900,1,3,2007,13,17,1.0
76,네오티스,kosdaq,2007-10-01,11500,11500,-1,4,2007,-1,1,0.765
77,아이에스시테크놀러지,kosdaq,2007-10-01,21000,18900,-1,4,2007,-2,2,0.765
78,상보,kosdaq,2007-10-01,15000,16500,1,4,2007,-1,3,0.765
79,미래나노텍,kosdaq,2007-10-01,37000,38000,1,4,2007,0,4,0.765
80,오디텍,kosdaq,2007-10-08,10000,9320,-1,4,2007,-1,5,0.765
81,엘지에스,kosdaq,2007-10-12,11000,9900,-1,4,2007,-2,6,0.765
82,제이엠텔레콤,kosdaq,2007-10-12,5700,5700,-1,4,2007,-3,7,0.765
83,성우전자,kosdaq,2007-10-12,11000,9900,-1,4,2007,-4,8,0.765
84,에스에너지,kosdaq,2007-10-16,19000,38000,1,4,2007,-3,9,0.765
85,디아이씨(유가),kospi,2007-10-18,63000,61000,-1,4,2007,-4,10,0.765
86,다믈멀티미디어,kosdaq,2007-10-19,4500,5300,1,4,2007,-3,11,0.765
87,현우산업,kosdaq,2007-10-24,6800,6500,-1,4,2007,-4,12,0.765
88,효성ITX(유가),kospi,2007-10-25,5000,10000,1,4,2007,-3,13,0.765
89,KSS해운(유가),kospi,2007-10-26,65000,130000,1,4,2007,-2,14,0.765
90,이엘케이,kosdaq,2007-10-29,10000,9000,-1,4,2007,-3,15,0.765
91,이엠코리아,kosdaq,2007-10-29,8500,9390,1,4,2007,-2,16,0.765
92,기신정기(유가),kospi,2007-10-30,10000,14800,1,4,2007,-1,17,0.765
93,쉘라인(유가),kospi,2007-11-01,17400,15700,-1,4,2007,-2,18,0.765
94,비엠티,kosdaq,2007-11-02,8000,7200,-1,4,2007,-3,19,0.765
95,일진정공,kosdaq,2007-11-06,5200,10400,1,4,2007,-2,20,0.765
96,제이에스전선(유가),kospi,2007-11-12,24000,48000,1,4,2007,-1,21,0.765
97,씨모텍,kosdaq,2007-11-14,23000,25000,1,4,2007,0,22,0.765
98,디엔에프(유가),kospi,2007-11-16,12000,10800,-1,4,2007,-1,23,0.765
99,알에프세미,kosdaq,2007-11-20,4800,4600,-1,4,2007,-2,24,0.765
100,세실,kosdaq,2007-11-20,11000,9900,-1,4,2007,-3,25,0.765
101,화풍방직(유가),kospi,2007-11-26,5600,6300,1,4,2007,-2,26,0.765
102,성진지오텍(유가),kospi,2007-11-29,14000,13400,-1,4,2007,-3,27,0.765
103,위즈위드,kosdaq,2007-12-05,5200,5650,1,4,2007,-2,28,0.765
104,한전KPS(유가),kospi,2007-12-14,13300,17100,1,4,2007,-1,29,0.765
105,대창메탈,kosdaq,2007-12-17,6500,8500,1,4,2007,0,30,0.765
106,이씨에스텔레콤,kosdaq,2007-12-18,2500,3200,1,4,2007,1,31,0.765
107,서원인텍,kosdaq,2007-12-20,6000,5500,-1,4,2007,0,32,0.765
108,미성포리테크,kosdaq,2007-12-20,6300,5900,-1,4,2007,-1,33,0.765
109,쎄믹스,kosdaq,2007-12-26,3300,3900,1,4,2007,0,34,0.765
110,일신랩,kosdaq,2007-12-26,4500,6000,1,4,2007,1,35,0.765
111,에스맥,kosdaq,2008-01-23,3500,3410,-1,1,2008,-1,1,0.029
112,엔케이(유가),kospi,2008-01-24,10000,9000,-1,1,2008,-2,2,0.029
113,마이스코,kosdaq,2008-01-25,18000,18000,-1,1,2008,-3,3,0.029
114,네오엠텔,kosdaq,2008-01-25,8500,10000,1,1,2008,-2,4,0.029
115,코웰이홀딩스,kosdaq,2008-01-29,2000,1900,-1,1,2008,-3,5,0.029
116,넥실리온,kosdaq,2008-01-30,3500,4200,1,1,2008,-2,6,0.029
117,텔레필드,kosdaq,2008-02-01,5000,5000,-1,1,2008,-3,7,0.029
118,제너시스템즈,kosdaq,2008-03-26,3500,4700,1,1,2008,-2,8,0.029
119,네패스신소재,kosdaq,2008-04-04,4400,7650,1,2,2008,1,1,-0.25
120,효성오앤비,kosdaq,2008-04-08,7500,9950,1,2,2008,2,2,-0.25
121,메타바이오메드,kosdaq,2008-04-15,9000,12500,1,2,2008,3,3,-0.25
122,실리콘화일,kosdaq,2008-04-25,6000,6100,1,2,2008,4,4,-0.25
123,엘디티,kosdaq,2008-05-02,3800,7250,1,2,2008,5,5,-0.25
124,예스이십사,kosdaq,2008-05-07,6300,10000,1,2,2008,6,6,-0.25
125,우진비앤지,kosdaq,2008-05-20,4000,7700,1,2,2008,7,7,-0.25
126,테스,kosdaq,2008-05-20,34000,38500,1,2,2008,8,8,-0.25
127,세미텍,kosdaq,2008-05-23,5000,5710,1,2,2008,9,9,-0.25
128,제이씨엔터테인먼트,kosdaq,2008-05-30,10500,10500,-1,2,2008,8,10,-0.25
129,고영테크놀러지,kosdaq,2008-06-03,11500,10350,-1,2,2008,7,11,-0.25
130,브리지텍,kosdaq,2008-06-04,3100,3200,1,2,2008,8,12,-0.25
131,쎄트렉아이,kosdaq,2008-06-13,43000,48000,1,2,2008,9,13,-0.25
132,윌덱스,kosdaq,2008-06-19,10000,9000,-1,2,2008,8,14,-0.25
133,씨디아이홀딩스,kosdaq,2008-06-27,33000,35100,1,2,2008,9,15,-0.25
134,비유와상징(유가),kospi,2008-06-30,33000,29700,-1,2,2008,8,16,-0.25
135,서울옥션,kosdaq,2008-07-01,11000,9900,-1,3,2008,-1,1,0.5
136,이스트소프트,kosdaq,2008-07-01,9800,16000,1,3,2008,0,2,0.5
137,명문제약(유가),kospi,2008-07-10,6000,5400,-1,3,2008,-1,3,0.5
138,슈프리마,kosdaq,2008-07-11,27100,24400,-1,3,2008,-2,4,0.5
139,코리아에스이,kosdaq,2008-07-15,5500,6100,1,3,2008,-1,5,0.5
140,한텍엔지니어링,kosdaq,2008-07-18,8500,7900,-1,3,2008,-2,6,0.5
141,아이엠,kosdaq,2008-07-23,5000,5437,1,3,2008,-1,7,0.5
142,LG이노텍(유가),kospi,2008-07-24,40500,43000,1,3,2008,0,8,0.5
143,삼강엠앤티,kosdaq,2008-08-01,6500,8100,1,3,2008,1,9,0.5
144,케이제이프리텍,kosdaq,2008-09-18,3000,2800,-1,3,2008,0,10,0.5
145,마이크로컨텍솔루션,kosdaq,2008-09-23,2000,3500,1,3,2008,1,11,0.5
146,세운메디칼,kosdaq,2008-09-30,5600,9800,1,3,2008,2,12,0.5
147,사이버다임,kosdaq,2008-10-06,3100,4015,1,4,2008,1,1,0.167
148,심팩에이앤씨,kosdaq,2008-10-17,12000,10800,-1,4,2008,0,2,0.167
149,이크레더블,kosdaq,2008-10-24,18000,16200,-1,4,2008,-1,3,0.167
150,에너지솔루션즈,kosdaq,2008-11-25,3000,4210,1,4,2008,0,4,0.167
151,LG파워콤(유가),kospi,2008-11-27,5700,7000,1,4,2008,1,5,0.167
152,연합과기공고유한공사(유가),kospi,2008-12-04,2200,2600,1,4,2008,2,6,0.167
153,아이컴포넌트,kosdaq,2008-12-16,3500,4235,1,4,2008,3,7,0.167
154,엠게임,kosdaq,2008-12-19,10000,15000,1,4,2008,4,8,0.167
155,메디톡스,kosdaq,2009-01-16,14000,13500,-1,1,2009,-1,1,0.5
156,대성파인텍,kosdaq,2009-01-23,3500,4495,1,1,2009,0,2,0.5
157,유비쿼스,kosdaq,2009-01-23,6100,7000,1,1,2009,1,3,0.5
158,이수앱지스,kosdaq,2009-02-03,5500,8000,1,1,2009,2,4,0.5
159,중국식품포장유한공사,kosdaq,2009-03-27,1500,2260,1,1,2009,3,5,0.5
160,네오피델리티,kosdaq,2009-03-31,4500,9000,1,1,2009,4,6,0.5
161,코오롱생명과학,kosdaq,2009-04-07,23500,47000,1,2,2009,1,1,0.667
162,뷰웍스,kosdaq,2009-04-10,9000,18000,1,2,2009,2,2,0.667
163,에스앤에스텍,kosdaq,2009-04-14,4000,8000,1,2,2009,3,3,0.667
164,에스티오,kosdaq,2009-04-17,5000,10000,1,2,2009,4,4,0.667
165,엔에스브이,kosdaq,2009-04-17,4300,8600,1,2,2009,5,5,0.667
166,에이테크솔루션,kosdaq,2009-04-17,5400,10800,1,2,2009,6,6,0.667
167,티플랙스,kosdaq,2009-04-23,3000,6000,1,2,2009,7,7,0.667
168,네프로아이티,kosdaq,2009-04-24,4500,9000,1,2,2009,8,8,0.667
169,우림기계,kosdaq,2009-04-28,10000,16000,1,2,2009,9,9,0.667
170,신텍,kosdaq,2009-04-30,12500,25000,1,2,2009,10,10,0.667
171,흥국,kosdaq,2009-05-12,4200,8400,1,2,2009,11,11,0.667
172,STX엔파코(유가),kospi,2009-05-15,13000,26000,1,2,2009,12,12,0.667
173,서울마린,kosdaq,2009-05-19,10000,20000,1,2,2009,13,13,0.667
174,한국정밀기계,kosdaq,2009-05-19,22000,44000,1,2,2009,14,14,0.667
175,해덕선기,kosdaq,2009-05-21,8500,17000,1,2,2009,15,15,0.667
176,중국원양자원유한공사(유가),kospi,2009-05-22,3100,6200,1,2,2009,16,16,0.667
177,뉴그리드테크놀로지,kosdaq,2009-05-26,3500,7000,1,2,2009,17,17,0.667
178,이엔에프테크놀로지,kosdaq,2009-05-28,5500,11000,1,2,2009,18,18,0.667
179,차이나그레이트스타인터내셔널리,kosdaq,2009-05-29,1700,3400,1,2,2009,19,19,0.667
180,조이맥스,kosdaq,2009-06-03,55000,110000,1,2,2009,20,20,0.667
181,어보브반도체,kosdaq,2009-06-05,3300,5200,1,2,2009,21,21,0.667
182,동아지질(유가),kospi,2009-06-12,14500,16000,1,2,2009,22,22,0.667
183,한미파슨스건축사사무소(유가),kospi,2009-06-23,14500,19150,1,2,2009,23,23,0.667
184,대우캐피탈(유가),kospi,2009-06-25,8000,7900,-1,2,2009,22,24,0.667
185,동일금속,kosdaq,2009-07-28,8000,10000,1,3,2009,1,1,0.917
186,게임빌,kosdaq,2009-07-30,15000,19800,1,3,2009,2,2,0.917
187,에스앤더블류,kosdaq,2009-08-05,6700,10000,1,3,2009,3,3,0.917
188,동국S&C,kosdaq,2009-08-31,11000,9900,-1,3,2009,2,4,0.917
189,제넥신,kosdaq,2009-09-15,27000,30500,1,3,2009,3,5,0.917
190,톱텍,kosdaq,2009-09-15,10400,13350,1,3,2009,4,6,0.917
191,디에스케이,kosdaq,2009-09-23,5000,10000,1,3,2009,5,7,0.917
192,모린스,kosdaq,2009-09-25,39000,36100,-1,3,2009,4,8,0.917
193,에리트베이직(유가),kospi,2009-09-28,4000,5490,1,3,2009,5,9,0.917
194,쌍용머티리얼(유가),kospi,2009-09-29,17500,15750,-1,3,2009,4,10,0.917
195,케이엔더블유,kosdaq,2009-09-29,11000,16000,1,3,2009,5,11,0.917
196,아이앤씨테크놀로지,kosdaq,2009-10-06,16000,16000,-1,4,2009,-1,1,0.455
197,네오위즈벅스,kosdaq,2009-10-06,9000,8100,-1,4,2009,-2,2,0.455
198,동양생명(유가),kospi,2009-10-08,17000,15700,-1,4,2009,-3,3,0.455
199,한스바이오메드,kosdaq,2009-10-09,5500,7150,1,4,2009,-2,4,0.455
200,진로(유가),kospi,2009-10-19,41000,40100,-1,4,2009,-3,5,0.455
201,스틸플라워,kosdaq,2009-10-27,13500,14050,1,4,2009,-2,6,0.455
202,비츠로셀,kosdaq,2009-10-28,5500,5870,1,4,2009,-1,7,0.455
203,진매트릭스,kosdaq,2009-11-06,8000,8100,1,4,2009,0,8,0.455
204,디엠씨,kosdaq,2009-11-06,6300,5670,-1,4,2009,-1,9,0.455
205,동방선기,kosdaq,2009-11-10,4000,4055,1,4,2009,0,10,0.455
206,에스케이씨앤씨(유가),kospi,2009-11-11,30000,32250,1,4,2009,1,11,0.455
207,이너스텍,kosdaq,2009-11-13,10000,11500,1,4,2009,2,12,0.455
208,GKL(유가),kospi,2009-11-19,12000,15000,1,4,2009,3,13,0.455
209,강원비앤이,kosdaq,2009-11-20,4700,5000,1,4,2009,4,14,0.455
210,이원컴포텍,kosdaq,2009-12-01,2000,4000,1,4,2009,5,15,0.455
211,중국엔진집단유한공사,kosdaq,2009-12-04,6000,8500,1,4,2009,6,16,0.455
212,디오텍,kosdaq,2009-12-10,9000,11000,1,4,2009,7,17,0.455
213,한전기술(유가),kospi,2009-12-14,21600,27000,1,4,2009,8,18,0.455
214,현대푸드시스템(유가),kospi,2009-12-17,11600,18000,1,4,2009,9,19,0.455
215,멜파스,kosdaq,2009-12-18,43200,45000,1,4,2009,10,20,0.455
216,위메이드엔터테인먼트,kosdaq,2009-12-18,62000,57000,-1,4,2009,9,21,0.455
217,아이티엑스시큐리티,kosdaq,2009-12-22,6000,7400,1,4,2009,10,22,0.455
218,동양피엔에프,kosdaq,2009-12-22,12000,17000,1,4,2009,11,23,0.455
219,KPX라이프사이언스,kosdaq,2009-12-22,6200,7600,1,4,2009,12,24,0.455
220,글로벌에스엠테크리미티드,kosdaq,2009-12-23,3200,3710,1,4,2009,13,25,0.455
221,코디에스,kosdaq,2010-01-05,6000,9300,1,1,2010,1,1,0.52
222,승화엘엠씨,kosdaq,2010-01-06,6700,8800,1,1,2010,2,2,0.52
223,우노앤컴퍼니,kosdaq,2010-01-15,6500,5850,-1,1,2010,1,3,0.52
224,영흥철강(유가),kospi,2010-01-25,12000,12400,1,1,2010,2,4,0.52
225,아세아텍,kosdaq,2010-01-26,4100,3985,-1,1,2010,1,5,0.52
226,스타플렉스,kosdaq,2010-01-27,15000,15700,1,1,2010,2,6,0.52
227,우리넷,kosdaq,2010-01-27,6700,9900,1,1,2010,3,7,0.52
228,락앤락(유가),kospi,2010-01-28,15700,20000,1,1,2010,4,8,0.52
229,지역난방공사(유가),kospi,2010-01-29,45000,90000,1,1,2010,5,9,0.52
230,에이치디시에스,kosdaq,2010-02-02,15000,18500,1,1,2010,6,10,0.52
231,모베이스,kosdaq,2010-02-04,13200,17000,1,1,2010,7,11,0.52
232,에스이티아이,kosdaq,2010-02-04,17500,15750,-1,1,2010,6,12,0.52
233,차이나하오란리사이클링,kosdaq,2010-02-05,4700,4350,-1,1,2010,5,13,0.52
234,인포바인,kosdaq,2010-02-09,33000,36000,1,1,2010,6,14,0.52
235,하이소닉,kosdaq,2010-02-09,13000,14200,1,1,2010,7,15,0.52
236,이미지스테크놀로지,kosdaq,2010-02-26,6000,6000,-1,1,2010,6,16,0.52
237,대우증권그린코리아SPAC(유가),kospi,2010-03-03,3500,3705,1,1,2010,7,17,0.52
238,대한생명보험(유가),kospi,2010-03-17,8200,8700,1,1,2010,8,18,0.52
239,현대드림투게더,kosdaq,2010-03-19,6000,6800,1,1,2010,9,19,0.52
240,동양밸류오션SPAC(유가),kospi,2010-03-25,10000,15000,1,1,2010,10,20,0.52
241,디지탈아리아,kosdaq,2010-03-26,11000,22000,1,1,2010,11,21,0.52
242,차이나킹하이웨이,kosdaq,2010-03-31,3700,4100,1,1,2010,12,22,0.52
243,케이씨에스,kosdaq,2010-04-14,1600,3200,1,2,2010,1,1,0.545
244,뉴프라이드,kosdaq,2010-04-21,7500,15000,1,2,2010,2,2,0.545
245,동아체육용품유한공사,kosdaq,2010-04-23,5000,4500,-1,2,2010,1,3,0.545
246,삼성생명(유가),kospi,2010-05-12,110000,119500,1,2,2010,2,4,0.545
247,만도(유가),kospi,2010-05-19,83000,97000,1,2,2010,3,5,0.545
248,모바일리더,kosdaq,2010-05-25,15000,21000,1,2,2010,4,6,0.545
249,인피니트헬스케어(구.인피니트테,kosdaq,2010-05-26,5200,5940,1,2,2010,5,7,0.545
250,투비소프트,kosdaq,2010-06-01,8000,16000,1,2,2010,6,8,0.545
251,실리콘웍스,kosdaq,2010-06-08,67000,66900,-1,2,2010,5,9,0.545
252,솔라시아,kosdaq,2010-06-09,5000,9500,1,2,2010,6,10,0.545
253,이연제약(유가),kospi,2010-06-10,16500,16500,-1,2,2010,5,11,0.545
254,케이엔디티앤아이,kosdaq,2010-06-15,8500,11000,1,2,2010,6,12,0.545
255,처음앤씨,kosdaq,2010-06-18,13000,12100,-1,2,2010,5,13,0.545
256,유비벨록스,kosdaq,2010-06-18,11000,12250,1,2,2010,6,14,0.545
257,웅진에너지(유가),kospi,2010-06-30,9500,12000,1,2,2010,7,15,0.545
258,에스디시스템,kosdaq,2010-07-16,14800,17500,1,3,2010,1,1,0.467
259,크루셜텍,kosdaq,2010-07-21,23500,31900,1,3,2010,2,2,0.467
260,웨이포트(홍콩),kosdaq,2010-07-23,1400,1395,-1,3,2010,1,3,0.467
261,우진(유가),kospi,2010-07-26,15000,30000,1,3,2010,2,4,0.467
262,하이텍팜,kosdaq,2010-07-28,11500,16200,1,3,2010,3,5,0.467
263,인터로조,kosdaq,2010-07-28,12000,10800,-1,3,2010,2,6,0.467
264,아이마켓코리아(유가),kospi,2010-07-30,15300,22100,1,3,2010,3,7,0.467
265,이글루시큐리티,kosdaq,2010-08-04,14000,12600,-1,3,2010,2,8,0.467
266,엠에스오토텍,kosdaq,2010-08-06,5500,11000,1,3,2010,3,9,0.467
267,도화종합기술공사(유가),kospi,2010-08-12,22000,19800,-1,3,2010,2,10,0.467
268,대신증권그로쓰알파,kosdaq,2010-08-24,2000,1990,-1,3,2010,1,11,0.467
269,와이솔,kosdaq,2010-09-10,8000,7200,-1,3,2010,0,12,0.467
270,씨젠,kosdaq,2010-09-10,30500,27450,-1,3,2010,-1,13,0.467
271,현대홈쇼핑(유가),kospi,2010-09-13,90000,124500,1,3,2010,0,14,0.467
272,다원시스,kosdaq,2010-09-14,11000,11300,1,3,2010,1,15,0.467
273,성융광전투자,kosdaq,2010-09-15,2800,2920,1,3,2010,2,16,0.467
274,케이티씨에스(구.한국인포데이타(유가),kospi,2010-09-16,2600,3055,1,3,2010,3,17,0.467
275,알파칩스,kosdaq,2010-09-17,12000,15500,1,3,2010,4,18,0.467
276,포메탈,kosdaq,2010-09-17,6000,5710,-1,3,2010,3,19,0.467
277,휠라코리아(유가),kospi,2010-09-28,35000,70000,1,3,2010,4,20,0.467
278,아이씨코리아,kosdaq,2010-10-19,2800,4500,1,4,2010,1,1,0.2
279,코렌,kosdaq,2010-10-22,5800,6300,1,4,2010,2,2,0.2
280,인화정공,kosdaq,2010-10-22,26000,30200,1,4,2010,3,3,0.2
281,누리플랜,kosdaq,2010-10-26,5500,8400,1,4,2010,4,4,0.2
282,아이텍반도체,kosdaq,2010-10-26,9100,9150,1,4,2010,5,5,0.2
283,케이엔엔,kosdaq,2010-11-03,9000,8800,-1,4,2010,4,6,0.2
284,삼본정밀전자,kosdaq,2010-11-05,8800,9300,1,4,2010,5,7,0.2
285,아나패스,kosdaq,2010-11-05,52000,54400,1,4,2010,6,8,0.2
286,디케이락,kosdaq,2010-11-12,7500,7480,-1,4,2010,5,9,0.2
287,코프라,kosdaq,2010-11-12,7000,14000,1,4,2010,6,10,0.2
288,한국전자인증,kosdaq,2010-11-19,1600,1800,1,4,2010,7,11,0.2
289,시그네틱스,kosdaq,2010-11-26,2600,2700,1,4,2010,8,12,0.2
290,케이티롤,kosdaq,2010-11-26,6800,8210,1,4,2010,9,13,0.2
291,대구방송,kosdaq,2010-11-29,7500,7100,-1,4,2010,8,14,0.2
292,코라오홀딩스(유가),kospi,2010-11-30,4800,7300,1,4,2010,9,15,0.2
293,세우테크,kosdaq,2010-12-01,5500,6500,1,4,2010,10,16,0.2
294,한전산업개발(유가),kospi,2010-12-16,5500,5490,-1,4,2010,9,17,0.2
295,케이티스(구.한국인포서비스)(유가),kospi,2010-12-17,2700,2920,1,4,2010,10,18,0.2
296,대정화금,kosdaq,2010-12-20,9200,13100,1,4,2010,11,19,0.2
297,현대HCN(유가),kospi,2010-12-23,3800,3420,-1,4,2010,10,20,0.2
298,대구도시가스(유가),kospi,2010-12-24,5400,5560,1,4,2010,11,21,0.2
299,액트,kosdaq,2010-12-27,2700,2430,-1,4,2010,10,22,0.2
300,두산엔진(유가),kospi,2011-01-04,19300,22350,1,1,2011,1,1,0.455
301,티에스이,kosdaq,2011-01-05,45000,66600,1,1,2011,2,2,0.455
302,인텍플러스,kosdaq,2011-01-05,7000,14000,1,1,2011,3,3,0.455
303,다나와,kosdaq,2011-01-24,14000,25800,1,1,2011,4,4,0.455
304,씨그널정보통신,kosdaq,2011-01-24,8500,17000,1,1,2011,5,5,0.455
305,중국고섬공고(유가),kospi,2011-01-25,7000,6300,-1,1,2011,4,6,0.455
306,인트론바이오테크놀로지,kosdaq,2011-01-26,6100,12200,1,1,2011,5,7,0.455
307,블루콤,kosdaq,2011-01-26,12000,18850,1,1,2011,6,8,0.455
308,딜리,kosdaq,2011-01-31,8000,7600,-1,1,2011,5,9,0.455
309,제이엔케이히터,kosdaq,2011-01-31,13600,12250,-1,1,2011,4,10,0.455
310,엘비세미콘,kosdaq,2011-01-31,4700,4650,-1,1,2011,3,11,0.455
311,티피씨,kosdaq,2011-02-08,5200,7000,1,1,2011,4,12,0.455
312,케이아이엔엑스,kosdaq,2011-02-08,8000,8000,-1,1,2011,3,13,0.455
313,나노신소재,kosdaq,2011-02-09,17000,17550,1,1,2011,4,14,0.455
314,현대위아(유가),kospi,2011-02-21,65000,76500,1,1,2011,5,15,0.455
315,부스타,kosdaq,2011-02-23,4200,3780,-1,1,2011,4,16,0.455
316,일진머티리얼즈(유가),kospi,2011-03-04,15800,15300,-1,1,2011,3,17,0.455
317,티케이케미칼,kosdaq,2011-04-26,5000,4850,-1,2,2011,-1,1,0.176
318,이퓨쳐,kosdaq,2011-04-27,6400,12800,1,2,2011,0,2,0.176
319,한국종합기술(유가),kospi,2011-04-28,7100,9300,1,2,2011,1,3,0.176
320,골프존,kosdaq,2011-05-20,85000,94400,1,2,2011,2,4,0.176
321,케이엠에이치,kosdaq,2011-05-25,9500,8550,-1,2,2011,1,5,0.176
322,세아특수강(유가),kospi,2011-06-01,28000,32500,1,2,2011,2,6,0.176
323,엘티에스,kosdaq,2011-06-02,34000,30600,-1,2,2011,1,7,0.176
324,KT스카이라이프(유가),kospi,2011-06-03,17000,17500,1,2,2011,2,8,0.176
325,완리인터내셔널홀딩스,kosdaq,2011-06-13,4100,3850,-1,2,2011,1,9,0.176
326,넥스트아이,kosdaq,2011-06-14,10000,9000,-1,2,2011,0,10,0.176
327,리켐,kosdaq,2011-06-14,14000,18200,1,2,2011,1,11,0.176
328,코오롱플라스틱(유가),kospi,2011-06-15,4300,6900,1,2,2011,2,12,0.176
329,쓰리피시스템,kosdaq,2011-06-17,5800,5800,-1,2,2011,1,13,0.176
330,엠케이트렌드(유가),kospi,2011-06-21,11000,15500,1,2,2011,2,14,0.176
331,탑금속,kosdaq,2011-06-24,6500,8120,1,2,2011,3,15,0.176
332,하이마트(유가),kospi,2011-06-29,59000,53100,-1,2,2011,2,16,0.176
333,한국항공우주산업(유가),kospi,2011-06-30,15500,19300,1,2,2011,3,17,0.176
334,대양전기공업,kosdaq,2011-07-08,9000,11200,1,3,2011,1,1,0.176
335,옵티시스,kosdaq,2011-07-12,7600,11000,1,3,2011,2,2,0.176
336,나이벡,kosdaq,2011-07-13,10000,15000,1,3,2011,3,3,0.176
337,신세계인터내셔날(유가),kospi,2011-07-14,65000,103000,1,3,2011,4,4,0.176
338,상아프론테크,kosdaq,2011-07-21,6000,7680,1,3,2011,5,5,0.176
339,삼원강재(유가),kospi,2011-07-22,4000,8000,1,3,2011,6,6,0.176
340,경봉,kosdaq,2011-07-29,7100,10900,1,3,2011,7,7,0.176
341,제닉,kosdaq,2011-08-03,22000,35600,1,3,2011,8,8,0.176
342,아이씨디,kosdaq,2011-08-05,34000,62800,1,3,2011,9,9,0.176
343,제이씨케미칼,kosdaq,2011-08-08,7200,10300,1,3,2011,10,10,0.176
344,화진,kosdaq,2011-08-10,4300,6330,1,3,2011,11,11,0.176
345,피앤이솔루션,kosdaq,2011-09-27,8000,8110,1,3,2011,12,12,0.176
346,대한과학,kosdaq,2011-10-11,3000,5010,1,4,2011,1,1,1.0
347,넥솔론(유가),kospi,2011-10-14,4000,6000,1,4,2011,2,2,1.0
348,로보스타,kosdaq,2011-10-17,5800,7800,1,4,2011,3,3,1.0
349,케이맥,kosdaq,2011-10-25,14500,24750,1,4,2011,4,4,1.0
350,테라세미콘,kosdaq,2011-11-01,13500,23800,1,4,2011,5,5,1.0
351,씨엔플러스,kosdaq,2011-11-02,11500,15200,1,4,2011,6,6,1.0
352,씨큐브,kosdaq,2011-11-08,5750,7000,1,4,2011,7,7,1.0
353,신흥기계,kosdaq,2011-11-08,8500,16000,1,4,2011,8,8,1.0
354,테크윙,kosdaq,2011-11-10,23000,30000,1,4,2011,9,9,1.0
355,아이테스트,kosdaq,2011-11-11,2400,2690,1,4,2011,10,10,1.0
356,쎄미시스코,kosdaq,2011-11-18,9500,11100,1,4,2011,11,11,1.0
357,와이지엔터테인먼트,kosdaq,2011-11-23,34000,68000,1,4,2011,12,12,1.0
358,이엠넷,kosdaq,2011-11-25,6400,11400,1,4,2011,13,13,1.0
359,신진에스엠,kosdaq,2011-11-28,15000,15000,-1,4,2011,12,14,1.0
360,에스에프씨,kosdaq,2011-11-30,14000,12600,-1,4,2011,11,15,1.0
361,티브이로직,kosdaq,2011-12-01,12000,10850,-1,4,2011,10,16,1.0
362,넥스트리밍,kosdaq,2011-12-02,6000,5400,-1,4,2011,9,17,1.0
363,사파이어테크놀로지,kosdaq,2011-12-05,65000,58500,-1,4,2011,8,18,1.0
364,씨유메디칼시스템,kosdaq,2011-12-15,12000,16000,1,4,2011,9,19,1.0
365,인터지스(유가),kospi,2011-12-16,10000,9000,-1,4,2011,8,20,1.0
366,서암기계공업,kosdaq,2011-12-19,3800,4000,1,4,2011,9,21,1.0
367,시큐브,kosdaq,2011-12-21,4900,4410,-1,4,2011,8,22,1.0
368,나이스디앤비,kosdaq,2011-12-22,1700,2450,1,4,2011,9,23,1.0
369,GS리테일(지에스리테일)(유가),kospi,2011-12-23,19500,19500,-1,4,2011,8,24,1.0
370,디엔에이링크,kosdaq,2011-12-26,7700,15400,1,4,2011,9,25,1.0
371,원익머트리얼즈,kosdaq,2011-12-28,27000,40000,1,4,2011,10,26,1.0
372,동아팜텍,kosdaq,2012-01-20,24000,35000,1,1,2012,1,1,0.385
373,남화토건,kosdaq,2012-01-31,3000,4000,1,1,2012,2,2,0.385
374,뉴로스,kosdaq,2012-02-15,8500,13600,1,1,2012,3,3,0.385
375,사람인에이치알,kosdaq,2012-02-21,5000,10000,1,1,2012,4,4,0.385
376,휴비스(유가),kospi,2012-02-23,12200,12250,1,1,2012,5,5,0.385
377,빛샘전자,kosdaq,2012-03-21,4400,8800,1,1,2012,6,6,0.385
378,코오롱패션머티리얼(유가),kospi,2012-04-05,14500,20000,1,2,2012,1,1,1.0
379,에스비아이모기지,kosdaq,2012-04-30,7000,6300,-1,2,2012,0,2,1.0
380,비아트론,kosdaq,2012-05-04,15900,25500,1,2,2012,1,3,1.0
381,사조씨푸드(유가),kospi,2012-06-29,10600,10000,-1,2,2012,0,4,1.0
382,피엔티,kosdaq,2012-07-06,17000,22300,1,3,2012,1,1,0.0
383,디지탈옵틱,kosdaq,2012-07-13,11500,10900,-1,3,2012,0,2,0.0
384,네이블커뮤니케이션즈,kosdaq,2012-07-19,9000,9920,1,3,2012,1,3,0.0
385,엠씨넥스,kosdaq,2012-07-25,15000,13500,-1,3,2012,0,4,0.0
386,우양에이치씨,kosdaq,2012-07-26,5500,4950,-1,3,2012,-1,5,0.0
387,에이제이렌터카(구.아주오토렌탈)(유가),kospi,2012-07-27,7000,6460,-1,3,2012,-2,6,0.0
388,나노스,kosdaq,2012-08-02,7000,9280,1,3,2012,-1,7,0.0
389,모다정보통신,kosdaq,2012-09-25,7000,8900,1,3,2012,0,8,0.0
390,코이즈,kosdaq,2012-09-27,7500,9000,1,3,2012,1,9,0.0
391,아바텍,kosdaq,2012-11-06,6300,10500,1,4,2012,1,1,0.111
392,CJ헬로비전(유가),kospi,2012-11-09,16000,15100,-1,4,2012,0,2,0.111
393,와이엠씨,kosdaq,2012-11-15,6000,7090,1,4,2012,1,3,0.111
394,맥스로텍,kosdaq,2012-11-16,7000,10650,1,4,2012,2,4,0.111
395,GMB코리아(유가),kospi,2012-11-20,6000,5990,-1,4,2012,1,5,0.111
396,디젠스,kosdaq,2012-11-22,1800,2800,1,4,2012,2,6,0.111
397,우리로광통신,kosdaq,2012-11-27,10300,9270,-1,4,2012,1,7,0.111
398,SBIAXES(구.AXES홀딩스),kosdaq,2012-12-17,3600,3240,-1,4,2012,0,8,0.111
399,씨에스엘쏠라,kosdaq,2012-12-27,10000,12500,1,4,2012,1,9,0.111
400,포티스,kosdaq,2013-01-29,3900,5700,1,1,2013,1,1,0.111
401,아이센스,kosdaq,2013-01-30,19000,29200,1,1,2013,2,2,0.111
402,우리이앤엘,kosdaq,2013-02-05,4900,4410,-1,1,2013,1,3,0.111
403,아이원스,kosdaq,2013-02-07,4500,5500,1,1,2013,2,4,0.111
404,지디,kosdaq,2013-02-13,18000,25150,1,1,2013,3,5,0.111
405,제로투세븐,kosdaq,2013-02-19,8300,13050,1,1,2013,4,6,0.111
406,코렌텍,kosdaq,2013-03-05,16000,15950,-1,1,2013,3,7,0.111
407,윈팩,kosdaq,2013-03-07,4000,4050,1,1,2013,4,8,0.111
408,세호로보트,kosdaq,2013-04-03,7800,14000,1,2,2013,1,1,0.5
409,삼목강업,kosdaq,2013-04-30,2600,3440,1,2,2013,2,2,0.5
410,레고켐바이오사이언스,kosdaq,2013-05-10,15500,19900,1,2,2013,3,3,0.5
411,디에스알(유가),kospi,2013-05-15,4000,5000,1,2,2013,4,4,0.5
412,엑세스바이오,kosdaq,2013-05-30,4500,9000,1,2,2013,5,5,0.5
413,나스미디어,kosdaq,2013-07-17,8800,15050,1,3,2013,1,1,1.0
414,KG이티에스,kosdaq,2013-07-24,3800,4000,1,3,2013,2,2,1.0
415,파이오링크,kosdaq,2013-08-01,10500,18500,1,3,2013,3,3,1.0
416,금호N.T,kosdaq,2013-08-02,3100,6200,1,3,2013,4,4,1.0
417,아미코젠,kosdaq,2013-09-12,25000,50000,1,3,2013,5,5,1.0
418,지엔씨에너지,kosdaq,2013-10-02,6000,12000,1,4,2013,1,1,1.0
419,엘티씨,kosdaq,2013-10-08,20500,25000,1,4,2013,2,2,1.0
420,파수닷컴,kosdaq,2013-10-18,5800,6000,1,4,2013,3,3,1.0
421,테스나,kosdaq,2013-10-22,13500,15300,1,4,2013,4,4,1.0
422,현대로템(유가),kospi,2013-10-30,23000,33700,1,4,2013,5,5,1.0
423,내츄럴엔도텍,kosdaq,2013-10-31,40000,80000,1,4,2013,6,6,1.0
424,해성옵틱스,kosdaq,2013-11-06,6600,7800,1,4,2013,7,7,1.0
425,에이씨티,kosdaq,2013-11-08,8100,12000,1,4,2013,8,8,1.0
426,미동전자통신,kosdaq,2013-11-13,20000,19400,-1,4,2013,7,9,1.0
427,램테크놀러지,kosdaq,2013-11-18,3900,6250,1,4,2013,8,10,1.0
428,라이온켐텍,kosdaq,2013-11-19,12500,14200,1,4,2013,9,11,1.0
429,신송홀딩스,kosdaq,2013-11-21,6500,10900,1,4,2013,10,12,1.0
430,우리기업인수목적2호,kosdaq,2013-11-21,2000,2005,1,4,2013,11,13,1.0
431,디엠티,kosdaq,2013-11-26,5700,5210,-1,4,2013,10,14,1.0
432,엔브이에이치코리아,kosdaq,2013-12-03,4500,4440,-1,4,2013,9,15,1.0
433,현대공업,kosdaq,2013-12-04,7500,8850,1,4,2013,10,16,1.0
434,알티캐스트,kosdaq,2013-12-06,8500,8500,-1,4,2013,9,17,1.0
435,인트로메딕,kosdaq,2013-12-19,6000,6700,1,4,2013,10,18,1.0
436,기가레인(구.맥시스),kosdaq,2013-12-19,5500,4950,-1,4,2013,9,19,1.0
437,이지웰페어,kosdaq,2013-12-27,4400,7000,1,4,2013,10,20,1.0
438,솔루에타,kosdaq,2013-12-27,24000,21600,-1,4,2013,9,21,1.0
439,한국정보인증,kosdaq,2014-02-04,1800,2900,1,1,2014,1,1,0.429
440,인터파크INT,kosdaq,2014-02-06,7700,15400,1,1,2014,2,2,0.429
441,오이솔루션,kosdaq,2014-02-27,10000,20000,1,1,2014,3,3,0.429
442,BGF리테일(구.보광훼미리마트)(유가),kospi,2014-05-19,41000,57000,1,2,2014,1,1,1.0
443,캐스텍코리아,kosdaq,2014-05-27,6500,11500,1,2,2014,2,2,1.0
444,트루윈,kosdaq,2014-07-11,10500,17000,1,3,2014,1,1,1.0
445,화인베스틸(유가),kospi,2014-07-22,4700,4490,-1,3,2014,0,2,1.0
446,아진엑스텍,kosdaq,2014-07-24,7000,7900,1,3,2014,1,3,1.0
447,윈하이텍,kosdaq,2014-07-25,8300,13300,1,3,2014,2,4,1.0
448,창해에탄올,kosdaq,2014-07-30,8300,16600,1,3,2014,3,5,1.0
449,덕신하우징,kosdaq,2014-08-01,13000,21650,1,3,2014,4,6,1.0
450,파버나인,kosdaq,2014-08-04,12500,12300,-1,3,2014,3,7,1.0
451,쿠쿠전자(유가),kospi,2014-08-06,104000,180000,1,3,2014,4,8,1.0
452,신화콘텍,kosdaq,2014-08-08,9100,8190,-1,3,2014,3,9,1.0
453,감마누,kosdaq,2014-08-14,11000,22000,1,3,2014,4,10,1.0
454,데브시스터즈,kosdaq,2014-10-06,53000,71000,1,4,2014,1,1,0.4
455,메디아나,kosdaq,2014-10-07,6200,6370,1,4,2014,2,2,0.4
456,영우디에스피,kosdaq,2014-10-29,5000,5500,1,4,2014,3,3,0.4
457,테라셈,kosdaq,2014-10-30,3000,3200,1,4,2014,4,4,0.4
458,슈피겐코리아,kosdaq,2014-11-05,27500,37100,1,4,2014,5,5,0.4
459,테고사이언스,kosdaq,2014-11-06,13500,27000,1,4,2014,6,6,0.4
460,삼성SDS(유가),kospi,2014-11-14,190000,380000,1,4,2014,7,7,0.4
461,디에이테크놀로지,kosdaq,2014-11-19,6600,7800,1,4,2014,8,8,0.4
462,파티게임즈,kosdaq,2014-11-21,13000,26000,1,4,2014,9,9,0.4
463,텔콘,kosdaq,2014-11-24,14500,13800,-1,4,2014,8,10,0.4
464,씨에스윈드(유가),kospi,2014-11-27,43500,39150,-1,4,2014,7,11,0.4
465,에프엔씨엔터테인먼트,kosdaq,2014-12-04,28000,25200,-1,4,2014,6,12,0.4
466,대창스틸,kosdaq,2014-12-05,2500,3605,1,4,2014,7,13,0.4
467,에스케이씨코오롱피아이,kosdaq,2014-12-08,8000,7800,-1,4,2014,6,14,0.4
468,알테오젠,kosdaq,2014-12-12,26000,25150,-1,4,2014,5,15,0.4
469,비씨월드제약,kosdaq,2014-12-15,15700,18100,1,4,2014,6,16,0.4
470,에이디테크놀로지,kosdaq,2014-12-16,15000,13500,-1,4,2014,5,17,0.4
471,랩지노믹스,kosdaq,2014-12-16,13200,16650,1,4,2014,6,18,0.4
472,녹십자엠에스,kosdaq,2014-12-17,6000,9000,1,4,2014,7,19,0.4
473,디티앤씨(구.디지털이엠씨),kosdaq,2014-12-17,18500,30000,1,4,2014,8,20,0.4
474,하이로닉,kosdaq,2014-12-17,51000,63800,1,4,2014,9,21,0.4
475,제일모직(구.삼성에버랜드)(유가),kospi,2014-12-18,53000,106000,1,4,2014,10,22,0.4
476,아이티센,kosdaq,2014-12-23,7500,8460,1,4,2014,11,23,0.4
477,넥스트엔터테인먼트월드,kosdaq,2014-12-23,16300,15800,-1,4,2014,10,24,0.4
478,아스트,kosdaq,2014-12-24,9500,8550,-1,4,2014,9,25,0.4
479,오킨스전자,kosdaq,2014-12-24,7100,11000,1,4,2014,10,26,0.4
480,서전기전,kosdaq,2014-12-24,6500,8000,1,4,2014,11,27,0.4
481,휴메딕스,kosdaq,2014-12-26,28000,43600,1,4,2014,12,28,0.4
482,하이셈,kosdaq,2014-12-26,1500,2610,1,4,2014,13,29,0.4
483,영백씨엠,kosdaq,2014-12-29,5500,11000,1,4,2014,14,30,0.4
484,국일신동,kosdaq,2014-12-29,1700,3225,1,4,2014,15,31,0.4
485,포시에스,kosdaq,2015-02-11,9100,15500,1,1,2015,1,1,0.484
486,세화아이엠씨(유가),kospi,2015-03-19,16300,18100,1,1,2015,2,2,0.484
487,NS쇼핑(구.농수산홈쇼핑)(유가),kospi,2015-03-27,235000,211500,-1,1,2015,1,3,0.484
488,유지인트,kosdaq,2015-04-13,15000,29150,1,2,2015,1,1,0.333
489,제노포커스,kosdaq,2015-05-29,11000,22000,1,2,2015,2,2,0.333
490,픽셀플러스,kosdaq,2015-06-12,30000,27000,-1,2,2015,1,3,0.333
491,싸이맥스,kosdaq,2015-06-17,16300,15200,-1,2,2015,0,4,0.333
492,베셀,kosdaq,2015-06-19,9000,13400,1,2,2015,1,5,0.333
493,에스케이디앤디(유가),kospi,2015-06-23,26000,52000,1,2,2015,2,6,0.333
494,세미콘라이트,kosdaq,2015-06-25,11300,11500,1,2,2015,3,7,0.333
495,코아스템,kosdaq,2015-06-26,16000,32000,1,2,2015,4,8,0.333
496,에스엔텍,kosdaq,2015-06-26,6500,10000,1,2,2015,5,9,0.333
497,경보제약(유가),kospi,2015-06-29,15000,30000,1,2,2015,6,10,0.333
498,민앤지,kosdaq,2015-06-30,28000,56000,1,2,2015,7,11,0.333
499,유테크,kosdaq,2015-06-30,9000,12550,1,2,2015,8,12,0.333
500,동운아나텍,kosdaq,2015-06-30,10000,12500,1,2,2015,9,13,0.333
501,미래에셋생명보험(유가),kospi,2015-07-08,7500,7400,-1,3,2015,-1,1,0.692
502,토니모리(유가),kospi,2015-07-10,32000,64000,1,3,2015,0,2,0.692
503,이노션(유가),kospi,2015-07-17,68000,66500,-1,3,2015,-1,3,0.692
504,펩트론,kosdaq,2015-07-22,16000,32000,1,3,2015,0,4,0.692
505,파마리서치프로덕트,kosdaq,2015-07-24,55000,110000,1,3,2015,1,5,0.692
506,로지시스,kosdaq,2015-07-29,2500,4180,1,3,2015,2,6,0.692
507,아이쓰리시스템,kosdaq,2015-07-30,36000,63000,1,3,2015,3,7,0.692
508,아시아경제신문사,kosdaq,2015-07-31,3600,3240,-1,3,2015,2,8,0.692
509,칩스앤미디어,kosdaq,2015-08-05,10500,13700,1,3,2015,3,9,0.692
510,흥국에프엔비,kosdaq,2015-08-07,20000,40000,1,3,2015,4,10,0.692
511,파인텍,kosdaq,2015-08-17,10500,21000,1,3,2015,5,11,0.692
512,에이제이네트웍스(유가),kospi,2015-08-21,34300,30900,-1,3,2015,4,12,0.692
513,웹스,kosdaq,2015-08-24,7200,11400,1,3,2015,5,13,0.692
514,인포마크,kosdaq,2015-09-23,14000,25000,1,3,2015,6,14,0.692
515,동일제강(유가),kospi,2015-09-24,3000,3870,1,3,2015,7,15,0.692
516,아이콘트롤스(유가),kospi,2015-09-24,32000,31650,-1,3,2015,6,16,0.692
517,타이거일렉,kosdaq,2015-09-25,6000,5720,-1,3,2015,5,17,0.692
518,제너셈,kosdaq,2015-09-25,10500,11000,1,3,2015,6,18,0.692
519,엘아이지넥스원(유가),kospi,2015-10-02,76000,68400,-1,4,2015,-1,1,0.333
520,에치디프로,kosdaq,2015-10-13,8900,9580,1,4,2015,0,2,0.333
521,엑시콘,kosdaq,2015-10-22,10000,10400,1,4,2015,1,3,0.333
522,에이티젠,kosdaq,2015-10-23,17000,34000,1,4,2015,2,4,0.333
523,연우,kosdaq,2015-11-02,25200,28150,1,4,2015,3,5,0.333
524,더블유게임즈,kosdaq,2015-11-04,65000,65100,1,4,2015,4,6,0.333
525,제주항공(유가),kospi,2015-11-06,30000,49500,1,4,2015,5,7,0.333
526,금호에이치티(유가),kospi,2015-11-11,10000,9500,-1,4,2015,4,8,0.333
527,유앤아이,kosdaq,2015-11-12,30000,28650,-1,4,2015,3,9,0.333
528,나무가,kosdaq,2015-11-12,37000,33400,-1,4,2015,2,10,0.333
529,아이진,kosdaq,2015-11-16,13500,12900,-1,4,2015,1,11,0.333
530,케어젠,kosdaq,2015-11-17,110000,101500,-1,4,2015,0,12,0.333
531,네오오토,kosdaq,2015-11-18,12000,11800,-1,4,2015,-1,13,0.333
532,매직마이크로,kosdaq,2015-11-19,5500,5420,-1,4,2015,-2,14,0.333
533,케이디켐,kosdaq,2015-11-19,16000,14850,-1,4,2015,-3,15,0.333
534,리드,kosdaq,2015-11-20,5100,4590,-1,4,2015,-4,16,0.333
535,엠지메드,kosdaq,2015-11-20,40000,41000,1,4,2015,-3,17,0.333
536,하이즈항공,kosdaq,2015-11-25,18000,16200,-1,4,2015,-4,18,0.333
537,세진중공업(유가),kospi,2015-11-30,3500,3495,-1,4,2015,-5,19,0.333
538,미래테크놀로지,kosdaq,2015-12-01,16100,14950,-1,4,2015,-6,20,0.333
539,엔에스,kosdaq,2015-12-07,8000,12950,1,4,2015,-5,21,0.333
540,멕아이씨에스,kosdaq,2015-12-14,4500,8000,1,4,2015,-4,22,0.333
541,예스티,kosdaq,2015-12-16,14500,15500,1,4,2015,-3,23,0.333
542,뉴트리바이오텍,kosdaq,2015-12-16,21000,23000,1,4,2015,-2,24,0.333
543,보광산업,kosdaq,2015-12-17,4000,6110,1,4,2015,-1,25,0.333
544,파크시스템스,kosdaq,2015-12-17,9000,11000,1,4,2015,0,26,0.333
545,메가엠디,kosdaq,2015-12-18,3000,5020,1,4,2015,1,27,0.333
546,강스템바이오텍,kosdaq,2015-12-21,6000,7200,1,4,2015,2,28,0.333
547,씨트리,kosdaq,2015-12-21,6500,9250,1,4,2015,3,29,0.333
548,덱스터,kosdaq,2015-12-22,14000,24800,1,4,2015,4,30,0.333
549,아진산업,kosdaq,2015-12-22,6500,7620,1,4,2015,5,31,0.333
550,한국맥널티,kosdaq,2015-12-23,8000,16000,1,4,2015,6,32,0.333
551,이에스브이,kosdaq,2015-12-24,10000,18500,1,4,2015,7,33,0.333
552,휴젤,kosdaq,2015-12-24,150000,199500,1,4,2015,8,34,0.333
553,육일씨엔에쓰,kosdaq,2015-12-24,6000,6560,1,4,2015,9,35,0.333
554,잇츠스킨(유가),kospi,2015-12-28,170000,172000,1,4,2015,10,36,0.333
555,코디엠,kosdaq,2015-12-29,4700,7490,1,4,2015,11,37,0.333
556,코리아오토글라스(유가),kospi,2015-12-29,11000,11600,1,4,2015,12,38,0.333
557,에스와이패널,kosdaq,2015-12-29,5000,4700,-1,4,2015,11,39,0.333
558,한솔씨앤피,kosdaq,2016-01-27,13000,18950,1,1,2016,1,1,0.282
559,차이나크리스탈신소재,kosdaq,2016-01-28,3000,4000,1,1,2016,2,2,0.282
560,유니트론텍,kosdaq,2016-02-02,14000,25300,1,1,2016,3,3,0.282
561,아이엠텍,kosdaq,2016-02-03,7500,8500,1,1,2016,4,4,0.282
562,제이에스코퍼레이션(유가),kospi,2016-02-04,23000,39100,1,1,2016,5,5,0.282
563,안트로젠,kosdaq,2016-02-15,24000,38000,1,1,2016,6,6,0.282
564,큐리언트,kosdaq,2016-02-29,21000,33900,1,1,2016,7,7,0.282
565,에이피위성통신,kosdaq,2016-03-04,9700,12400,1,1,2016,8,8,0.282
566,팬젠,kosdaq,2016-03-11,16500,24900,1,1,2016,9,9,0.282
567,대림씨엔에스(유가),kospi,2016-03-30,27700,24950,-1,1,2016,8,10,0.282
568,동양파일,kosdaq,2016-04-06,10000,9000,-1,2,2016,-1,1,0.8
569,씨엠에스에듀,kosdaq,2016-04-07,23200,26800,1,2,2016,0,2,0.8
570,레이언스,kosdaq,2016-04-11,25000,23700,-1,2,2016,-1,3,0.8
571,해태제과식품(유가),kospi,2016-05-11,15100,18960,1,2,2016,0,4,0.8
572,용평리조트(유가),kospi,2016-05-27,7000,9000,1,2,2016,1,5,0.8
573,알엔투테크놀로지,kosdaq,2016-06-22,5800,12500,1,2,2016,2,6,0.8
574,에스티팜,kosdaq,2016-06-23,29000,47000,1,2,2016,3,7,0.8
575,녹십자랩셀,kosdaq,2016-06-23,18500,37000,1,2,2016,4,8,0.8
576,해성디에스(유가),kospi,2016-06-24,12000,16700,1,2,2016,5,9,0.8
577,로스웰,kosdaq,2016-06-30,3200,3915,1,2,2016,6,10,0.8
578,피앤씨테크,kosdaq,2016-07-04,10200,11000,1,3,2016,1,1,0.6
579,바이오리더스,kosdaq,2016-07-07,15000,17100,1,3,2016,2,2,0.6
580,한국자산신탁(유가),kospi,2016-07-13,10300,9900,-1,3,2016,1,3,0.6
581,대유위니아(구.위니아만도),kosdaq,2016-07-14,6800,7900,1,3,2016,2,4,0.6
582,장원테크,kosdaq,2016-07-15,17500,22250,1,3,2016,3,5,0.6
583,옵토팩,kosdaq,2016-07-20,5900,6210,1,3,2016,4,6,0.6
584,우리손에프앤지,kosdaq,2016-07-27,2210,4000,1,3,2016,5,7,0.6
585,엔지스테크널러지,kosdaq,2016-07-28,10000,19000,1,3,2016,6,8,0.6
586,두올(유가),kospi,2016-07-29,8500,8190,-1,3,2016,5,9,0.6
587,팍스넷,kosdaq,2016-08-01,5200,10400,1,3,2016,6,10,0.6
588,에코마케팅,kosdaq,2016-08-08,35000,68000,1,3,2016,7,11,0.6
589,헝셩그룹,kosdaq,2016-08-18,3600,3240,-1,3,2016,6,12,0.6
590,자이글,kosdaq,2016-09-06,11000,13600,1,3,2016,7,13,0.6
591,유니테크노,kosdaq,2016-09-20,10300,12750,1,3,2016,8,14,0.6
592,엘에스전선아시아(유가),kospi,2016-09-22,8000,7200,-1,3,2016,7,15,0.6
593,화승엔터프라이즈(유가),kospi,2016-10-04,15000,13500,-1,4,2016,-1,1,0.467
594,미투온,kosdaq,2016-10-10,3800,3420,-1,4,2016,-2,2,0.467
595,수산아이앤티(구.플러스기술),kosdaq,2016-10-11,11500,11500,-1,4,2016,-3,3,0.467
596,앤디포스,kosdaq,2016-10-12,14500,17500,1,4,2016,-2,4,0.467
597,잉글우드랩,kosdaq,2016-10-14,6000,8360,1,4,2016,-1,5,0.467
598,에이치시티,kosdaq,2016-10-17,17000,19500,1,4,2016,0,6,0.467
599,인텔리안테크놀로지스,kosdaq,2016-10-18,19000,18750,-1,4,2016,-1,7,0.467
600,금세기차륜(골든센츄리),kosdaq,2016-10-19,3500,4005,1,4,2016,0,8,0.467
601,그레이트리치과기,kosdaq,2016-10-25,5000,5000,-1,4,2016,-1,9,0.467
602,제이더블유생명과학(유가),kospi,2016-10-27,30000,33050,1,4,2016,0,10,0.467
603,에이치엘사이언스(구.건강사랑),kosdaq,2016-10-28,27000,38400,1,4,2016,1,11,0.467
604,코스메카코리아,kosdaq,2016-10-28,54000,71400,1,4,2016,2,12,0.467
605,인크로스,kosdaq,2016-10-31,43000,67700,1,4,2016,3,13,0.467
606,로고스바이오시스템스,kosdaq,2016-11-03,25500,25500,-1,4,2016,2,14,0.467
607,오가닉티코스메틱,kosdaq,2016-11-04,4000,6510,1,4,2016,3,15,0.467
608,클리오,kosdaq,2016-11-09,41000,39950,-1,4,2016,2,16,0.467
609,삼성바이오로직스(유가),kospi,2016-11-10,136000,135000,-1,4,2016,1,17,0.467
610,두산밥캣(유가),kospi,2016-11-18,30000,36000,1,4,2016,2,18,0.467
611,핸디소프트,kosdaq,2016-11-24,5600,8180,1,4,2016,3,19,0.467
612,에이치엔티일렉트로닉스,kosdaq,2016-11-28,10000,12100,1,4,2016,4,20,0.467
613,뉴파워프라즈마,kosdaq,2016-11-30,17500,17500,-1,4,2016,3,21,0.467
614,엘앤케이바이오,kosdaq,2016-11-30,15000,15750,1,4,2016,4,22,0.467
615,오션브릿지,kosdaq,2016-12-01,6600,7730,1,4,2016,5,23,0.467
616,퓨쳐켐,kosdaq,2016-12-01,15000,15750,1,4,2016,6,24,0.467
617,핸즈코퍼레이션(유가),kospi,2016-12-02,12000,10800,-1,4,2016,5,25,0.467
618,신라젠,kosdaq,2016-12-06,15000,13500,-1,4,2016,4,26,0.467
619,유니온커뮤니티,kosdaq,2016-12-07,5000,4465,-1,4,2016,3,27,0.467
620,애니젠,kosdaq,2016-12-07,18000,17800,-1,4,2016,2,28,0.467
621,코썬바이오,kosdaq,2016-12-09,7000,6300,-1,4,2016,1,29,0.467
622,마이크로프랜드,kosdaq,2016-12-12,7300,6570,-1,4,2016,0,30,0.467
623,티에스인베스트먼트,kosdaq,2016-12-15,1300,1470,1,4,2016,1,31,0.467
624,디에스씨인베스트먼트,kosdaq,2016-12-19,1700,3400,1,4,2016,2,32,0.467
625,퓨전데이타,kosdaq,2016-12-21,11500,20750,1,4,2016,3,33,0.467
626,유바이오로직스,kosdaq,2017-01-24,6000,5600,-1,1,2017,-1,1,0.091
627,서플러스글로벌,kosdaq,2017-01-25,8000,8500,1,1,2017,0,2,0.091
628,호전실업(유가),kospi,2017-02-02,25000,24500,-1,1,2017,-1,3,0.091
629,피씨엘,kosdaq,2017-02-23,8000,7800,-1,1,2017,-2,4,0.091
630,모바일어플라이언스,kosdaq,2017-02-24,3500,5900,1,1,2017,-1,5,0.091
631,에프엔에스테크,kosdaq,2017-02-27,14000,17050,1,1,2017,0,6,0.091
632,신신제약,kosdaq,2017-02-28,4500,6170,1,1,2017,1,7,0.091
633,에스디생명공학,kosdaq,2017-03-02,12000,15200,1,1,2017,2,8,0.091
634,덴티움(유가),kospi,2017-03-15,32000,38200,1,1,2017,3,9,0.091
635,아스타,kosdaq,2017-03-20,8000,9700,1,1,2017,4,10,0.091
636,코미코,kosdaq,2017-03-23,13000,29050,1,1,2017,5,11,0.091
637,서진시스템,kosdaq,2017-03-27,25000,40000,1,1,2017,6,12,0.091
638,이엘피,kosdaq,2017-04-06,20000,22000,1,2,2017,1,1,0.5
639,와이엠티,kosdaq,2017-04-27,21000,35100,1,2,2017,2,2,0.5
640,하나머티리얼즈,kosdaq,2017-04-28,12000,17500,1,2,2017,3,3,0.5
641,ING생명보험(유가),kospi,2017-05-11,33000,31200,-1,2,2017,2,4,0.5
642,넷마블게임즈(유가),kospi,2017-05-12,157000,165000,1,2,2017,3,5,0.5
643,필옵틱스,kosdaq,2017-06-01,48000,48200,1,2,2017,4,6,0.5
644,삼양옵틱스,kosdaq,2017-06-02,16700,16700,-1,2,2017,3,7,0.5
645,보라티알,kosdaq,2017-06-08,14300,18900,1,2,2017,4,8,0.5
646,제일홀딩스,kosdaq,2017-06-30,20700,18650,-1,2,2017,3,9,0.5
647,아우딘퓨쳐스,kosdaq,2017-07-12,26000,23400,-1,3,2017,-1,1,0.333
648,브이원텍,kosdaq,2017-07-13,17700,20100,1,3,2017,0,2,0.333
649,힘스,kosdaq,2017-07-20,20000,32500,1,3,2017,1,3,0.333
650,이즈미디어,kosdaq,2017-07-26,7500,8400,1,3,2017,2,4,0.333
651,셀트리온헬스케어,kosdaq,2017-07-28,41000,43650,1,3,2017,3,5,0.333
652,디앤씨미디어,kosdaq,2017-08-01,20000,32300,1,3,2017,4,6,0.333
653,지니언스,kosdaq,2017-08-02,13500,20050,1,3,2017,5,7,0.333
654,데이타솔루션,kosdaq,2017-08-03,3300,6600,1,3,2017,6,8,0.333
655,모트렉스,kosdaq,2017-08-04,38300,38000,-1,3,2017,5,9,0.333
656,컬러레이,kosdaq,2017-08-10,3800,3660,-1,3,2017,4,10,0.333
657,알에스오토메이션,kosdaq,2017-08-11,6000,11950,1,3,2017,5,11,0.333
658,이더블유케이,kosdaq,2017-08-22,5000,10000,1,3,2017,6,12,0.333
659,덕우전자,kosdaq,2017-08-28,15500,16900,1,3,2017,7,13,0.333
660,케이피에스,kosdaq,2017-09-06,14000,13500,-1,3,2017,6,14,0.333
661,펄어비스,kosdaq,2017-09-14,103000,92700,-1,3,2017,5,15,0.333
662,샘코,kosdaq,2017-09-15,11000,12000,1,3,2017,6,16,0.333
663,앱클론,kosdaq,2017-09-18,10000,20000,1,3,2017,7,17,0.333
664,엠플러스,kosdaq,2017-09-20,18000,28350,1,3,2017,8,18,0.333
665,선익시스템,kosdaq,2017-09-20,37000,33300,-1,3,2017,7,19,0.333
666,신흥에스이씨,kosdaq,2017-09-27,16000,29400,1,3,2017,8,20,0.333
667,유티아이,kosdaq,2017-09-27,25000,22500,-1,3,2017,7,21,0.333
668,에스엔피월드,kosdaq,2017-09-28,5100,5100,-1,3,2017,6,22,0.333
669,야스,kosdaq,2017-09-29,23500,21150,-1,3,2017,5,23,0.333
670,상신전자,kosdaq,2017-10-16,13300,13300,-1,4,2017,-1,1,0.217
671,세원,kosdaq,2017-10-20,5700,8600,1,4,2017,0,2,0.217
672,영화테크,kosdaq,2017-10-26,12500,25000,1,4,2017,1,3,0.217
673,테이팩스(유가),kospi,2017-10-31,23000,26600,1,4,2017,2,4,0.217
674,티슈진,kosdaq,2017-11-06,27000,52000,1,4,2017,3,5,0.217
675,비디아이,kosdaq,2017-11-09,10000,17600,1,4,2017,4,6,0.217
676,스튜디오드래곤,kosdaq,2017-11-24,35000,55300,1,4,2017,5,7,0.217
677,삼양패키징(유가),kospi,2017-11-29,26000,25750,-1,4,2017,4,8,0.217
678,비즈니스온커뮤니케이션,kosdaq,2017-11-30,9000,16900,1,4,2017,5,9,0.217
679,대원,kosdaq,2017-12-01,15000,16000,1,4,2017,6,10,0.217
680,체리부로,kosdaq,2017-12-04,4700,5020,1,4,2017,7,11,0.217
681,에스트래픽,kosdaq,2017-12-05,10000,20000,1,4,2017,8,12,0.217
682,메카로,kosdaq,2017-12-06,33000,43000,1,4,2017,9,13,0.217
683,씨티케이코스메틱스,kosdaq,2017-12-07,55000,49500,-1,4,2017,8,14,0.217
684,진에어(유가),kospi,2017-12-08,31800,31800,-1,4,2017,7,15,0.217
685,동양피스톤(유가),kospi,2017-12-08,5700,5130,-1,4,2017,6,16,0.217
686,디바이스이엔지,kosdaq,2017-12-20,12000,10800,-1,4,2017,5,17,0.217
687,시스웍,kosdaq,2017-12-26,2800,3810,1,4,2017,6,18,0.217
688,씨앤지하이테크,kosdaq,2018-01-25,16000,18600,1,1,2018,1,1,0.333
689,에스지이,kosdaq,2018-01-26,6000,5400,-1,1,2018,0,2,0.333
690,배럴,kosdaq,2018-02-01,9500,10400,1,1,2018,1,3,0.333
691,링크제니시스,kosdaq,2018-02-05,30000,53000,1,1,2018,2,4,0.333
692,카페24,kosdaq,2018-02-08,57000,84500,1,1,2018,3,5,0.333
693,아시아종묘,kosdaq,2018-02-12,4500,4520,1,1,2018,4,6,0.333
694,알리코제약,kosdaq,2018-02-12,12000,18100,1,1,2018,5,7,0.333
695,동구바이오제약,kosdaq,2018-02-13,16000,32000,1,1,2018,6,8,0.333
696,엔지켐생명과학,kosdaq,2018-02-21,56000,87000,1,1,2018,7,9,0.333
697,오스테오닉,kosdaq,2018-02-22,7700,15400,1,1,2018,8,10,0.333
698,린드먼아시아인베스트먼트,kosdaq,2018-03-14,6500,13000,1,1,2018,9,11,0.333
699,에코마이스터,kosdaq,2018-03-15,5200,7000,1,1,2018,10,12,0.333
700,애경산업(유가),kospi,2018-03-22,29100,28000,-1,1,2018,9,13,0.333
701,케어랩스,kosdaq,2018-03-28,20000,40000,1,1,2018,10,14,0.333
702,제이티씨(JTC),kosdaq,2018-04-06,8500,14050,1,2,2018,1,1,0.714
703,제노레이,kosdaq,2018-05-28,23000,45900,1,2,2018,2,2,0.714
704,세종메디칼,kosdaq,2018-05-29,15000,23100,1,2,2018,3,3,0.714
705,현대사료,kosdaq,2018-06-01,6600,13200,1,2,2018,4,4,0.714
706,파워넷,kosdaq,2018-06-07,6500,10100,1,2,2018,5,5,0.714
707,이원다이애그노믹스,kosdaq,2018-06-26,6500,9000,1,2,2018,6,6,0.714
708,에스브이인베스트먼트,kosdaq,2018-07-06,7000,9000,1,3,2018,1,1,1.0
709,아이큐어,kosdaq,2018-07-12,65000,58500,-1,3,2018,0,2,1.0
710,올릭스,kosdaq,2018-07-18,36000,72000,1,3,2018,1,3,1.0
711,엠코르셋,kosdaq,2018-07-23,11500,11050,-1,3,2018,0,4,1.0
712,한국유니온제약,kosdaq,2018-07-26,18000,23000,1,3,2018,1,5,1.0
713,롯데정보통신(유가),kospi,2018-07-27,29800,30550,1,3,2018,2,6,1.0
714,티웨이항공(유가),kospi,2018-08-01,12000,11600,-1,3,2018,1,7,1.0
715,휴네시온,kosdaq,2018-08-02,10000,15000,1,3,2018,2,8,1.0
716,에스에스알,kosdaq,2018-08-06,9000,18000,1,3,2018,3,9,1.0
717,디아이티,kosdaq,2018-08-07,10000,10550,1,3,2018,4,10,1.0
718,대유,kosdaq,2018-08-10,9000,13250,1,3,2018,5,11,1.0
719,바이오솔루션,kosdaq,2018-08-20,29000,28200,-1,3,2018,4,12,1.0
720,에이피티씨,kosdaq,2018-08-23,9000,9310,1,3,2018,5,13,1.0
721,오파스넷,kosdaq,2018-08-24,11000,18000,1,3,2018,6,14,1.0
722,액트로,kosdaq,2018-08-28,20000,20700,1,3,2018,7,15,1.0
723,디지캡,kosdaq,2018-09-07,12000,13250,1,3,2018,8,16,1.0
724,명성티엔에스,kosdaq,2018-09-13,20000,22000,1,3,2018,9,17,1.0
725,우진아이엔에스(유가),kospi,2018-09-14,15000,15150,1,3,2018,10,18,1.0
726,지티지웰니스,kosdaq,2018-09-21,11000,15250,1,3,2018,11,19,1.0
727,크리스에프앤씨,kosdaq,2018-10-01,30000,27000,-1,4,2018,-1,1,0.579
728,하나제약(유가),kospi,2018-10-02,26000,30100,1,4,2018,0,2,0.579
729,푸드나무,kosdaq,2018-10-04,24000,43350,1,4,2018,1,3,0.579
730,나우아이비캐피탈,kosdaq,2018-10-04,8500,9300,1,4,2018,2,4,0.579
731,에스퓨얼셀,kosdaq,2018-10-15,16500,33000,1,4,2018,3,5,0.579
732,로보티즈,kosdaq,2018-10-26,14000,28000,1,4,2018,4,6,0.579
733,옵티팜,kosdaq,2018-10-26,10000,9000,-1,4,2018,3,7,0.579
734,엘앤씨바이오,kosdaq,2018-11-01,24000,29800,1,4,2018,4,8,0.579
735,노바텍,kosdaq,2018-11-02,10000,14100,1,4,2018,5,9,0.579
736,대보마그네틱,kosdaq,2018-11-06,31000,60200,1,4,2018,6,10,0.579
737,셀리버리,kosdaq,2018-11-09,25000,32000,1,4,2018,7,11,0.579
738,노바렉스,kosdaq,2018-11-14,19000,25450,1,4,2018,8,12,0.579
739,디자인,kosdaq,2018-11-15,10100,20200,1,4,2018,9,13,0.579
740,디케이앤디,kosdaq,2018-11-20,6000,7570,1,4,2018,10,14,0.579
741,아주IB투자,kosdaq,2018-11-21,1500,1350,-1,4,2018,9,15,0.579
742,파멥신,kosdaq,2018-11-21,60000,58100,-1,4,2018,8,16,0.579
743,싸이토젠,kosdaq,2018-11-22,17000,17800,1,4,2018,9,17,0.579
744,디알젬,kosdaq,2018-11-22,6500,8470,1,4,2018,10,18,0.579
745,아시아나IDT(유가),kospi,2018-11-23,15000,14300,-1,4,2018,9,19,0.579
746,네오펙트,kosdaq,2018-11-28,11000,9900,-1,4,2018,8,20,0.579
747,티앤알바이오팹,kosdaq,2018-11-28,18000,16200,-1,4,2018,7,21,0.579
748,티로보틱스,kosdaq,2018-11-29,16000,14400,-1,4,2018,6,22,0.579
749,엠아이텍,kosdaq,2018-11-29,4500,4050,-1,4,2018,5,23,0.579
750,남화산업,kosdaq,2018-11-29,3700,5610,1,4,2018,6,24,0.579
751,윙입푸드,kosdaq,2018-11-30,2000,1800,-1,4,2018,5,25,0.579
752,베스파,kosdaq,2018-12-03,35000,33400,-1,4,2018,4,26,0.579
753,에코캡,kosdaq,2018-12-05,4200,4100,-1,4,2018,3,27,0.579
754,대유에이피,kosdaq,2018-12-07,3000,6000,1,4,2018,4,28,0.579
755,이노메트리,kosdaq,2018-12-12,26000,40000,1,4,2018,5,29,0.579
756,뉴트리,kosdaq,2018-12-13,14500,13050,-1,4,2018,4,30,0.579
757,전진바이오팜,kosdaq,2018-12-14,10000,11550,1,4,2018,5,31,0.579
758,머큐리,kosdaq,2018-12-14,6100,9630,1,4,2018,6,32,0.579
759,에이비엘바이오,kosdaq,2018-12-19,15000,13500,-1,4,2018,5,33,0.579
760,위지윅스튜디오,kosdaq,2018-12-20,11000,11250,1,4,2018,6,34,0.579
761,디케이티,kosdaq,2018-12-21,7400,12900,1,4,2018,7,35,0.579
762,유틸렉스,kosdaq,2018-12-24,50000,60100,1,4,2018,8,36,0.579
763,비피도,kosdaq,2018-12-26,18000,36000,1,4,2018,9,37,0.579
764,에어부산(유가),kospi,2018-12-27,3600,4020,1,4,2018,10,38,0.579
765,웹케시,kosdaq,2019-01-25,26000,31700,1,1,2019,1,1,0.263
766,노랑풍선,kosdaq,2019-01-30,20000,30350,1,1,2019,2,2,0.263
767,이노테라피,kosdaq,2019-02-01,18000,22200,1,1,2019,3,3,0.263
768,천보,kosdaq,2019-02-11,40000,52500,1,1,2019,4,4,0.263
769,셀리드,kosdaq,2019-02-20,33000,43750,1,1,2019,5,5,0.263
770,에코프로비엠,kosdaq,2019-03-05,48000,61100,1,1,2019,6,6,0.263
771,드림텍(유가),kospi,2019-03-14,13000,17350,1,1,2019,7,7,0.263
772,미래에셋벤처투자,kosdaq,2019-03-15,4500,6150,1,1,2019,8,8,0.263
773,이지케어텍,kosdaq,2019-03-22,12300,24600,1,1,2019,9,9,0.263
774,지노믹트리,kosdaq,2019-03-27,27000,29450,1,1,2019,10,10,0.263
775,현대오토에버(유가),kospi,2019-03-28,48000,75500,1,1,2019,11,11,0.263
776,아모그린텍,kosdaq,2019-03-29,9900,10300,1,1,2019,12,12,0.263
777,에스앤케이,kosdaq,2019-05-07,40400,36400,-1,2,2019,-1,1,1.0
778,컴퍼니케이파트너스,kosdaq,2019-05-23,4500,8200,1,2,2019,0,2,1.0
779,수젠텍,kosdaq,2019-05-28,12000,11150,-1,2,2019,-1,3,1.0
780,마이크로디지탈,kosdaq,2019-06-05,23000,41050,1,2,2019,0,4,1.0
781,까스텔바쟉,kosdaq,2019-06-10,12000,17000,1,2,2019,1,5,1.0
782,압타바이오,kosdaq,2019-06-12,30000,50200,1,2,2019,2,6,1.0
783,에이에프더블류,kosdaq,2019-07-01,22500,28000,1,3,2019,1,1,0.333
784,펌텍코리아,kosdaq,2019-07-04,190000,171000,-1,3,2019,0,2,0.333
785,아이스크림에듀,kosdaq,2019-07-11,15900,14350,-1,3,2019,-1,3,0.333
786,세틀뱅크,kosdaq,2019-07-12,55000,49500,-1,3,2019,-2,4,0.333
787,플리토,kosdaq,2019-07-17,26000,31600,1,3,2019,-1,5,0.333
788,에이스토리,kosdaq,2019-07-19,14300,12900,-1,3,2019,-2,6,0.333
789,대모(구.대모엔지니어링),kosdaq,2019-07-24,5200,8710,1,3,2019,-1,7,0.333
790,윌링스,kosdaq,2019-07-25,12500,22800,1,3,2019,0,8,0.333
791,세경하이테크,kosdaq,2019-07-30,35000,33250,-1,3,2019,-1,9,0.333
792,한국바이오젠,kosdaq,2019-08-01,6000,12000,1,3,2019,0,10,0.333
793,슈프리마아이디,kosdaq,2019-08-01,27000,34750,1,3,2019,1,11,0.333
794,덕산테코피아,kosdaq,2019-08-02,19000,17100,-1,3,2019,0,12,0.333
795,코윈테크,kosdaq,2019-08-05,34500,31050,-1,3,2019,-1,13,0.333
796,그린플러스,kosdaq,2019-08-07,10000,11150,1,3,2019,0,14,0.333
797,레이,kosdaq,2019-08-08,20000,25150,1,3,2019,1,15,0.333
798,에스피시스템스,kosdaq,2019-08-14,4900,9800,1,3,2019,2,16,0.333
799,나노브릭,kosdaq,2019-08-19,16000,14400,-1,3,2019,1,17,0.333
800,마니커에프앤지,kosdaq,2019-08-20,4000,8000,1,3,2019,2,18,0.333
801,네오크레마,kosdaq,2019-08-22,8000,9530,1,3,2019,3,19,0.333
802,한독크린텍,kosdaq,2019-09-05,15100,24500,1,3,2019,4,20,0.333
803,라닉스,kosdaq,2019-09-18,6000,7100,1,3,2019,5,21,0.333
804,올리패스,kosdaq,2019-09-20,20000,30600,1,3,2019,6,22,0.333
805,녹십자웰빙,kosdaq,2019-10-14,11300,11900,1,4,2019,1,1,0.273
806,아톤,kosdaq,2019-10-17,43000,46050,1,4,2019,2,2,0.273
807,라온피플,kosdaq,2019-10-18,14000,13300,-1,4,2019,1,3,0.273
808,팜스빌,kosdaq,2019-10-22,14000,16800,1,4,2019,2,4,0.273
809,엔바이오니아,kosdaq,2019-10-24,8200,10700,1,4,2019,3,5,0.273
810,케이엔제이,kosdaq,2019-10-25,11000,15700,1,4,2019,4,6,0.273
811,캐리소프트,kosdaq,2019-10-29,9000,12100,1,4,2019,5,7,0.273
812,지누스(유가),kospi,2019-10-30,70000,73500,1,4,2019,6,8,0.273
813,티라유텍,kosdaq,2019-10-31,12050,24100,1,4,2019,7,9,0.273
814,미디어젠,kosdaq,2019-11-05,10600,11250,1,4,2019,8,10,0.273
815,자이에스앤디(유가),kospi,2019-11-06,5200,6650,1,4,2019,9,11,0.273
816,아이티엠반도체,kosdaq,2019-11-07,26000,26750,1,4,2019,10,12,0.273
817,라파스,kosdaq,2019-11-11,20000,19950,-1,4,2019,9,13,0.273
818,한화시스템(유가),kospi,2019-11-13,12250,11600,-1,4,2019,8,14,0.273
819,제테마,kosdaq,2019-11-14,21000,20100,-1,4,2019,7,15,0.273
820,에스제이그룹,kosdaq,2019-11-18,38600,43500,1,4,2019,8,16,0.273
821,현대에너지솔루션(유가),kospi,2019-11-19,18000,18200,1,4,2019,9,17,0.273
822,우양,kosdaq,2019-11-20,4200,6060,1,4,2019,10,18,0.273
823,코리아에셋투자증권,kosdaq,2019-11-20,10000,9900,-1,4,2019,9,19,0.273
824,씨에스베어링,kosdaq,2019-11-21,8400,8400,-1,4,2019,8,20,0.273
825,티움바이오,kosdaq,2019-11-22,12000,11800,-1,4,2019,7,21,0.273
826,센트랄모텍(유가),kospi,2019-11-25,6000,7650,1,4,2019,8,22,0.273
827,노터스,kosdaq,2019-11-27,20000,29750,1,4,2019,9,23,0.273
828,코리아센터,kosdaq,2019-11-29,18000,23000,1,4,2019,10,24,0.273
829,리메드,kosdaq,2019-12-06,13000,14100,1,4,2019,11,25,0.273
830,태웅로직스,kosdaq,2019-12-10,4500,8170,1,4,2019,12,26,0.273
831,제이엘케이인스펙션,kosdaq,2019-12-11,9000,8500,-1,4,2019,11,27,0.273
832,신테카바이오,kosdaq,2019-12-17,12000,14950,1,4,2019,12,28,0.273
833,메드팩토,kosdaq,2019-12-19,40000,40000,-1,4,2019,11,29,0.273
834,브릿지바이오테라퓨틱스,kosdaq,2019-12-20,60000,62400,1,4,2019,12,30,0.273
835,메탈라이프,kosdaq,2019-12-24,13000,26000,1,4,2019,13,31,0.273
836,천랩,kosdaq,2019-12-26,40000,42950,1,4,2019,14,32,0.273
837,피피아이,kosdaq,2019-12-26,7000,11000,1,4,2019,15,33,0.273
838,위세아이텍,kosdaq,2020-02-10,12000,13900,1,1,2020,1,1,0.455
839,서남,kosdaq,2020-02-20,3100,3900,1,1,2020,2,2,0.455
840,레몬,kosdaq,2020-02-28,7200,8620,1,1,2020,3,3,0.455
841,켄코아에어로스페이스,kosdaq,2020-03-03,10000,11500,1,1,2020,4,4,0.455
842,제이앤티씨,kosdaq,2020-03-04,11000,10200,-1,1,2020,3,5,0.455
843,서울바이오시스,kosdaq,2020-03-06,7500,13000,1,1,2020,4,6,0.455
844,플레이디,kosdaq,2020-03-12,8500,11250,1,1,2020,5,7,0.455
845,엔피디,kosdaq,2020-03-16,5400,4860,-1,1,2020,4,8,0.455
846,드림씨아이에스,kosdaq,2020-05-22,14900,28000,1,2,2020,1,1,0.5
847,에스씨엠생명과학,kosdaq,2020-06-17,17000,29500,1,2,2020,2,2,0.5
848,엘이티,kosdaq,2020-06-22,7800,15600,1,2,2020,3,3,0.5
849,젠큐릭스,kosdaq,2020-06-25,22700,25100,1,2,2020,4,4,0.5
850,마크로밀엠브레인,kosdaq,2020-07-01,6800,13600,1,3,2020,1,1,1.0
851,SK바이오팜(유가),kospi,2020-07-02,49000,98000,1,3,2020,2,2,1.0
852,위더스제약,kosdaq,2020-07-03,15900,31800,1,3,2020,3,3,1.0
853,신도기연,kosdaq,2020-07-06,16000,32000,1,3,2020,4,4,1.0
854,소마젠,kosdaq,2020-07-13,11000,11650,1,3,2020,5,5,1.0
855,에이프로,kosdaq,2020-07-16,21600,43200,1,3,2020,6,6,1.0
856,티에스아이,kosdaq,2020-07-22,10000,20000,1,3,2020,7,7,1.0
857,솔트룩스,kosdaq,2020-07-23,25000,40000,1,3,2020,8,8,1.0
858,제놀루션,kosdaq,2020-07-24,14000,28000,1,3,2020,9,9,1.0
859,더네이쳐홀딩스,kosdaq,2020-07-27,46000,41400,-1,3,2020,8,10,1.0
860,엠투아이,kosdaq,2020-07-29,15600,18850,1,3,2020,9,11,1.0
861,이엔드디,kosdaq,2020-07-30,14400,18200,1,3,2020,10,12,1.0
862,와이팜,kosdaq,2020-07-31,11000,15550,1,3,2020,11,13,1.0
863,이루다,kosdaq,2020-08-06,9000,18000,1,3,2020,12,14,1.0
864,한국파마,kosdaq,2020-08-10,9000,18000,1,3,2020,13,15,1.0
865,영림원소프트랩,kosdaq,2020-08-12,11500,17600,1,3,2020,14,16,1.0
866,브랜드엑스코퍼레이션,kosdaq,2020-08-13,13000,12900,-1,3,2020,13,17,1.0
867,미투젠,kosdaq,2020-08-18,27000,29100,1,3,2020,14,18,1.0
868,셀레믹스,kosdaq,2020-08-21,20000,24900,1,3,2020,15,19,1.0
869,아이디피,kosdaq,2020-08-24,9800,13200,1,3,2020,16,20,1.0
870,피엔케이피부임상연구센타,kosdaq,2020-09-09,18300,28000,1,3,2020,17,21,1.0
871,카카오게임즈,kosdaq,2020-09-10,24000,48000,1,3,2020,18,22,1.0
872,이오플로우,kosdaq,2020-09-14,19000,21750,1,3,2020,19,23,1.0
873,압타머사이언스,kosdaq,2020-09-16,25000,28850,1,3,2020,20,24,1.0
874,핌스,kosdaq,2020-09-18,19000,21000,1,3,2020,21,25,1.0
875,비비씨,kosdaq,2020-09-21,30700,27650,-1,3,2020,20,26,1.0
876,박셀바이오,kosdaq,2020-09-22,30000,27000,-1,3,2020,19,27,1.0
877,비나텍,kosdaq,2020-09-23,33000,44000,1,3,2020,20,28,1.0
878,원방테크,kosdaq,2020-09-24,54300,48900,-1,3,2020,19,29,1.0
879,넥스틴,kosdaq,2020-10-08,75400,71100,-1,4,2020,-1,1,0.655
880,하이브(구.빅히트)(유가),kospi,2020-10-15,135000,270000,1,4,2020,0,2,0.655
881,피플바이오,kosdaq,2020-10-19,20000,18000,-1,4,2020,-1,3,0.655
882,미코바이오메드,kosdaq,2020-10-22,15000,16100,1,4,2020,0,4,0.655
883,바이브컴퍼니,kosdaq,2020-10-28,28000,40000,1,4,2020,1,5,0.655
884,센코,kosdaq,2020-10-29,13000,13350,1,4,2020,2,6,0.655
885,위드텍,kosdaq,2020-10-30,25000,37100,1,4,2020,3,7,0.655
886,소룩스,kosdaq,2020-11-06,10000,20000,1,4,2020,4,8,0.655
887,교촌에프앤비(유가),kospi,2020-11-12,12300,23850,1,4,2020,5,9,0.655
888,네패스아크,kosdaq,2020-11-17,26500,36200,1,4,2020,6,10,0.655
889,고바이오랩,kosdaq,2020-11-18,15000,30000,1,4,2020,7,11,0.655
890,에이플러스에셋어드바이저(유가),kospi,2020-11-20,7500,8100,1,4,2020,8,12,0.655
891,티앤엘,kosdaq,2020-11-20,36000,72000,1,4,2020,9,13,0.655
892,하나기술,kosdaq,2020-11-25,35000,70000,1,4,2020,10,14,0.655
893,제일전기공업,kosdaq,2020-11-26,17000,34000,1,4,2020,11,15,0.655
894,앱코,kosdaq,2020-12-02,24300,30150,1,4,2020,12,16,0.655
895,엔에프씨,kosdaq,2020-12-02,13400,20700,1,4,2020,13,17,0.655
896,포인트모바일,kosdaq,2020-12-03,15000,30000,1,4,2020,14,18,0.655
897,클리노믹스,kosdaq,2020-12-04,13900,18500,1,4,2020,15,19,0.655
898,명신산업(유가),kospi,2020-12-07,6500,13000,1,4,2020,16,20,0.655
899,퀀타매트릭스,kosdaq,2020-12-09,25500,25050,-1,4,2020,15,21,0.655
900,엔젠바이오,kosdaq,2020-12-10,14000,28000,1,4,2020,16,22,0.655
901,인바이오,kosdaq,2020-12-11,5800,11600,1,4,2020,17,23,0.655
902,티엘비,kosdaq,2020-12-14,38000,75900,1,4,2020,18,24,0.655
903,에프앤가이드,kosdaq,2020-12-17,7000,14000,1,4,2020,19,25,0.655
904,알체라,kosdaq,2020-12-21,10000,20000,1,4,2020,20,26,0.655
905,프리시젼바이오,kosdaq,2020-12-22,12500,25000,1,4,2020,21,27,0.655
906,석경에이티,kosdaq,2020-12-23,10000,20000,1,4,2020,22,28,0.655
907,지놈앤컴퍼니,kosdaq,2020-12-23,40000,80000,1,4,2020,23,29,0.655
908,엔비티,kosdaq,2021-01-21,19000,38000,1,1,2021,1,1,0.793
909,선진뷰티사이언스,kosdaq,2021-01-27,11500,23000,1,1,2021,2,2,0.793
910,모비릭스,kosdaq,2021-01-28,14000,28000,1,1,2021,3,3,0.793
911,씨앤투스성진,kosdaq,2021-01-28,32000,31700,-1,1,2021,2,4,0.793
912,핑거,kosdaq,2021-01-29,16000,32000,1,1,2021,3,5,0.793
913,솔루엠(유가),kospi,2021-02-02,17000,34000,1,1,2021,4,6,0.793
914,레인보우로보틱스,kosdaq,2021-02-03,10000,20000,1,1,2021,5,7,0.793
915,와이더플래닛,kosdaq,2021-02-03,16000,24900,1,1,2021,6,8,0.793
916,아이퀘스트,kosdaq,2021-02-05,11000,22000,1,1,2021,7,9,0.793
917,프레스티지바이오파마(유가),kospi,2021-02-05,32000,28800,-1,1,2021,6,10,0.793
918,피엔에이치테크,kosdaq,2021-02-16,18000,20500,1,1,2021,7,11,0.793
919,오로스테크놀로지,kosdaq,2021-02-24,21000,42000,1,1,2021,8,12,0.793
920,씨이랩,kosdaq,2021-02-24,35000,46600,1,1,2021,9,13,0.793
921,유일에너테크,kosdaq,2021-02-25,16000,32000,1,1,2021,10,14,0.793
922,뷰노,kosdaq,2021-02-26,21000,32900,1,1,2021,11,15,0.793
923,나노씨엠에스,kosdaq,2021-03-09,20000,33000,1,1,2021,12,16,0.793
924,싸이버원,kosdaq,2021-03-11,9500,18000,1,1,2021,13,17,0.793
925,프레스티지바이오로직스,kosdaq,2021-03-11,12400,12100,-1,1,2021,12,18,0.793
926,네오이뮨텍,kosdaq,2021-03-16,7500,15000,1,1,2021,13,19,0.793
927,바이오다인,kosdaq,2021-03-17,30000,40000,1,1,2021,14,20,0.793
928,SK바이오사이언스(유가),kospi,2021-03-18,65000,130000,1,1,2021,15,21,0.793
929,라이프시맨틱스,kosdaq,2021-03-23,12500,25000,1,1,2021,16,22,0.793
930,제노코,kosdaq,2021-03-24,36000,65000,1,1,2021,17,23,0.793
931,자이언트스텝,kosdaq,2021-03-24,11000,22000,1,1,2021,18,24,0.793
932,엔시스,kosdaq,2021-04-01,19000,38000,1,2,2021,1,1,0.75
933,이삭엔지니어링,kosdaq,2021-04-21,11500,23000,1,2,2021,2,2,0.75
934,해성티피씨,kosdaq,2021-04-21,13000,26000,1,2,2021,3,3,0.75
935,쿠콘,kosdaq,2021-04-28,45000,80000,1,2,2021,4,4,0.75
936,SK아이이테크놀로지(유가),kospi,2021-05-11,105000,210000,1,2,2021,5,5,0.75
937,에이치피오,kosdaq,2021-05-14,22200,20000,-1,2,2021,4,6,0.75
938,씨앤씨인터내셔널,kosdaq,2021-05-17,47500,47250,-1,2,2021,3,7,0.75
939,샘씨엔에스,kosdaq,2021-05-20,6500,6400,-1,2,2021,2,8,0.75
940,삼영에스앤씨,kosdaq,2021-05-21,11000,22000,1,2,2021,3,9,0.75
941,진시스템,kosdaq,2021-05-26,20000,19100,-1,2,2021,2,10,0.75
942,제주맥주,kosdaq,2021-05-26,3200,4780,1,2,2021,3,11,0.75
943,에이디엠코리아,kosdaq,2021-06-03,3800,7600,1,2,2021,4,12,0.75
944,엘비루셈,kosdaq,2021-06-11,14000,18000,1,2,2021,5,13,0.75
945,라온테크,kosdaq,2021-06-17,18000,20250,1,2,2021,6,14,0.75
946,이노뎁,kosdaq,2021-06-18,18000,22200,1,2,2021,7,15,0.75
947,아모센스,kosdaq,2021-06-25,12400,12250,-1,2,2021,6,16,0.75
948,오비고,kosdaq,2021-07-13,14300,19200,1,3,2021,1,1,0.375
949,에스디바이오센서(유가),kospi,2021-07-16,52000,57000,1,3,2021,2,2,0.375
950,큐라클,kosdaq,2021-07-22,25000,36500,1,3,2021,3,3,0.375
951,맥스트,kosdaq,2021-07-27,15000,30000,1,3,2021,4,4,0.375
952,에브리봇,kosdaq,2021-07-28,36700,33050,-1,3,2021,3,5,0.375
953,카카오뱅크(유가),kospi,2021-08-06,39000,53700,1,3,2021,4,6,0.375
954,에이치케이이노엔,kosdaq,2021-08-09,59000,68100,1,3,2021,5,7,0.375
955,크래프톤(유가),kospi,2021-08-10,498000,448500,-1,3,2021,4,8,0.375
956,원티드랩,kosdaq,2021-08-11,35000,70000,1,3,2021,5,9,0.375
957,플래티어,kosdaq,2021-08-12,11000,22000,1,3,2021,6,10,0.375
958,엠로,kosdaq,2021-08-13,22600,32700,1,3,2021,7,11,0.375
959,한컴라이프케어(유가),kospi,2021-08-17,13700,16050,1,3,2021,8,12,0.375
960,딥노이드,kosdaq,2021-08-17,42000,72000,1,3,2021,9,13,0.375
961,롯데렌탈(유가),kospi,2021-08-19,59000,57500,-1,3,2021,8,14,0.375
962,브레인즈컴퍼니,kosdaq,2021-08-19,25000,50000,1,3,2021,9,15,0.375
963,아주스틸(유가),kospi,2021-08-20,15100,30200,1,3,2021,10,16,0.375
964,바이젠셀,kosdaq,2021-08-25,52700,73500,1,3,2021,11,17,0.375
965,일진하이솔루스(유가),kospi,2021-09-01,34300,68600,1,3,2021,12,18,0.375
966,에이비온,kosdaq,2021-09-08,17000,16800,-1,3,2021,11,19,0.375
967,와이엠텍,kosdaq,2021-09-10,28000,56000,1,3,2021,12,20,0.375
968,현대중공업(유가),kospi,2021-09-17,60000,111000,1,3,2021,13,21,0.375
969,바이오플러스,kosdaq,2021-09-27,31500,39500,1,3,2021,14,22,0.375
970,프롬바이오,kosdaq,2021-09-28,18000,19250,1,3,2021,15,23,0.375
971,실리콘투,kosdaq,2021-09-29,27200,38500,1,3,2021,16,24,0.375
972,에스앤디,kosdaq,2021-09-29,28000,25200,-1,3,2021,15,25,0.375
973,아스플로,kosdaq,2021-10-07,25000,36000,1,4,2021,1,1,0.6
974,원준,kosdaq,2021-10-07,65000,102000,1,4,2021,2,2,0.6
975,씨유테크,kosdaq,2021-10-08,6000,12000,1,4,2021,3,3,0.6
976,케이카(유가),kospi,2021-10-13,25000,22500,-1,4,2021,2,4,0.6
977,지아이텍,kosdaq,2021-10-21,14000,28000,1,4,2021,3,5,0.6
978,차백신연구소,kosdaq,2021-10-22,11000,11700,1,4,2021,4,6,0.6
979,아이패밀리에스씨,kosdaq,2021-10-28,25000,28650,1,4,2021,5,7,0.6
980,지앤비에스엔지니어링,kosdaq,2021-10-29,17400,24000,1,4,2021,6,8,0.6
981,리파인,kosdaq,2021-10-29,21000,18900,-1,4,2021,5,9,0.6
982,엔켐,kosdaq,2021-11-01,42000,81600,1,4,2021,6,10,0.6
983,피코그램,kosdaq,2021-11-03,12500,25000,1,4,2021,7,11,0.6
984,카카오페이(유가),kospi,2021-11-03,90000,180000,1,4,2021,8,12,0.6
985,지니너스,kosdaq,2021-11-08,20000,18000,-1,4,2021,7,13,0.6
986,디어유,kosdaq,2021-11-10,26000,52000,1,4,2021,8,14,0.6
987,비트나인,kosdaq,2021-11-10,11000,15250,1,4,2021,9,15,0.6
988,아이티아이즈,kosdaq,2021-11-11,14300,28600,1,4,2021,10,16,0.6
989,지오엘리먼트,kosdaq,2021-11-11,10000,20000,1,4,2021,11,17,0.6
990,트윔,kosdaq,2021-11-17,22000,44000,1,4,2021,12,18,0.6
991,바이옵트로,kosdaq,2021-11-18,7500,7300,-1,4,2021,11,19,0.6
992,알비더블유,kosdaq,2021-11-22,21400,42800,1,4,2021,12,20,0.6
993,마인즈랩,kosdaq,2021-11-23,30000,29650,-1,4,2021,11,21,0.6
994,툴젠,kosdaq,2021-12-10,70000,82300,1,4,2021,12,22,0.6
995,케이티비네트워크,kosdaq,2021-12-16,5800,6030,1,4,2021,13,23,0.6
996,래몽래인,kosdaq,2021-12-30,15000,26000,1,4,2021,14,24,0.6
997,오토앤,kosdaq,2022-01-20,5300,8800,1,1,2022,1,1,0.583
998,케이옥션,kosdaq,2022-01-24,20000,40000,1,1,2022,2,2,0.583
999,애드바이오텍,kosdaq,2022-01-24,7000,6730,-1,1,2022,1,3,0.583
1000,LG에너지솔루션(유가),kospi,2022-01-27,300000,597000,1,1,2022,2,4,0.583
1001,이지트로닉스,kosdaq,2022-02-04,22000,23450,1,1,2022,3,5,0.583
1002,스코넥,kosdaq,2022-02-04,13000,26000,1,1,2022,4,6,0.583
1003,아셈스,kosdaq,2022-02-07,8000,16000,1,1,2022,5,7,0.583
1004,나래나노텍,kosdaq,2022-02-08,17500,15750,-1,1,2022,4,8,0.583
1005,인카금융서비스,kosdaq,2022-02-16,18000,17250,-1,1,2022,3,9,0.583
1006,바이오에프디엔씨,kosdaq,2022-02-21,28000,25200,-1,1,2022,2,10,0.583
1007,퓨런티어,kosdaq,2022-02-23,15000,30000,1,1,2022,3,11,0.583
1008,브이씨,kosdaq,2022-02-24,15000,17400,1,1,2022,4,12,0.583
1009,스톤브릿지벤처스,kosdaq,2022-02-25,8000,7200,-1,1,2022,3,13,0.583
1010,풍원정밀,kosdaq,2022-02-28,15200,20200,1,1,2022,4,14,0.583
1011,비씨엔씨,kosdaq,2022-03-03,13000,26000,1,1,2022,5,15,0.583
1012,노을,kosdaq,2022-03-03,10000,9670,-1,1,2022,4,16,0.583
1013,모아데이타,kosdaq,2022-03-10,20000,18000,-1,1,2022,3,17,0.583
1014,유일로보틱스,kosdaq,2022-03-18,10000,20000,1,1,2022,4,18,0.583
1015,공구우먼,kosdaq,2022-03-23,20000,21600,1,1,2022,5,19,0.583
1016,세아메카닉스,kosdaq,2022-03-24,4400,8800,1,1,2022,6,20,0.583
1017,지투파워,kosdaq,2022-04-01,16400,32800,1,2,2022,1,1,0.3
1018,포바이포,kosdaq,2022-04-28,17000,34000,1,2,2022,2,2,0.3
1019,대명에너지,kosdaq,2022-05-16,15000,15450,1,2,2022,3,3,0.3
1020,가온칩스,kosdaq,2022-05-20,14000,24150,1,2,2022,4,4,0.3
1021,청담글로벌,kosdaq,2022-06-03,6000,6500,1,2,2022,5,5,0.3
1022,범한퓨얼셀,kosdaq,2022-06-17,40000,41000,1,2,2022,6,6,0.3
1023,비플라이소프트,kosdaq,2022-06-20,10000,10500,1,2,2022,7,7,0.3
1024,위니아에이드,kosdaq,2022-06-23,16200,14600,-1,2,2022,6,8,0.3
1025,레이저쎌,kosdaq,2022-06-24,16000,20600,1,2,2022,7,9,0.3
1026,보로노이,kosdaq,2022-06-24,40000,36000,-1,2,2022,6,10,0.3
1027,넥스트칩,kosdaq,2022-07-01,13000,17150,1,3,2022,1,1,0.6
1028,코난테크놀로지,kosdaq,2022-07-07,25000,35300,1,3,2022,2,2,0.6
1029,영창케미칼,kosdaq,2022-07-14,18600,18400,-1,3,2022,1,3,0.6
1030,에이치피에스피,kosdaq,2022-07-15,25000,50000,1,3,2022,2,4,0.6
1031,루닛,kosdaq,2022-07-21,30000,30800,1,3,2022,3,5,0.6
1032,에이프릴바이오,kosdaq,2022-07-28,16000,19500,1,3,2022,4,6,0.6
1033,성일하이텍,kosdaq,2022-07-28,50000,99900,1,3,2022,5,7,0.6
1034,아이씨에이치,kosdaq,2022-07-29,34000,30600,-1,3,2022,4,8,0.6
1035,수산인더스트리(유가),kospi,2022-08-01,35000,33000,-1,3,2022,3,9,0.6
